Name of District,Name of Province,Name of Division,Status of Mouza_Rural,Status of Mouza_Urban,Status of Mouza_PartlyUrban,Status of Mouza_Forest,Status of Mouza_UnPopulated,Total Number of Settlements,Major Crop Wheat,Major Crop Rice,Major Crop Cotton,Major Crop Sugarcane,Major Crop Maize,Major Crop Pulses,Major Crop Orchard,Major Crop Vegetables,Irrigation System Canal,Irrigation System River,Irrigation System Tubwell/Well,Irrigation System Ravine/Stream,Irrigation System Spring/Karez,Irrigation System Arid,Irrigation System Flooding Torrent,Irrigation System Others,Water Course Improvement Scheme Canal Irrigation,Total Number of Water Courses,Number of Improved Water Courses,Total Length of Improved Water Courses (Meters),Number of Drip Systems,Number of Sprinkler Systems,Number of Other Irrigation Systems,No Modern Irrigation System,Depth of Water Table in ft,Waste Management,Sweet Underground Water,Distance to Sweet Water in km,Source of Drinking Water: Govt Piped Supply,Source of Drinking Water: Personal Hand/Electric Pump,Source of Drinking Water: Water Filtration Plant,Source of Drinking Water: Reverse Osmosis Plant,Source of Drinking Water: Pump on Canal,Source of Drinking Water: Well,Source of Drinking Water: River/Canal,Source of Drinking Water: Spring/Karez,Source of Drinking Water: Pond/Toba,Source of Drinking Water: Others,Sewerage System: Cemented Drain,Sewerage System: Coverage,Population Welfare Centre Available,Population Welfare Centre Distance (km),Basic Health Unit Available,Basic Health Unit Distance (km),Rural Health Centre Available,Rural Health Centre Distance (km),NGO Dispensary Available,NGO Dispensary Distance (km),Child/Mother Care Centre Available,Child/Mother Care Centre Distance (km),Private Doctor (MBBS) Available,Private Doctor (MBBS) Distance (km),Hospital/Dispensary Available,Hospital/Dispensary Distance (km),Facility of Midwife Available,Facility of Midwife Distance (km),Boys Primary School Available,Boys Primary School Distance (km),Boys Middle School Available,Boys Middle School Distance (km),Boys High/Higher Secondary School Available,Boys High/Higher Secondary School Distance (km),Boys College Available,Boys College Distance (km),Boys Vocational Institute Available,Boys Vocational Institute Distance (km),Boys Religious Institute Available,Boys Religious Institute Distance (km),Girls Primary School Available,Girls Primary School Distance (km),Girls Middle School Available,Girls Middle School Distance (km),Girls High/Higher Secondary School Available,Girls High/Higher Secondary School Distance (km),Girls College Available,Girls College Distance (km),Girls Vocational Institute Available,Girls Vocational Institute Distance (km),Girls Religious Institute Available,Girls Religious Institute Distance (km),Male Cricket Playground,Male Hockey Playground,Male Football Playground,Male Volleyball Playground,Male Kabbady Playground,Male Other Sports Playground,Male None Playground,Female Cricket Playground,Female Hockey Playground,Female Football Playground,Female Volleyball Playground,Female Kabbady Playground,Female Other Sports Playground,Female None Playground,Dispensary/Veterinary Centre Available,Dispensary/Veterinary Centre Distance (km),Private Veterinary Facility Available,Private Veterinary Facility Distance (km),Mobile Veterinary Dispenser Available,No Farms,Number of Poultry Farms,Number of Livestock/Dairy Farms,Number of Fish Farms,Electricity Availability,Distance to Electricity (km),Alternate Source: Solar Energy,Alternate Source: Bio Gas,Alternate Source: Generator,Alternate Source: Others,No Alternate Electricity Source,Fuel: Sui Gas (Natural Gas),Fuel: LPG,Fuel: Kerosene Oil,Fuel: Wood,Fuel: Coal,Road Type,Unmetalled Road Distance (km),Media: Radio,Media: TV,Media: Cable,Media: Newspaper,No Media Sources,Market/Bazar,Market/Bazar Distance (km),Cold Storage Available,Cold Storage Distance (km),Govt Procurement Centre Available,Govt Procurement Centre Distance (km),Agricultural Machinery Workshop Available,Agricultural Machinery Workshop Distance (km),Fuel Pump Available,Fuel Pump Distance (km),Transport Facility Available,Transport Facility Distance (km),CNG/LPG Facility Available,CNG/LPG Facility Distance (km),Wholesale Market: Livestock Available,Wholesale Market: Livestock Distance (km),Wholesale Market: Grains Available,Wholesale Market: Grains Distance (km),Wholesale Market: Fruits/Vegetables Available,Wholesale Market: Fruits/Vegetables Distance (km),PCO Available,PCO Distance (km),Mobile Signals Available,Mobile Signals Distance (km),Internet: Fixed Line DSL Available,Internet: Fixed Line DSL Distance (km),Internet: Cable Net Available,Internet: Cable Net Distance (km),Internet: Mobile Net Available,Internet: Mobile Net Distance (km),Community Grazing Land Available,Community Grazing Land (Acres),Community Forest Available,Community Forest Area (Acres),Natural Disaster in Last 5 Years,Disaster Type: Drought,Disaster Type: Flood,Disaster Type: Earthquake,Disaster Type: Others,Credit Source: ZTBL,Credit Source: Cooperative Bank,Credit Source: Commercial Bank,Credit Source: Micro Finance Bank,Credit Source: NGO,Credit Source: RSP,Credit Source: Government,Credit Source: Broker,Credit Source: Others,Online Commercial Bank Available,Online Commercial Bank Distance (km),Reconciliation Committee Available,Reconciliation Committee Distance (km),Post Office Available,Post Office Distance (km),Police Station/Post Available,Police Station/Post Distance (km),NGO: Male NGO,NGO: Male Community Org,NGO: Male Citizen Community Board,NGO: Male Community Centre/Library,NGO: Male None,NGO: Female NGO,NGO: Female Community Org,NGO: Female Citizen Community Board,NGO: Female Community Centre/Library,NGO: Female None,Industry: Large Scale,Industry: Medium Scale,Industry: Small Scale,Industry: Cottage,Industry: None,Employment: Male Service,Employment: Male Agriculture,Employment: Male Trade,Employment: Male Industry,Employment: Male Personal Business,Employment: Male Overseas,Employment: Male Labour,Employment: Female Service,Employment: Female Agriculture,Employment: Female Trade,Employment: Female Industry,Employment: Female Personal Business,Employment: Female Overseas,Employment: Female Labour,Total Villages,Total Tehsils,Construction Type of Majority of Houses_1,Construction Type of Majority of Houses_2,Construction Type of Majority of Houses_3,Construction Type of Majority of Houses_4,Status Type of Majority of Streets_1,Status Type of Majority of Streets_2,Status Type of Majority of Streets_3,Status Type of Majority of Streets_4,Waste Management Type_0,Waste Management Type_1,Waste Management Type_2,Toilet Facility in Majority of Houses_0,Toilet Facility in Majority of Houses_1
BANNU DISTRICT,KHYBER PAKHTUNKHWA,BANNU DIVISION,0.937343358,0.015037594,0.045112782,0,0.002506266,1719,0.955380577,0.580052493,0.005249344,0.17847769,0.632545932,0.028871391,0.181102362,0.293963255,0.475065617,0.044619423,0.128608924,0.212598425,0.039370079,0.286089239,0.031496063,0.018372703,0.052631579,84,39,11660,0,0,0,1,193.358396,0.027638191,0.969849246,3.833333333,0.103015075,0.675879397,0.012562814,0.005025126,0.08040201,0.170854271,0.057788945,0.118090452,0.095477387,0.035175879,3.51758794,3.836683417,0.115577889,14.41477273,0.135678392,13.13662791,0.130653266,13.50578035,0.067839196,17.87331536,0.123115578,15.05730659,0.150753769,17.66863905,0.188442211,11.3126935,0.190954774,15.14596273,0.746231156,3.603960396,0.334170854,6.475471698,0.206030151,9.92721519,0.060301508,17.73796791,0.020100503,20.23589744,0.527638191,8.117021277,0.600502513,5.320754717,0.281407035,10.58741259,0.128140704,14.67723343,0.022613065,18.46272494,0.015075377,20.29336735,0.369346734,14.53784861,0.050251256,0.005025126,0.032663317,0.022613065,0.002512563,0.002512563,0.939698492,0,0,0,0,0,0,1,0.170854271,8.996969697,0.253768844,12.39393939,0.155778894,0.896984925,33,167,14,1,0,0.819095477,0.010050251,0.115577889,0,0.175879397,0.120822622,0.267352185,0.066838046,0.982005141,0.079691517,Metaled,7.659090909,0.751256281,0.5,0.030150754,0.407035176,0.118090452,0.148241206,16.56047198,0.01758794,24.37340153,0.020100503,83.01794872,0.037688442,19.09138381,0.306532663,13.98913043,0.748743719,13.98,0.092964824,21.26592798,0.050251256,15.76719577,0.030150754,20.88601036,0.040201005,18.40314136,0.113065327,16.55681818,0.703517588,15.59322034,0.148241206,17.45427729,0.087939698,19.5399449,0.64321608,20.63380282,0.140703518,14263,0.095477387,14624,0.198492462,0.155778894,0.030150754,0.015075377,0.005025126,0.540201005,0.075376884,0.047738693,0.005025126,0.015075377,0.002512563,0.037688442,0.012562814,0.452261307,0.01758794,20.20204604,0.06281407,18.12064343,0.138190955,14.47230321,0.128140704,9.279538905,0.030150754,0.007537688,0.005025126,0.010050251,0.954773869,0.025125628,0.007537688,0.002512563,0.007537688,0.964824121,0.002512563,0.005025126,0.015075377,0.035175879,0.942211055,2,2,2,0,2,2,2,0,0,0,0,0,0,0,398,5,0.057788945,0.291457286,0.645728643,0.005025126,0.170854271,0.012562814,0.135678392,0.680904523,0.972361809,0.007537688,0.020100503,0.351758794,0.648241206
LAKKI MARWAT DISTRICT,KHYBER PAKHTUNKHWA,BANNU DIVISION,0.920187793,0.023474178,0.051643192,0,0.004694836,429,0.995305164,0.107981221,0.004694836,0.037558685,0.478873239,0.201877934,0.136150235,0.356807512,0.215962441,0.018779343,0.366197183,0.122065728,0.117370892,0.629107981,0.061032864,0.009389671,0.018779343,8,6,3700,0,0,0,1,329.4835681,0.004716981,0.962264151,11,0.311320755,0.608490566,0.014150943,0,0.033018868,0.089622642,0.014150943,0.16509434,0.188679245,0.014150943,3.801886792,3.929245283,0.183962264,11.39306358,0.212264151,10.41317365,0.117924528,11.48663102,0.066037736,14.87878788,0.146226415,15.64640884,0.094339623,14.484375,0.20754717,11.05357143,0.108490566,13.20634921,0.896226415,6.772727273,0.504716981,6.685714286,0.330188679,9.267605634,0.051886792,16.20895522,0.051886792,22.48258706,0.556603774,12.5212766,0.764150943,7.8,0.363207547,8.488888889,0.188679245,13.73837209,0.033018868,22.1804878,0.033018868,23.63414634,0.287735849,16.16556291,0.089622642,0.014150943,0.047169811,0.056603774,0.051886792,0.014150943,0.900943396,0,0,0,0,0,0,1,0.169811321,11.43181818,0.150943396,13.25555556,0.183962264,0.877358491,118,139,80,1,0,0.754716981,0.009433962,0.023584906,0.004716981,0.231132075,0.028301887,0.051886792,0.014150943,0.976415094,0.009433962,Metaled,6.674418605,0.641509434,0.731132075,0.018867925,0.264150943,0.075471698,0.080188679,18.34871795,0.037735849,28.06862745,0.028301887,23.6407767,0.066037736,19.15151515,0.405660377,13.76190476,0.754716981,10.59615385,0.103773585,36.25789474,0.070754717,15.68020305,0.169811321,16.55681818,0.113207547,20.21808511,0.160377358,16.14606742,0.655660377,13.54794521,0.136792453,18.73770492,0.070754717,24.7106599,0.566037736,16.06521739,0.216981132,12415,0.160377358,4586,0.358490566,0.231132075,0.061320755,0.051886792,0.075471698,0.698113208,0,0.051886792,0,0.004716981,0,0,0,0.382075472,0.037735849,18.43627451,0.216981132,16.95180723,0.16509434,13.51977401,0.122641509,12.01075269,0.023584906,0.033018868,0.004716981,0.004716981,0.943396226,0.023584906,0.009433962,0,0,0.966981132,0.009433962,0,0.014150943,0.014150943,0.962264151,2,1,2,0,2,0,2,0,0,0,0,0,0,0,213,3,0.033018868,0.278301887,0.688679245,0,0.155660377,0.018867925,0.023584906,0.801886792,0.995283019,0.004716981,0,0.226415094,0.773584906
DERA ISMAIL KHAN DISTRICT,KHYBER PAKHTUNKHWA,DERA ISMAIL KHAN DIVISION,0.819248826,0.049295775,0.011737089,0,0.11971831,1152,0.980487805,0.390243902,0.073170732,0.463414634,0.524390244,0.126829268,0.153658537,0.202439024,0.404878049,0.07804878,0.317073171,0.070731707,0.041463415,0.4,0.258536585,0.026829268,0.104116223,220,155,150621,0,0,0,1,273.804878,0.032994924,0.6575,9.708029197,0.196473552,0.569269521,0.012594458,0,0.103274559,0.027707809,0.083123426,0.078085642,0.158690176,0.047858942,3.638888889,3.888888889,0.121212121,15.23850575,0.161616162,14.06325301,0.118686869,12.76790831,0.073232323,23.28610354,0.095959596,15.43296089,0.070707071,18.35054348,0.164141414,13.16918429,0.138888889,17.81524927,0.827848101,6.25,0.440203562,8.468181818,0.235443038,11.13245033,0.035443038,21.167979,0.020304569,38.19430052,0.415189873,11.07359307,0.681012658,7.26984127,0.304568528,10.21532847,0.13164557,13.16618076,0.025316456,22.71428571,0.020304569,36.15803109,0.275949367,15.0034965,0.083123426,0.005037783,0.027707809,0.093198992,0.020151134,0,0.886649874,0,0,0,0,0,0.002518892,0.997481108,0.113924051,13.44285714,0.162025316,15.40181269,0.095959596,0.903553299,81,19,48,1,0,0.796992481,0,0.032581454,0,0.195488722,0.015831135,0.084432718,0.026385224,0.994722955,0.023746702,Metaled,7.808988764,0.682619647,0.692695214,0.032745592,0.168765743,0.123425693,0.123115578,15.86532951,0.010050251,43.01269036,0.01758794,34.27109974,0.052763819,22.08222812,0.231155779,12.81699346,0.459798995,10.62790698,0.090680101,32.04155125,0.040302267,20.98687664,0.062972292,24.56451613,0.04534005,29.80738786,0.083123426,26.88186813,0.879093199,12.9375,0.095717884,28.82451253,0.073047859,34.44021739,0.829145729,12.67647059,0.128463476,197966,0.090452261,134758,0.125313283,0.050125313,0.055137845,0.010025063,0.020050125,0.700251889,0.017632242,0.274559194,0.090680101,0.002518892,0.035264484,0.047858942,0.141057935,0.236775819,0.027707809,30.92746114,0.171284635,23.98480243,0.133501259,11.61918605,0.105793451,14.15492958,0.032745592,0,0.002518892,0.005037783,0.962216625,0.020151134,0,0,0.002518892,0.979848866,0.007556675,0.012594458,0.040302267,0.113350126,0.833753149,2,1,2,0,2,0,2,0,0,0,0,0,0,0,424,6,0.025380711,0.35786802,0.591370558,0.025380711,0.107142857,0.084183673,0.091836735,0.716836735,0.967005076,0.027918782,0.005076142,0.254498715,0.745501285
TANK DISTRICT,KHYBER PAKHTUNKHWA,DERA ISMAIL KHAN DIVISION,0.84,0.02,0.03,0,0.11,251,1,0.1,0,0.08,0.27,0.5,0.02,0.12,0.19,0,0.08,0.16,0.02,0.48,0.55,0.03,0.01,1,1,1000,0,0,0,1,584.7070707,0.053763441,0.634408602,13.73529412,0.315217391,0.22826087,0.010869565,0,0.010869565,0.065217391,0.02173913,0.119565217,0.391304348,0.141304348,3.64516129,3.849462366,0.188888889,14.56164384,0.2,12.04166667,0.122222222,13.07594937,0.033333333,17.08045977,0.066666667,13.8452381,0.077777778,15.3373494,0.333333333,12.18333333,0.188888889,15.63013699,0.933333333,3.666666667,0.522222222,7.255813953,0.377777778,8.232142857,0.033333333,15.47126437,0.044444444,22.37209302,0.511111111,11.70454545,0.866666667,5,0.333333333,10.13333333,0.155555556,10.97368421,0.033333333,18,0,24.85555556,0.266666667,17.31818182,0.076923077,0,0.032967033,0.032967033,0,0,0.901098901,0,0,0,0,0,0,1,0.288888889,11.359375,0.144444444,15.81818182,0.055555556,0.866666667,21,16,2,1,0,0.868131868,0.010989011,0.010989011,0,0.131868132,0.011235955,0.06741573,0.02247191,0.988764045,0.033707865,Metaled,15.5862069,0.714285714,0.593406593,0.010989011,0.10989011,0.208791209,0.1,17.28395062,0.011111111,51.88764045,0.011111111,41.93258427,0.066666667,17.9047619,0.211111111,16.11267606,0.577777778,9.605263158,0.066666667,44.63095238,0.055555556,16.22352941,0.066666667,20.28571429,0.011111111,21.30337079,0.077777778,17.59036145,0.811111111,20.23529412,0.111111111,18.45,0.088888889,26.35365854,0.744444444,23.30434783,0.033333333,4120,0.022222222,425,0.433333333,0.266666667,0.066666667,0,0.133333333,0.755555556,0.022222222,0.288888889,0,0.011111111,0,0.011111111,0,0.2,0.011111111,24.58426966,0.044444444,22.24418605,0.177777778,13.82432432,0.144444444,11.51948052,0.010989011,0.021978022,0.010989011,0,0.956043956,0.010989011,0.010989011,0.010989011,0,0.967032967,0,0,0.010989011,0.010989011,0.978021978,2,2,2,0,2,2,2,0,0,0,0,0,0,0,100,2,0.032967033,0.32967033,0.615384615,0.021978022,0.131868132,0.208791209,0,0.659340659,0.946236559,0.043010753,0.010752688,0.142857143,0.857142857
ABBOTTABAD DISTRICT,KHYBER PAKHTUNKHWA,HAZARA DIVISION,0.945558739,0.014326648,0.040114613,0,0,1594,0.921965318,0.005780347,0,0.00867052,0.965317919,0.002890173,0.020231214,0.083815029,0.002890173,0.002890173,0.026011561,0.040462428,0.069364162,0.942196532,0,0.00867052,0,0,0,0,0,0,0,1,187.4068768,0.028653295,0.985673352,55.2,0.461318052,0.40974212,0.00286533,0,0.051575931,0.100286533,0.00286533,0.558739255,0.014326648,0.014326648,3.492836676,3.770773639,0.180515759,10.34265734,0.206303725,9.292418773,0.128939828,11.52960526,0.048710602,20.5753012,0.11747851,13.81493506,0.166189112,17.78694158,0.220630372,11.6875,0.289398281,13.9516129,0.916905444,2.482758621,0.484240688,4.65,0.297994269,7.330612245,0.040114613,17.53134328,0.025787966,29.73529412,0.398280802,14.46666667,0.871060172,3.422222222,0.449856734,5.838541667,0.23782235,9.266917293,0.037249284,19.25297619,0.034383954,30.23145401,0.332378223,17.92274678,0.040114613,0.014326648,0.034383954,0.022922636,0.00286533,0.005730659,0.94269341,0,0,0,0,0,0,1,0.085959885,15.2539185,0.140401146,17.03666667,0.194842407,0.759312321,271,108,6,1,0,0.022922636,0.025787966,0.091690544,0.00286533,0.862464183,0.160458453,0.214899713,0.051575931,0.899713467,0.034383954,Metaled,7.191489362,0.593123209,0.977077364,0.146131805,0.280802292,0,0.160458453,13.77474403,0.05730659,29.85106383,0.040114613,27.25970149,0.040114613,24.76716418,0.071633238,18.73765432,0.88252149,18.3902439,0.171919771,22.71626298,0.020057307,27.68421053,0.080229226,24.73208723,0.083094556,23.3625,0.140401146,18.19,0.957020057,23.8,0.277936963,19.60714286,0.200573066,21.84946237,0.916905444,33.51724138,0.12034384,2774,0.103151862,10485,0.088825215,0,0,0.074498567,0.014326648,0.796561605,0.011461318,0.074498567,0.00286533,0.005730659,0,0.028653295,0,0.206303725,0.054441261,16.59393939,0.332378223,12.9527897,0.289398281,7.713709677,0.128939828,10.81907895,0.011461318,0.011461318,0.005730659,0.008595989,0.971346705,0.005730659,0.00286533,0.00286533,0.00286533,0.994269341,0.00286533,0.008595989,0.008595989,0.011461318,0.974212034,2,2,2,0,2,2,2,0,0,0,0,0,0,0,344,4,0.1747851,0.037249284,0.770773639,0.017191977,0.17765043,0.229226361,0.005730659,0.58739255,0.971346705,0.025787966,0.00286533,0.028653295,0.971346705
BATAGRAM DISTRICT,KHYBER PAKHTUNKHWA,HAZARA DIVISION,0.913461538,0,0.038461538,0.048076923,0,586,0.817307692,0.663461538,0,0.019230769,0.980769231,0,0.009615385,0.125,0.076923077,0.057692308,0.009615385,0.653846154,0.394230769,0.778846154,0,0.019230769,0.009615385,2,1,1000,0,0,0,1,137.3173077,0,1,0,0.375,0.288461538,0.019230769,0,0.048076923,0.346153846,0.298076923,0.836538462,0,0,3.548076923,3.682692308,0.25,9.717948718,0.317307692,7.309859155,0.153846154,10.56818182,0,23.77884615,0.048076923,13.38383838,0.038461538,19,0.125,16.58241758,0.096153846,13.84042553,1,0,0.673076923,5.382352941,0.403846154,6.741935484,0.019230769,31.91176471,0.009615385,44.59223301,0.730769231,8,0.846153846,7.125,0.384615385,8.84375,0.076923077,16.84375,0.009615385,31.89320388,0,44.32692308,0.480769231,10.66666667,0.009615385,0,0,0,0,0,0.990384615,0,0,0,0,0,0,1,0.038461538,11.2,0.019230769,12.2254902,0.028846154,0.586538462,166,77,1,2,0,0.625,0,0.567307692,0,0.076923077,0.009708738,0.291262136,0.155339806,1,0.097087379,Metaled,10.13043478,0.836538462,0.75,0.038461538,0.259615385,0.038461538,0.288461538,11.24324324,0.028846154,60.68316832,0.019230769,57.73529412,0,47.47115385,0.076923077,15.01041667,0.740384615,13.18518519,0.192307692,47.20238095,0.038461538,40.82,0,35.25,0.048076923,38.8989899,0.086538462,14.44210526,0.894230769,6.818181818,0.182692308,17.11764706,0.086538462,31.92631579,0.913461538,14.22222222,0.192307692,11573,0.201923077,30480,0.019230769,0,0,0,0.019230769,0.875,0,0.115384615,0,0.067307692,0,0,0.076923077,0.192307692,0.028846154,31.59405941,0.182692308,24.02352941,0.423076923,7.033333333,0.115384615,9.043478261,0.057692308,0.076923077,0,0,0.913461538,0.057692308,0.076923077,0,0,0.913461538,0,0,0,0.009615385,0.990384615,2,2,2,0,2,2,2,0,0,0,0,0,0,0,104,2,0.067307692,0.451923077,0.480769231,0,0.163461538,0.057692308,0,0.778846154,1,0,0,0.048076923,0.951923077
HARIPUR DISTRICT,KHYBER PAKHTUNKHWA,HAZARA DIVISION,0.878453039,0.008287293,0.066298343,0,0.046961326,1308,0.99132948,0,0.060693642,0.01734104,0.921965318,0.01734104,0.187861272,0.222543353,0.13583815,0.011560694,0.190751445,0.104046243,0.098265896,0.820809249,0,0.011560694,0.10982659,115,100,98410,0,0,0,1,165.9566474,0.031884058,0.994202899,5.5,0.501449275,0.434782609,0.008695652,0.002898551,0.023188406,0.426086957,0.008695652,0.272463768,0.011594203,0.020289855,3.110144928,3.698550725,0.176811594,13.85915493,0.179710145,11.50530035,0.12173913,12.91089109,0.04057971,22.12084592,0.072463768,19.86875,0.115942029,18.74098361,0.150724638,15.70989761,0.208695652,16.08424908,0.924637681,4.269230769,0.417391304,7.109452736,0.284057971,8.582995951,0.023188406,22.10385757,0.020289855,25.86686391,0.228985507,21.85338346,0.863768116,6.127659574,0.379710145,8.630841121,0.205797101,14.5,0.026086957,22.39285714,0.008695652,25.59064327,0.188405797,21.88214286,0.150724638,0.008695652,0.031884058,0.026086957,0.005797101,0.005797101,0.843478261,0,0,0,0,0,0.002898551,0.997101449,0.089855072,13.39490446,0.089855072,22.81210191,0.2,0.684057971,267,159,28,1,0,0.222543353,0.014450867,0.274566474,0.005780347,0.632947977,0.187861272,0.268786127,0.106936416,0.921965318,0.031791908,Metaled,6.930232558,0.563583815,0.942196532,0.248554913,0.24566474,0.01734104,0.11849711,19.39344262,0.011560694,35.49415205,0.014450867,24.96774194,0.060693642,24.16,0.13583815,19.11371237,0.780346821,11.40789474,0.098265896,21.84935897,0.014450867,26.2228739,0.069364162,24.59937888,0.069364162,23.22049689,0.153179191,22.75085324,0.921965318,23.37037037,0.378612717,26.4744186,0.274566474,24.13944223,0.86416185,22.72340426,0.130057803,12633,0.092485549,6190,0.034682081,0.00867052,0.00867052,0.005780347,0.014450867,0.715942029,0.008695652,0.463768116,0.017391304,0.026086957,0.026086957,0.026086957,0.023188406,0.249275362,0.063583815,20.3117284,0.210982659,17.21978022,0.190751445,11.05,0.072254335,11.65109034,0.026011561,0.020231214,0.00867052,0.014450867,0.945086705,0.01734104,0.005780347,0.005780347,0.002890173,0.971098266,0.014450867,0.00867052,0.034682081,0.011560694,0.936416185,2,2,2,0,2,2,2,0,0,0,0,0,0,0,352,3,0.304347826,0.043478261,0.649275362,0.002898551,0.347826087,0.402898551,0.008695652,0.24057971,0.968115942,0.017391304,0.014492754,0.098550725,0.901449275
MANSEHRA DISTRICT,KHYBER PAKHTUNKHWA,HAZARA DIVISION,0.937027708,0.005037783,0.04534005,0,0.012594458,1682,0.913265306,0.068877551,0,0.00255102,0.966836735,0.012755102,0.035714286,0.209183673,0.079081633,0.025510204,0.010204082,0.158163265,0.028061224,0.948979592,0,0,0.048469388,39,32,23920,0,0,0,1,132.3367347,0.048469388,0.979591837,7.5,0.426020408,0.306122449,0.010204082,0.00255102,0.020408163,0.589285714,0.017857143,0.505102041,0.010204082,0.025510204,3.522959184,3.778061224,0.183673469,7.90625,0.193877551,6.990506329,0.117346939,7.780346821,0.053571429,14.16172507,0.091836735,10.60393258,0.109693878,11.59025788,0.165816327,9.195718654,0.155612245,11.41691843,0.948979592,3.05,0.517857143,4.714285714,0.303571429,5.981684982,0.028061224,16.7191601,0.017857143,22.70649351,0.400510204,9.353191489,0.895408163,4.365853659,0.43877551,5.509090909,0.191326531,6.987381703,0.022959184,18.08877285,0.015306122,22.8626943,0.278061224,11.14487633,0.022959184,0,0.010204082,0.012755102,0.00255102,0,0.964285714,0,0,0,0,0,0,1,0.114795918,9.766570605,0.094387755,11.06760563,0.068877551,0.571428571,916,61,52,1,0,0.117346939,0,0.119897959,0.007653061,0.798469388,0.046391753,0.358247423,0.082474227,0.974226804,0.033505155,Metaled,5.162393162,0.5,0.908163265,0.150510204,0.344387755,0.025510204,0.158163265,9.66969697,0.010204082,45.62886598,0.048469388,24.82841823,0.030612245,19.62894737,0.089285714,12.36414566,0.762755102,7.225806452,0.153061224,17.01506024,0.012755102,21.0878553,0.015306122,23.26165803,0.017857143,22.9974026,0.137755102,13,0.943877551,10.13636364,0.323979592,14.38490566,0.196428571,16.04444444,0.933673469,9.961538462,0.114795918,109774,0.142857143,49201,0.010204082,0.010204082,0,0.00255102,0,0.729591837,0.048469388,0.035714286,0.005102041,0.00255102,0.00255102,0.056122449,0.010204082,0.24744898,0.068877551,12.74794521,0.229591837,11.43377483,0.221938776,7.645901639,0.076530612,9.256906077,0.017857143,0.028061224,0.012755102,0.005102041,0.951530612,0.015306122,0.015306122,0.007653061,0.00255102,0.966836735,0.005102041,0.00255102,0.00255102,0.005102041,0.989795918,2,1,2,0,2,2,2,0,0,0,0,0,0,0,391,5,0.24744898,0.048469388,0.701530612,0.00255102,0.214285714,0.329081633,0.012755102,0.443877551,0.951530612,0.022959184,0.025510204,0.091836735,0.908163265
TORGHAR DISTRICT,KHYBER PAKHTUNKHWA,HAZARA DIVISION,0.969072165,0,0.010309278,0,0.020618557,301,0.893617021,0.159574468,0,0,0.925531915,0.031914894,0.021276596,0.095744681,0.170212766,0,0.010638298,0.063829787,0.053191489,0.765957447,0.074468085,0.031914894,0.094736842,55,37,27400,0,0,0,1,184.4210526,0.021052632,0.968421053,5.666666667,0.705263158,0.010526316,0.010526316,0,0.010526316,0.073684211,0.084210526,0.494736842,0,0.021052632,3.589473684,3.915789474,0.063157895,26.71910112,0.126315789,20.07228916,0.031578947,32.38043478,0.031578947,43.72826087,0.042105263,31.9010989,0.031578947,32.73913043,0.115789474,24.10714286,0.136842105,29.5,0.936842105,6.333333333,0.368421053,7.933333333,0.105263158,15.71764706,0,47.01052632,0,72.22105263,0.368421053,29.28333333,0.484210526,10.42857143,0.052631579,21.83333333,0.010526316,38.40425532,0,60.26315789,0.010526316,78.5,0.242105263,40.77777778,0.042105263,0,0.010526316,0.021052632,0,0,0.957894737,0,0,0,0,0,0,1,0.042105263,27.15384615,0.052631579,30.12222222,0.115789474,0.957894737,65,90,68,4,0,0.778947368,0.021052632,0.021052632,0.094736842,0.168421053,0,0,0.010526316,1,0,Unmetalled,10.63768116,0.8,0.126315789,0,0.031578947,0.157894737,0.052631579,28.82222222,0.021052632,106.1505376,0,79.25263158,0,61.97894737,0.063157895,28.33707865,0.631578947,15.74285714,0.010526316,69.76595745,0,61.69473684,0.021052632,64.1827957,0,57.72631579,0.010526316,44.55319149,0.978947368,57,0.021052632,45.65591398,0.010526316,50.53191489,0.957894737,42.5,0.463157895,4122,0.389473684,13301,0.484210526,0.073684211,0.084210526,0.305263158,0.021052632,0,0,0.042105263,0,0,0,0.010526316,0.021052632,0.957894737,0.031578947,32.94565217,0.221052632,35.59459459,0.021052632,28.5483871,0.168421053,14.75949367,0,0.021052632,0.063157895,0,0.915789474,0,0,0,0,1,0,0,0,0.021052632,0.978947368,2,1,2,0,2,0,2,0,0,0,0,0,0,0,97,2,0,0.778947368,0.221052632,0,0.042105263,0.347368421,0.031578947,0.578947368,0.978947368,0.021052632,0,0.621052632,0.378947368
HANGU DISTRICT,KHYBER PAKHTUNKHWA,KOHAT DIVISION,0.918367347,0.040816327,0.040816327,0,0,195,0.959183673,0.081632653,0,0.020408163,0.897959184,0,0.142857143,0.306122449,0.163265306,0,0.265306122,0.142857143,0.12244898,0.755102041,0.040816327,0,0.163265306,12,8,3650,0,0,0,1,88.20408163,0.142857143,0.979591837,6,0.265306122,0.428571429,0,0,0.081632653,0.755102041,0,0.346938776,0.06122449,0,2.918367347,3.816326531,0.306122449,12.38235294,0.306122449,11.38235294,0.244897959,11.81081081,0.06122449,17,0.12244898,14.37209302,0.102040816,13.40909091,0.163265306,12.3902439,0.12244898,13.30232558,0.979591837,1,0.734693878,10.84615385,0.469387755,11.80769231,0.040816327,16.46808511,0.020408163,18.95833333,0.571428571,15.14285714,0.836734694,5.125,0.489795918,13.36,0.183673469,15.45,0.040816327,16.42553191,0.06122449,19.84782609,0.571428571,14.38095238,0.244897959,0,0.081632653,0.081632653,0,0.040816327,0.734693878,0,0,0,0,0,0.040816327,0.959183673,0.224489796,13.76315789,0.183673469,12.825,0.591836735,0.897959184,10,10,0,1,0,0.653061224,0.040816327,0.306122449,0.081632653,0.183673469,0.163265306,0.387755102,0.102040816,0.93877551,0.020408163,Metaled,5,0.591836735,0.93877551,0.081632653,0.306122449,0,0.285714286,13.48571429,0.040816327,19.21276596,0.040816327,14.23404255,0.142857143,12.38095238,0.326530612,12.18181818,0.755102041,21.16666667,0.285714286,19.42857143,0.12244898,13.81395349,0.040816327,14.93617021,0.12244898,14.23255814,0.224489796,13.10526316,0.897959184,20.2,0.428571429,14.89285714,0.183673469,17.4,0.857142857,22.28571429,0.387755102,14465,0.571428571,15389,0.448979592,0.224489796,0,0.244897959,0.020408163,0.244897959,0,0.102040816,0,0,0,0.040816327,0.040816327,0.673469388,0.183673469,12.35,0.244897959,14.43243243,0.204081633,11.97435897,0.204081633,12.35897436,0.020408163,0,0,0.020408163,0.959183673,0.040816327,0,0,0,0.959183673,0,0,0.020408163,0,0.979591837,2,1,2,0,2,2,2,0,2,0,0,0,0,0,49,2,0.306122449,0.081632653,0.612244898,0,0.306122449,0.469387755,0.040816327,0.183673469,0.857142857,0.102040816,0.040816327,0.040816327,0.959183673
KARAK DISTRICT,KHYBER PAKHTUNKHWA,KOHAT DIVISION,0.949579832,0,0.033613445,0.008403361,0.008403361,628,0.991596639,0,0,0,0.210084034,0.075630252,0.008403361,0.016806723,0.016806723,0.008403361,0.050420168,0,0.008403361,0.957983193,0,0.025210084,0,0,0,0,0,0,0,1,191.2436975,0.06779661,0.779661017,5.307692308,0.127118644,0.686440678,0,0,0.042372881,0.262711864,0,0.042372881,0.161016949,0.093220339,3.830508475,3.966101695,0.186440678,12.78125,0.237288136,13.84444444,0.13559322,12.65686275,0.059322034,18.64864865,0.220338983,14.59782609,0.203389831,12.78723404,0.13559322,13.18627451,0.239316239,14.51685393,0.940677966,5.857142857,0.610169492,4.913043478,0.43220339,8.671641791,0.093220339,17.59813084,0.050847458,31.94642857,0.694915254,9.222222222,0.838983051,5.210526316,0.483050847,6.032786885,0.322033898,9.375,0.06779661,18.66363636,0.06779661,31.7,0.559322034,8.230769231,0.042372881,0,0.025423729,0.016949153,0.008474576,0,0.949152542,0,0,0,0,0,0,1,0.179487179,12.22916667,0.256410256,11.44827586,0.355932203,0.745762712,125,48,2,2,0,0.694915254,0,0.254237288,0,0.203389831,0.372881356,0.13559322,0.008474576,0.923728814,0.016949153,Metaled,5.604651163,0.754237288,0.728813559,0.008474576,0.415254237,0.025423729,0.211864407,12.62365591,0.008474576,60.83760684,0,86.47457627,0.194915254,20.26315789,0.372881356,13.36486486,0.805084746,9.782608696,0.152542373,27.69,0.101694915,15.61320755,0.093220339,19.71028037,0.110169492,19.13333333,0.186440678,13.71875,0.974576271,4,0.194915254,13.95789474,0.059322034,33.16216216,0.983050847,4.5,0.403361345,37416,0.31092437,9279,0.470588235,0.462184874,0,0,0.033613445,0.737288136,0.016949153,0.050847458,0,0,0,0,0.016949153,0.296610169,0.203389831,13.60638298,0.313559322,15.66666667,0.237288136,10.13333333,0.13559322,10.56862745,0.008474576,0.025423729,0,0,0.974576271,0,0,0,0,1,0,0.008474576,0.033898305,0.016949153,0.940677966,2,2,2,0,2,2,2,0,0,0,0,0,0,0,118,3,0.101694915,0.177966102,0.711864407,0.008474576,0.118644068,0.059322034,0.016949153,0.805084746,0.93220339,0,0.06779661,0.341880342,0.658119658
KOHAT DISTRICT,KHYBER PAKHTUNKHWA,KOHAT DIVISION,0.874285714,0.08,0.028571429,0.005714286,0.011428571,650,0.953216374,0.011695906,0.011695906,0.035087719,0.350877193,0.005847953,0.18128655,0.257309942,0.175438596,0,0.210526316,0.122807018,0.152046784,0.760233918,0.011695906,0.01754386,0.12,38,34,26665,0,0,0,1,146.2571429,0.114285714,0.827586207,3.9,0.314285714,0.6,0.005714286,0,0.057142857,0.491428571,0.057142857,0.114285714,0.108571429,0.04,3.171428571,3.685714286,0.172413793,16.21527778,0.264367816,13.046875,0.155172414,15.23129252,0.034482759,18.29166667,0.109195402,17.62580645,0.143678161,17.63758389,0.183908046,15.45070423,0.25862069,16.03100775,0.895953757,6.944444444,0.583815029,7.763888889,0.387283237,9.226415094,0.098265896,22.24358974,0.028901734,29.29761905,0.537572254,17.225,0.809248555,10.45454545,0.427745665,8.272727273,0.219653179,12.51111111,0.052023121,26.5304878,0.034682081,28.83233533,0.38150289,15.26168224,0.149425287,0.017241379,0.074712644,0.086206897,0.005747126,0.017241379,0.793103448,0,0,0,0,0,0,1,0.102857143,14.42675159,0.172413793,18.5625,0.262857143,0.914285714,26,35,3,1,0,0.548571429,0.005714286,0.131428571,0.005714286,0.411428571,0.201149425,0.212643678,0.057471264,0.931034483,0.040229885,Metaled,9.923076923,0.594285714,0.668571429,0.131428571,0.228571429,0.091428571,0.108571429,18.41666667,0.04,33.49404762,0.034285714,28.09467456,0.085714286,21.8875,0.182857143,15.5034965,0.771428571,14.825,0.142857143,25.00666667,0.045977011,20.58433735,0.034682081,27.92814371,0.057803468,22.32515337,0.231213873,19.79699248,0.901734104,16.11764706,0.323699422,19.8974359,0.213872832,27.08823529,0.849710983,15.80769231,0.394285714,43580,0.217142857,10674,0.222857143,0.177142857,0,0.005714286,0.045714286,0.41954023,0,0.235632184,0,0.005747126,0,0.005747126,0.011494253,0.586206897,0.068965517,21.75308642,0.24137931,21.12121212,0.218390805,14.47058824,0.201149425,11.61151079,0.022857143,0.011428571,0.017142857,0.005714286,0.96,0.017142857,0.005714286,0.005714286,0.005714286,0.982857143,0.017241379,0,0.005747126,0.005747126,0.971264368,2,2,0,0,2,2,2,0,0,0,0,0,0,0,174,3,0.154285714,0.222857143,0.611428571,0.011428571,0.377142857,0.171428571,0.022857143,0.428571429,0.885714286,0.074285714,0.04,0.08,0.92
BUNER DISTRICT,KHYBER PAKHTUNKHWA,MALAKAND DIVISION,1,0,0,0,0,537,0.987951807,0.072289157,0,0,0.987951807,0,0.174698795,0.331325301,0.048192771,0.030120482,0.21686747,0.295180723,0.319277108,0.891566265,0,0,0.024096386,8,5,3265,0,0,0,1,236.4457831,0.271084337,0.963855422,100.3333333,0.481927711,0.331325301,0,0,0.024096386,0.319277108,0.042168675,0.578313253,0.012048193,0.006024096,3.078313253,3.674698795,0.186746988,11.05925926,0.174698795,7.321167883,0.168674699,8.094202899,0.210843373,13.57251908,0.162650602,11.02877698,0.240963855,10.05555556,0.21686747,8.330769231,0.21686747,15.57692308,0.981927711,8,0.668674699,4.927272727,0.403614458,7.555555556,0.06626506,18.98709677,0.042168675,28.62893082,0.608433735,8.784615385,0.795180723,7.029411765,0.445783133,6.923913043,0.234939759,10.20472441,0.042168675,32.86163522,0.090361446,42.83443709,0.43373494,11.37234043,0.144578313,0.018072289,0.048192771,0.042168675,0,0,0.843373494,0,0,0,0,0,0,1,0.162650602,10.18705036,0.301204819,9.810344828,0.355421687,0.656626506,217,25,17,2,0,0.584337349,0.006024096,0.13253012,0.018072289,0.301204819,0.006024096,0.210843373,0.054216867,0.927710843,0.024096386,Metaled,5.071428571,0.614457831,0.855421687,0.06626506,0.222891566,0.060240964,0.246987952,8.744,0.030120482,55.98757764,0.036144578,43.75,0.084337349,22.75657895,0.198795181,10.42105263,0.813253012,9.096774194,0.120481928,52.13013699,0.030120482,23.0931677,0.072289157,28.31168831,0.090361446,24.98013245,0.168674699,22.9057971,0.897590361,10.64705882,0.337349398,32.50909091,0.204819277,28.37121212,0.915662651,13.21428571,0.379518072,55011,0.180722892,35006,0,0,0,0,0,0.686746988,0.012048193,0.102409639,0.012048193,0.018072289,0,0.006024096,0,0.343373494,0.060240964,23.73076923,0.493975904,13.69047619,0.15060241,7.737588652,0.180722892,7.411764706,0.084337349,0.084337349,0,0,0.861445783,0.024096386,0.024096386,0,0,0.975903614,0.024096386,0.078313253,0.042168675,0.024096386,0.855421687,2,1,2,0,2,2,2,0,0,0,0,0,0,0,166,4,0.096385542,0.084337349,0.813253012,0.006024096,0.192771084,0.415662651,0,0.391566265,0.728915663,0.204819277,0.06626506,0.138554217,0.861445783
CHITRAL LOWER,KHYBER PAKHTUNKHWA,MALAKAND DIVISION,0.889221557,0.083832335,0.011976048,0.01497006,0,1123,0.932307692,0.092307692,0,0.006153846,0.904615385,0.076923077,0.292307692,0.483076923,0.489230769,0.092307692,0.027692308,0.532307692,0.233846154,0.129230769,0,0.012307692,0.075075075,60,30,38405,0,0,0,1,269.9251497,0.021021021,0.963963964,41.08333333,0.501501502,0.039039039,0.024024024,0,0.003003003,0.102102102,0.276276276,0.582582583,0.03003003,0.057057057,3.72972973,3.783783784,0.126126126,12.59793814,0.093093093,11.94370861,0.177177177,13.45255474,0.066066066,17.5755627,0.099099099,14.54333333,0.06006006,20.4057508,0.117117117,13.49659864,0.234234234,16.16078431,0.588588589,3.313868613,0.246246246,6.533864542,0.18018018,7.637362637,0.06006006,27.40255591,0.042042042,31.31034483,0.459459459,15.09444444,0.465465465,4.719101124,0.201201201,6.101503759,0.126126126,12.48453608,0.057057057,25.74203822,0.048048048,30.64984227,0.408408408,17.10152284,0.063063063,0.009009009,0.075075075,0.033033033,0.006006006,0.009009009,0.903903904,0,0,0,0,0,0,1,0.096096096,11.88039867,0.063063063,22.32051282,0.099099099,0.975975976,5,7,6,1,0,0.372372372,0.012012012,0.093093093,0.066066066,0.543543544,0.015060241,0.162650602,0.048192771,0.990963855,0.042168675,Unmetalled,13.44061303,0.813813814,0.513513514,0.192192192,0.153153153,0.051051051,0.162162162,16.83870968,0.057057057,45.6433121,0.081081081,25.60784314,0.06006006,25.81469649,0.117117117,16.52040816,0.756756757,14.44444444,0.159159159,31.43214286,0.03003003,55.9628483,0.09009009,35.0330033,0.078078078,28.96416938,0.129129129,20.89310345,0.864864865,27.51111111,0.189189189,29.39259259,0.174174174,27.44363636,0.750750751,28.18072289,0.696696697,448165,0.432432432,250105,0.918918919,0.117117117,0.606606607,0.774774775,0.027027027,0.312312312,0.021021021,0.09009009,0.219219219,0.117117117,0.027027027,0.048048048,0.009009009,0.534534535,0.06006006,26.30990415,0.465465465,15.74719101,0.102102102,10.69899666,0.12012012,8.375426621,0.138138138,0.558558559,0.225225225,0.021021021,0.297297297,0.081081081,0.42042042,0.075075075,0,0.522522523,0,0.009009009,0.024024024,0.06006006,0.915915916,2,2,2,0,2,2,2,0,0,0,0,0,0,0,332,2,0.039039039,0.603603604,0.357357357,0,0.084084084,0.033033033,0.009009009,0.873873874,0.978978979,0.018018018,0.003003003,0.159159159,0.840840841
CHITRAL UPPER,KHYBER PAKHTUNKHWA,MALAKAND DIVISION,0.987654321,0.00617284,0.00617284,0,0,485,0.987654321,0.12345679,0,0,0.716049383,0.012345679,0.49382716,0.50617284,0.672839506,0.092592593,0.024691358,0.5,0.154320988,0.049382716,0,0,0.086419753,27,25,343975,0,0,0,1,233.7037037,0.00617284,1,0,0.666666667,0,0,0,0.00617284,0.061728395,0.302469136,0.555555556,0.012345679,0.012345679,3.99382716,4,0.25308642,21.96694215,0.086419753,15.89189189,0.191358025,17.90076336,0.117283951,21.95104895,0.104938272,15.06206897,0.061728395,37.67105263,0.197530864,8.361538462,0.388888889,9.777777778,0.845679012,3.92,0.314814815,7.144144144,0.197530864,8.953846154,0.049382716,30.94805195,0.018518519,61.88050314,0.530864198,26.65789474,0.586419753,4.552238806,0.24691358,8.557377049,0.12345679,12.3943662,0.055555556,31.28104575,0.037037037,48.68589744,0.450617284,25.47191011,0.092592593,0,0.098765432,0.080246914,0,0.086419753,0.777777778,0,0,0.00617284,0.00617284,0,0,0.99382716,0.061728395,17.59210526,0.086419753,24.26351351,0.055555556,0.987654321,0,15,1,1,0,0.475308642,0,0.012345679,0.018518519,0.50617284,0.012578616,0.050314465,0.006289308,0.987421384,0.056603774,Unmetalled,43.29530201,0.586419753,0.777777778,0.098765432,0.030864198,0.043209877,0.179012346,26.61654135,0.00617284,382.9627329,0.141975309,20.96402878,0.061728395,33.19078947,0.074074074,21.85333333,0.864197531,36.77272727,0.049382716,307.6103896,0.00617284,351.1925466,0.209876543,14.875,0.067901235,71.96688742,0.12962963,37.9858156,0.932098765,33.90909091,0.086419753,40.14189189,0.061728395,65.21710526,0.796296296,43.27272727,0.524691358,23975,0.024691358,30,0.981481481,0.222222222,0.87654321,0.907407407,0.018518519,0.166666667,0.012345679,0.172839506,0.216049383,0.018518519,0,0.030864198,0.135802469,0.524691358,0.037037037,44.46794872,0.635802469,24.69491525,0.209876543,9.015625,0.061728395,14.20394737,0.216049383,0.635802469,0.228395062,0.012345679,0.172839506,0.185185185,0.586419753,0.141975309,0,0.271604938,0,0.00617284,0,0.234567901,0.759259259,2,1,2,0,2,2,2,2,0,0,0,0,0,0,162,2,0.012345679,0.87037037,0.111111111,0.00617284,0,0.00617284,0.00617284,0.987654321,0.99382716,0.00617284,0,0.030864198,0.969135802
LOWER DIR DISTRICT,KHYBER PAKHTUNKHWA,MALAKAND DIVISION,0.974706414,0.006323397,0.01897019,0,0,1794,0.972899729,0.186088528,0.002710027,0.013550136,0.876242096,0.010840108,0.115627823,0.203252033,0.0532972,0.054200542,0.190605239,0.314363144,0.218608853,0.874435411,0.000903342,0.005420054,0.016260163,24,15,12552,0,0,0,1,144.464318,0.058717254,0.982836495,1.789473684,0.182475158,0.312556459,0.003613369,0.002710027,0.013550136,0.64137308,0.020776874,0.612466125,0.003613369,0.007226739,3.433604336,3.751580849,0.08401084,11.14102564,0.06865402,7.7371484,0.046973803,11.89099526,0.089430894,17.75198413,0.056007227,11.15502392,0.056910569,11.73275862,0.06865402,8.7371484,0.193315266,10.93281075,0.630532972,3.687041565,0.196025294,4.314606742,0.130081301,5.478712357,0.017163505,15.47610294,0.020776874,21.21678967,0.499548329,8.386281588,0.467028004,6.874576271,0.16802168,6.239956569,0.100271003,8.059236948,0.01897019,18.34438306,0.024390244,27.13055556,0.433604336,8.132376396,0.080397471,0.001806685,0.023486902,0.032520325,0.005420054,0.000903342,0.908762421,0.000903342,0,0,0.002710027,0.000903342,0.001806685,0.993676603,0.06504065,7.92173913,0.155374887,7.655614973,0.416440831,0.826558266,457,82,9,1,0,0.676603433,0,0.130984643,0.005420054,0.288166215,0.037408759,0.466240876,0.020985401,0.986313869,0.02189781,Metaled,7.498942918,0.853658537,0.755194219,0.048780488,0.302619693,0.038843722,0.153568202,9.458911419,0.043360434,37.42209632,0.028003613,21.16728625,0.022583559,15.45563771,0.103884372,9.112903226,0.737127371,8.498281787,0.208672087,31.26598174,0.011743451,24.38117002,0.037037037,22.14446529,0.050587173,20.47954329,0.061427281,15.97690087,0.951219512,12.72222222,0.247515808,10.28571429,0.112014453,17.21566633,0.936766034,13.17142857,0.067750678,5777,0.127371274,33863,0.437217706,0.272809395,0.023486902,0.304426378,0.004516712,0.188798555,0,0.130984643,0.009033424,0.005420054,0.005420054,0.038843722,0.018066847,0.728093948,0.035230352,17.00842697,0.532068654,12.49420849,0.06865402,7.712900097,0.083107498,7.278817734,0.026196929,0.212285456,0.095754291,0.003613369,0.692863595,0.007226739,0.062330623,0.046973803,0.000903342,0.892502258,0,0.001806685,0.009033424,0.148148148,0.846431798,2,2,2,0,2,2,2,0,0,0,0,0,0,0,1051,4,0.046973803,0.170731707,0.780487805,0.001806685,0.109304426,0.198735321,0.005420054,0.686540199,0.941282746,0.048780488,0.009936766,0.081300813,0.918699187
MALAKAND PROTECTED AREA,KHYBER PAKHTUNKHWA,MALAKAND DIVISION,0.911764706,0.088235294,0,0,0,296,0.970588235,0.323529412,0,0.411764706,0.823529412,0,0.705882353,0.676470588,0.647058824,0.264705882,0.852941176,0.176470588,0,0.911764706,0,0,0,0,0,0,0,0,0,1,77.64705882,0.058823529,1,0,0.970588235,0.823529412,0.029411765,0,0.029411765,0.911764706,0,0.058823529,0,0,2.323529412,3.617647059,0.794117647,3.571428571,0.823529412,10.83333333,0.588235294,12.78571429,0.352941176,12.45454545,0.588235294,9.714285714,0.558823529,13.06666667,0.705882353,3.7,0.352941176,9.181818182,1,0,0.852941176,3.2,0.794117647,4.857142857,0.205882353,7.259259259,0.117647059,12.4,1,0,1,0,0.911764706,2.333333333,0.676470588,3.818181818,0.264705882,9.92,0.205882353,12.85185185,0.970588235,50,0.235294118,0.058823529,0.205882353,0.088235294,0.029411765,0.029411765,0.764705882,0,0,0,0,0,0,1,0.647058824,4.833333333,0.705882353,7.2,0.235294118,0.235294118,157,21,3,2,0,0.941176471,0,0.911764706,0,0.058823529,0.823529412,0.382352941,0.764705882,0.970588235,0.117647059,Metaled,2,0.882352941,1,0.588235294,0.970588235,0,0.441176471,5.315789474,0.029411765,22.96969697,0.117647059,11.7,0.205882353,11.85185185,0.764705882,3.75,0.941176471,3.5,0.294117647,11.33333333,0.058823529,11.4375,0.147058824,13.44827586,0.117647059,11.03333333,0.735294118,18.22222222,1,0,0.823529412,12,0.764705882,19.875,0.970588235,15,0,0,0,0,0.029411765,0,0,0,0.029411765,0.705882353,0,0.147058824,0,0.029411765,0,0,0.058823529,0.117647059,0.323529412,9.782608696,0.441176471,8.736842105,0.558823529,4,0.588235294,5.571428571,0.088235294,0.058823529,0.147058824,0.029411765,0.764705882,0.029411765,0.058823529,0,0,0.911764706,0,0.058823529,0.647058824,0.029411765,0.323529412,2,1,2,2,2,2,2,2,2,0,0,0,0,2,34,3,0.529411765,0.029411765,0.441176471,0,0.205882353,0.764705882,0,0.029411765,0.941176471,0.058823529,0,0,1
SHANGLA DISTRICT,KHYBER PAKHTUNKHWA,MALAKAND DIVISION,1,0,0,0,0,827,0.855855856,0.36036036,0,0.063063063,0.828828829,0.108108108,0.054054054,0.135135135,0,0.054054054,0.018018018,0.477477477,0.414414414,0.810810811,0.045045045,0.009009009,0,0,0,0,0,0,0,1,180.0900901,0.153153153,0.972972973,10.66666667,0.423423423,0.252252252,0.009009009,0,0.045045045,0.234234234,0.225225225,0.891891892,0.018018018,0.018018018,3.648648649,3.711711712,0.207207207,21.42045455,0.225225225,10.94186047,0.144144144,13.55789474,0.126126126,32.64948454,0.144144144,20.05263158,0.135135135,17.30208333,0.27027027,9.691358025,0.234234234,28.67058824,0.927927928,3.125,0.63963964,5.175,0.414414414,8.892307692,0.045045045,24.74528302,0.081081081,59.51960784,0.747747748,13.96428571,0.747747748,8.178571429,0.414414414,9.169230769,0.135135135,14.79166667,0.081081081,23.81372549,0.09009009,54.7029703,0.459459459,20.48333333,0.036036036,0,0,0.009009009,0,0,0.963963964,0,0,0,0,0,0,1,0.099099099,16.42,0.396396396,12.79104478,0.441441441,0.891891892,20,20,5,2,0,0.567567568,0.045045045,0.468468468,0.108108108,0.117117117,0.027027027,0.558558559,0.054054054,0.828828829,0.036036036,Unmetalled,12.52941176,0.837837838,0.765765766,0.09009009,0.189189189,0.018018018,0.477477477,8.465517241,0.009009009,83.18181818,0.018018018,58.53211009,0.054054054,36.86666667,0.378378378,13.26086957,0.936936937,15,0.630630631,42.92682927,0.018018018,73.43119266,0.045045045,71.74528302,0.045045045,70.5,0.108108108,40.07070707,0.954954955,46,0.189189189,32.7,0.099099099,50.75,0.954954955,48.2,0.027027027,936,0.027027027,1764,0.981981982,0.072072072,0.117117117,0.972972973,0,0.342342342,0,0.009009009,0,0,0,0,0.009009009,0.657657658,0.063063063,24.58653846,0.558558559,15.57142857,0.207207207,11.97727273,0.252252252,7.987951807,0.027027027,0.072072072,0.288288288,0.009009009,0.657657658,0.009009009,0.009009009,0.018018018,0,0.972972973,0,0,0.027027027,0,0.972972973,2,2,2,0,2,2,2,0,0,0,0,0,0,0,110,3,0.009009009,0.054054054,0.873873874,0.063063063,0.117117117,0.144144144,0,0.738738739,0.846846847,0.099099099,0.054054054,0.036036036,0.963963964
SWAT DISTRICT,KHYBER PAKHTUNKHWA,MALAKAND DIVISION,0.849056604,0.127358491,0.023584906,0,0,760,0.849056604,0.495283019,0.004716981,0.004716981,0.929245283,0.018867925,0.740566038,0.853773585,0.155660377,0.316037736,0.353773585,0.58490566,0.646226415,0.759433962,0.023584906,0.009433962,0.056603774,15,12,19150,0,0,0,1,134.75,0.301886792,1,0,0.570754717,0.575471698,0.009433962,0.004716981,0.080188679,0.603773585,0.226415094,0.636792453,0.004716981,0,2.801886792,3.594339623,0.254716981,10.01898734,0.283018868,8.578947368,0.169811321,10.15340909,0.056603774,19.975,0.122641509,11.80645161,0.330188679,10.29577465,0.254716981,10.05696203,0.113207547,13.14893617,1,0,0.702830189,4.253968254,0.382075472,5.335877863,0.028301887,15.98543689,0.066037736,22.76262626,0.683962264,11.43283582,0.933962264,7.214285714,0.514150943,6.009708738,0.198113208,8.529411765,0.033018868,15.62439024,0.037735849,22.25490196,0.382075472,16.41984733,0.108490566,0.033018868,0.113207547,0.089622642,0.014150943,0,0.820754717,0,0,0,0,0.004716981,0,0.995283019,0.179245283,8.252873563,0.382075472,7.625954198,0.495283019,0.79245283,36,47,37,1,0,0.58490566,0.004716981,0.476415094,0.009433962,0.273584906,0.094339623,0.669811321,0.353773585,0.995283019,0.037735849,Metaled,6.470588235,0.783018868,0.806603774,0.311320755,0.617924528,0.033018868,0.367924528,7.313432836,0.061320755,26.79899497,0.056603774,31.89,0.075471698,24.01020408,0.41509434,8.314516129,0.900943396,7,0.330188679,26.32394366,0.037735849,24.75980392,0.047169811,23.26237624,0.094339623,20.078125,0.169811321,11.61363636,0.938679245,5.846153846,0.466981132,12.88495575,0.33490566,12.17021277,0.910377358,7.578947368,0.188679245,18542,0.179245283,459186,0.132075472,0,0.033018868,0.117924528,0,0.948113208,0.113207547,0.54245283,0.004716981,0.014150943,0,0.028301887,0.16509434,0.033018868,0.141509434,13.86813187,0.443396226,8.559322034,0.240566038,7.540372671,0.273584906,5.188311688,0.023584906,0.033018868,0.094339623,0.018867925,0.853773585,0.004716981,0.014150943,0,0,0.981132075,0,0.004716981,0.066037736,0.023584906,0.919811321,2,1,2,0,2,2,2,2,0,0,0,0,0,0,212,8,0.216981132,0.061320755,0.721698113,0,0.245283019,0.485849057,0.004716981,0.264150943,0.698113208,0.226415094,0.075471698,0.018867925,0.981132075
UPPER DIR DISTRICT,KHYBER PAKHTUNKHWA,MALAKAND DIVISION,0.98021309,0.00456621,0.00608828,0.00608828,0.00304414,2663,0.802752294,0.04587156,0.004587156,0.00764526,0.918960245,0.024464832,0.163608563,0.342507645,0.059633028,0.065749235,0.006116208,0.689602446,0.318042813,0.591743119,0.044342508,0.024464832,0.030534351,58,14,13210,0,0,0,1,193.5236641,0.024427481,0.975572519,59.1875,0.213740458,0.045801527,0.001526718,0,0.004580153,0.141984733,0.099236641,0.906870229,0.016793893,0.001526718,3.887022901,3.899236641,0.067175573,14.8903437,0.085496183,9.183639399,0.067175573,12.46972177,0.048854962,25.13964687,0.032061069,17.23343849,0.035114504,16.82594937,0.077862595,13.74006623,0.070229008,18.24302135,0.761832061,2.974358974,0.196946565,5.591254753,0.119083969,7.005199307,0.00610687,28.06605223,0.009160305,38.01386749,0.41221374,10.34545455,0.401526718,4.887755102,0.111450382,8.178694158,0.065648855,15.51470588,0.010687023,34.41666667,0.033587786,55.39336493,0.357251908,14.88123515,0.042748092,0.001526718,0.003053435,0.033587786,0.00610687,0.003053435,0.941984733,0,0,0,0,0.001526718,0.001526718,0.996946565,0.038167939,15.82063492,0.082442748,13.8202995,0.167938931,0.98778626,13,5,9,1,0,0.581679389,0.009160305,0.294656489,0.033587786,0.196946565,0.00618238,0.236476043,0.027820711,0.984544049,0.021638331,Unmetalled,10.43801653,0.847328244,0.363358779,0.009160305,0.190839695,0.097709924,0.122137405,10.76521739,0.025954198,46.46865204,0.016793893,45.83385093,0.016793893,43.16149068,0.071755725,12.51151316,0.829007634,9.321428571,0.067175573,69.39770867,0.013740458,43.09752322,0.06870229,40.62622951,0.045801527,25.008,0.06870229,16.01803279,0.961832061,15.28,0.12519084,17.67888307,0.054961832,30.33602585,0.873282443,13.60240964,0.549618321,248217,0.667175573,390378,0.758778626,0.299236641,0.123664122,0.627480916,0.024427481,0.196946565,0.007633588,0.050381679,0.001526718,0.010687023,0.001526718,0.022900763,0.099236641,0.676335878,0.019847328,25.47352025,0.332824427,21.87185355,0.044274809,12.87220447,0.06870229,10.95409836,0.07480916,0.169465649,0.06259542,0,0.729770992,0.045801527,0.102290076,0.021374046,0,0.844274809,0,0.001526718,0.180152672,0.073282443,0.746564885,2,2,2,0,2,2,2,0,0,0,0,0,0,0,638,3,0.016793893,0.461068702,0.519083969,0.003053435,0.045801527,0.021374046,0.004580153,0.928244275,0.975572519,0.01221374,0.01221374,0.253435115,0.746564885
MARDAN DISTRICT,KHYBER PAKHTUNKHWA,MARDAN DIVISION,0.860465116,0.040697674,0.093023256,0,0.005813953,931,0.964497041,0.230769231,0,0.781065089,0.923076923,0.01183432,0.420118343,0.692307692,0.828402367,0.023668639,0.461538462,0.100591716,0.023668639,0.455621302,0.047337278,0.01183432,0.552325581,886,384,163782,0,0,0,1,91.94767442,0.156976744,0.98255814,11,0.191860465,0.947674419,0.034883721,0,0.11627907,0.377906977,0.005813953,0.040697674,0.005813953,0.005813953,2.25,2.947674419,0.308139535,5.428571429,0.372093023,5.083333333,0.290697674,6,0.127906977,7.866666667,0.284883721,6.536585366,0.26744186,6.444444444,0.284883721,5.837398374,0.424418605,6.222222222,0.947674419,4.111111111,0.773255814,3.333333333,0.546511628,4.166666667,0.127906977,7.46,0.069767442,9.33125,0.680232558,7.072727273,0.924418605,4.692307692,0.726744186,3.787234043,0.453488372,5.457446809,0.098837209,10.10322581,0.046511628,17.17682927,0.645348837,6.885245902,0.151162791,0.058139535,0.081395349,0.075581395,0.01744186,0.01744186,0.837209302,0.011627907,0.011627907,0.005813953,0.011627907,0,0,0.98255814,0.174418605,6.774647887,0.412790698,6.861386139,0.25,0.441860465,334,171,34,1,0,0.662790698,0.01744186,0.406976744,0.011627907,0.220930233,0.325581395,0.325581395,0.139534884,0.895348837,0.052325581,Metaled,5.222222222,0.639534884,0.936046512,0.122093023,0.395348837,0.01744186,0.459302326,5.817204301,0.052325581,23.86503067,0.058139535,19.27160494,0.186046512,9.821428571,0.552325581,4.74025974,0.808139535,6,0.255813953,9.8125,0.145348837,11.83673469,0.168604651,7.797202797,0.098837209,7.361290323,0.23255814,7.712121212,0.48255814,8,0.877906977,7.238095238,0.180232558,8.468085106,0.51744186,7.975903614,0.069767442,19853,0.040697674,542,0.110465116,0.011627907,0.01744186,0.087209302,0.023255814,0.924418605,0.034883721,0.854651163,0.075581395,0.046511628,0.110465116,0.063953488,0.023255814,0.156976744,0.191860465,7.683453237,0.308139535,8.142857143,0.447674419,5.336842105,0.348837209,5.053571429,0.046511628,0.040697674,0.005813953,0.005813953,0.918604651,0.023255814,0,0,0,0.976744186,0.005813953,0.063953488,0.197674419,0.040697674,0.709302326,2,1,2,0,2,2,2,2,0,0,0,0,0,0,169,5,0.337209302,0.052325581,0.604651163,0.005813953,0.412790698,0.453488372,0.005813953,0.127906977,0.843023256,0.104651163,0.052325581,0.052325581,0.947674419
SWABI DISTRICT,KHYBER PAKHTUNKHWA,MARDAN DIVISION,0.936305732,0.031847134,0.031847134,0,0,413,0.987261146,0.140127389,0.006369427,0.433121019,0.923566879,0.012738854,0.165605096,0.420382166,0.50955414,0.01910828,0.52866242,0.057324841,0.108280255,0.675159236,0,0.012738854,0.121019108,46,33,20450,0,0,0,1,101.3248408,0.044585987,0.993630573,2,0.248407643,0.687898089,0.012738854,0,0.101910828,0.47133758,0.025477707,0.210191083,0.031847134,0.006369427,2.286624204,3.343949045,0.407643312,9.021505376,0.407643312,7.580645161,0.27388535,8.710526316,0.133757962,9.779411765,0.267515924,10.04347826,0.407643312,11.89247312,0.369426752,10.34343434,0.363057325,10.53,0.968152866,3.2,0.796178344,5.78125,0.624203822,7.288135593,0.114649682,12.13669065,0.063694268,17.14285714,0.828025478,9.481481481,0.955414013,3.428571429,0.662420382,6.320754717,0.445859873,7.459770115,0.095541401,12.75352113,0.076433121,17.90344828,0.751592357,7.948717949,0.178343949,0.01910828,0.082802548,0.089171975,0.050955414,0,0.802547771,0,0,0,0,0,0,1,0.286624204,8.776785714,0.47133758,10.01204819,0.369426752,0.649681529,269,74,42,1,0,0.624203822,0,0.133757962,0.025477707,0.363057325,0.121019108,0.343949045,0.01910828,0.929936306,0,Metaled,7,0.617834395,0.815286624,0.057324841,0.337579618,0.121019108,0.573248408,12.80597015,0.044585987,19.92666667,0.038216561,20.14569536,0.127388535,16.75912409,0.484076433,19.02469136,0.815286624,13.27586207,0.261146497,20.25862069,0.133757962,16.97058824,0.242038217,18.6302521,0.184713376,18.015625,0.382165605,13.88659794,0.796178344,13.5625,0.401273885,17.58510638,0.248407643,17.75423729,0.777070064,19.6,0.089171975,91074,0.095541401,96330,0.076433121,0.012738854,0.025477707,0.012738854,0.044585987,0.305732484,0.006369427,0.222929936,0.006369427,0.025477707,0.012738854,0.038216561,0.006369427,0.579617834,0.191082803,16.98425197,0.579617834,17.21212121,0.382165605,13.87628866,0.229299363,11.0661157,0.044585987,0.057324841,0.012738854,0.012738854,0.910828025,0.006369427,0.012738854,0.006369427,0.006369427,0.98089172,0.006369427,0,0.025477707,0.01910828,0.949044586,2,1,2,0,2,2,2,0,0,0,0,0,0,0,156,4,0.47133758,0.044585987,0.484076433,0,0.566878981,0.229299363,0,0.203821656,0.955414013,0.025477707,0.01910828,0.012738854,0.987261146
CHARSADDA DISTRICT,KHYBER PAKHTUNKHWA,PESHAWAR DIVISION,0.931707317,0.024390244,0.043902439,0,0,674,0.990243902,0.053658537,0,0.882926829,0.668292683,0.004878049,0.307317073,0.565853659,0.804878049,0.136585366,0.307317073,0.136585366,0.029268293,0.097560976,0.053658537,0.004878049,0.268292683,405,271,100062,0,0,0,1,43.89268293,0.16097561,0.995121951,2,0.165853659,0.946341463,0.019512195,0,0.131707317,0.336585366,0.063414634,0.004878049,0,0,2.819512195,3.47804878,0.297560976,6.333333333,0.351219512,4.744360902,0.209756098,5.135802469,0.092682927,8.392473118,0.136585366,7.853107345,0.253658537,6.37254902,0.165853659,6.321637427,0.4,5.81300813,0.902439024,2.65,0.536585366,3.778947368,0.356097561,4.537878788,0.048780488,9,0.024390244,9.855,0.780487805,5.088888889,0.873170732,2.423076923,0.458536585,3.648648649,0.297560976,5.020833333,0.068292683,8.968586387,0.043902439,10.88265306,0.712195122,5.762711864,0.165853659,0.029268293,0.092682927,0.07804878,0.009756098,0.014634146,0.829268293,0,0,0,0,0,0,1,0.131707317,6.123595506,0.4,5.447154472,0.273170732,0.497560976,463,75,21,1,0,0.907317073,0.009756098,0.253658537,0,0.07804878,0.419512195,0.453658537,0.180487805,0.902439024,0.034146341,Metaled,4.5,0.8,0.956097561,0.053658537,0.468292683,0.019512195,0.351219512,5.631578947,0.053658537,12.98453608,0.034146341,11.44444444,0.112195122,8.137362637,0.453658537,4.946428571,0.712195122,6.101694915,0.258536585,6.572368421,0.087804878,6.721925134,0.053658537,8.510309278,0.063414634,7.520833333,0.258536585,6.25,0.946341463,5.727272727,0.434146341,6.974137931,0.209756098,7.314814815,0.970731707,7.666666667,0.034146341,1983,0.014634146,1870,0.087804878,0.009756098,0.019512195,0.009756098,0.048780488,0.814634146,0.004878049,0.209756098,0,0,0.004878049,0.063414634,0.243902439,0.219512195,0.07804878,7.455026455,0.268292683,7.506666667,0.253658537,5.437908497,0.214634146,4.49068323,0.014634146,0.03902439,0.004878049,0,0.956097561,0.004878049,0.014634146,0.004878049,0,0.985365854,0.004878049,0.009756098,0.043902439,0.019512195,0.926829268,2,1,2,0,2,2,2,2,0,0,0,0,0,0,203,3,0.273170732,0.024390244,0.702439024,0,0.404878049,0.317073171,0,0.27804878,0.83902439,0.107317073,0.053658537,0.004878049,0.995121951
NOWSHERA DISTRICT,KHYBER PAKHTUNKHWA,PESHAWAR DIVISION,0.798742138,0.050314465,0.050314465,0.012578616,0.088050314,355,0.957746479,0.028169014,0.007042254,0.309859155,0.64084507,0.007042254,0.330985915,0.471830986,0.457746479,0.077464789,0.5,0.056338028,0.056338028,0.464788732,0.126760563,0.014084507,0.289308176,130,84,77400,0,0,0,1,115.2138365,0.12244898,0.972789116,3.25,0.319727891,0.768707483,0.12244898,0.013605442,0.040816327,0.353741497,0.027210884,0.068027211,0.006802721,0,2.204081633,3.299319728,0.315068493,7.69,0.342465753,6.75,0.301369863,7.558823529,0.116438356,8.550387597,0.226027397,8.398230088,0.212328767,9.530434783,0.273972603,9.41509434,0.363013699,7.924731183,0.945205479,4.625,0.664383562,4.857142857,0.506849315,10.43055556,0.102739726,10.05343511,0.068027211,16.13868613,0.646258503,8.634615385,0.910958904,5.615384615,0.582191781,5.360655738,0.424657534,7.166666667,0.082191781,11.47014925,0.089041096,16.38345865,0.598639456,9.389830508,0.129251701,0.020408163,0.047619048,0.054421769,0.027210884,0.027210884,0.863945578,0,0,0,0,0,0.006802721,0.993197279,0.156462585,10.65322581,0.272108844,9.710280374,0.210884354,0.619047619,170,103,17,1,0,0.643835616,0.020547945,0.452054795,0.01369863,0.157534247,0.589041096,0.246575342,0.089041096,0.753424658,0.01369863,Metaled,8.428571429,0.568493151,0.931506849,0.246575342,0.534246575,0.020547945,0.308219178,8.128712871,0.068493151,12.99264706,0.308219178,10.22772277,0.109589041,10.52307692,0.397260274,8.704545455,0.863013699,10.3,0.260273973,10.30555556,0.068493151,12.04411765,0.116438356,12.45736434,0.136986301,12.84920635,0.356164384,10.67021277,0.842465753,10.65217391,0.452054795,13.35,0.308219178,11.81188119,0.842465753,10.04347826,0.123287671,12536,0.164383562,22846,0.123287671,0.006849315,0.068493151,0.047945205,0.006849315,0.602739726,0.123287671,0.301369863,0.01369863,0.02739726,0.006849315,0.04109589,0.082191781,0.260273973,0.136986301,9.444444444,0.205479452,10.56034483,0.219178082,7.719298246,0.226027397,7.061946903,0.068493151,0.061643836,0,0.006849315,0.876712329,0.020547945,0.020547945,0,0.006849315,0.95890411,0.020547945,0.047945205,0.020547945,0.034246575,0.883561644,2,2,2,0,2,2,2,2,0,0,0,0,0,0,159,3,0.360544218,0.040816327,0.585034014,0.013605442,0.496598639,0.326530612,0.006802721,0.170068027,0.87755102,0.095238095,0.027210884,0.06122449,0.93877551
PESHAWAR DISTRICT,KHYBER PAKHTUNKHWA,PESHAWAR DIVISION,0.833333333,0.110062893,0.056603774,0,0,821,0.97133758,0.031847134,0.00955414,0.47133758,0.713375796,0.006369427,0.108280255,0.369426752,0.630573248,0.136942675,0.207006369,0.26433121,0.006369427,0.23566879,0.022292994,0.015923567,0.179245283,452,141,106272,0,0,0,1,86.67610063,0.163522013,0.949685535,3.1875,0.36163522,0.757861635,0.025157233,0,0.062893082,0.459119497,0.037735849,0.040880503,0.006289308,0.003144654,2.644654088,3.364779874,0.261006289,8.076595745,0.330188679,6.093896714,0.213836478,6.164,0.176100629,11.70610687,0.160377358,10.64419476,0.411949686,11.20855615,0.342767296,6.655502392,0.301886792,11.71621622,0.927672956,3.130434783,0.647798742,3.633928571,0.393081761,5.025906736,0.075471698,10.7755102,0.044025157,14.70065789,0.748427673,7.95,0.858490566,2.533333333,0.550314465,4.531468531,0.295597484,6.696428571,0.103773585,11.93333333,0.062893082,15.08389262,0.688679245,9.797979798,0.06918239,0.006289308,0.022012579,0.025157233,0.01572327,0.003144654,0.93081761,0.003144654,0.003144654,0.003144654,0.003144654,0.003144654,0.006289308,0.993710692,0.185534591,7.046332046,0.389937107,7.231958763,0.352201258,0.679245283,527,481,36,1,0,0.798742138,0.034591195,0.399371069,0.01572327,0.113207547,0.636942675,0.324840764,0.111464968,0.691082803,0.041401274,Metaled,2.586206897,0.830188679,0.867924528,0.22327044,0.547169811,0.003144654,0.440251572,7.882022472,0.103773585,17.50175439,0.066037736,16.13468013,0.125786164,12.44964029,0.377358491,7.272727273,0.761006289,5.802631579,0.330188679,12.98591549,0.094339623,9.659722222,0.072327044,14.85084746,0.13836478,14.39416058,0.522012579,10.51315789,0.962264151,7.416666667,0.537735849,10.91156463,0.36163522,13.84729064,0.968553459,11.2,0.141509434,20411,0.122641509,28952,0.166666667,0.056603774,0.056603774,0.01572327,0.053459119,0.474842767,0.022012579,0.119496855,0.009433962,0.003144654,0,0.028301887,0.100628931,0.427672956,0.13836478,13.62773723,0.305031447,11.74660633,0.248427673,6.861924686,0.320754717,5.652777778,0.056603774,0.025157233,0,0.003144654,0.93081761,0.034591195,0.006289308,0,0,0.965408805,0.01572327,0.031446541,0.075471698,0.037735849,0.86163522,2,1,2,0,2,2,2,0,0,0,0,0,0,0,315,5,0.163522013,0.066037736,0.764150943,0.006289308,0.588050314,0.204402516,0.009433962,0.198113208,0.836477987,0.125786164,0.037735849,0.050314465,0.949685535
BAHAWALNAGAR DISTRICT,PUNJAB,BAHAWALPUR DIVISION,0.929026388,0.035486806,0.020018198,0,0.015468608,3099,0.995429616,0.520109689,0.834552102,0.330895795,0.409506399,0.101462523,0.211151737,0.372943327,0.891224863,0.067641682,0.617001828,0.00274223,0.00274223,0.067641682,0.007312614,0.005484461,0.767970883,3077,2711,2833496,0,0,0,1,57.78161965,0.044117647,0.422405877,5.141494436,0.302389706,0.735294118,0.078125,0.008272059,0.110294118,0.002757353,0.044117647,0.000919118,0.041360294,0.022977941,3.517906336,3.877869605,0.177389706,9.067039106,0.159926471,8.191466083,0.155330882,8.403699674,0.117647059,11.83958333,0.102022059,10.45342886,0.091911765,12.37955466,0.148897059,10.20410367,0.257116621,10.19530284,0.854912764,4.886075949,0.291092746,6.022020725,0.151515152,8.293290043,0.04775023,16.55159113,0.04775023,18.61812922,0.240587695,12.4050786,0.778696051,5.381742739,0.289256198,6.569767442,0.129476584,8.717299578,0.044995409,16.44615385,0.044995409,19.27115385,0.189164371,12.42242356,0.101928375,0.027548209,0.062442608,0.061524334,0.029384757,0.000918274,0.879706152,0.008264463,0.006427916,0.009182736,0.013774105,0.001836547,0,0.983471074,0.102846648,8.324462641,0.147842057,9.232758621,0.4912764,0.84389348,154,102,202,1,0,0.159007353,0.005514706,0.035845588,0.022977941,0.818014706,0.03451582,0.200383509,0.052732502,0.957813998,0.030680729,Metaled,3.38028169,0.363051471,0.918198529,0.097426471,0.080882353,0.042279412,0.095676173,10.56154629,0.052389706,36.40737148,0.049632353,12.72147002,0.124080882,9.557187828,0.306985294,6.273209549,0.411764706,8.640625,0.085477941,19.46834171,0.038567493,16.01432665,0.040441176,13.47318008,0.047794118,14.1988417,0.125,12.92647059,0.875919118,10.81481481,0.105698529,13.49537513,0.143382353,12.80472103,0.837316176,12.8700565,0.03030303,258,0.022956841,901,0.143119266,0.047706422,0.04587156,0.000917431,0.060550459,0.845446182,0.544618215,0.480220791,0.412143514,0.066237351,0.205151794,0.088316467,0.643974241,0.109475621,0.050551471,14.07841239,0.133272059,12.52492047,0.126838235,8.481052632,0.055147059,12.29863813,0.006422018,0.001834862,0.004587156,0.006422018,0.985321101,0.001834862,0.000917431,0,0.002752294,0.996330275,0.001834862,0.025688073,0.021100917,0.01559633,0.939449541,2,1,0,0,2,0,2,0,0,0,0,0,0,2,1095,5,0.454461822,0.036798528,0.499540018,0.009199632,0.100275989,0.018399264,0.271389144,0.609935603,0.955882353,0.026654412,0.017463235,0.137200737,0.862799263
BAHAWALPUR DISTRICT,PUNJAB,BAHAWALPUR DIVISION,0.868531469,0.078321678,0.041958042,0,0.011188811,2691,0.988668555,0.648725212,0.97733711,0.686968839,0.545325779,0.059490085,0.417847025,0.601983003,0.926345609,0.050991501,0.756373938,0.009915014,0,0,0,0.001416431,0.758087201,2468,1983,1717422,0,0,0,1,83.50351617,0.064971751,0.655367232,3.295081967,0.096045198,0.826271186,0.093220339,0.011299435,0.151129944,0.001412429,0.018361582,0.001412429,0.042372881,0.012711864,3.395480226,3.77259887,0.169491525,7.826530612,0.165254237,7.175972927,0.138418079,7.240983607,0.128531073,15.86871961,0.103107345,9.062992126,0.122881356,10.27375201,0.13700565,8.633387889,0.20480226,9.973357016,0.871468927,3.89010989,0.353107345,5.720524017,0.166666667,7.498305085,0.039548023,15.27058824,0.038135593,19.9030837,0.234463277,12.93357934,0.782485876,4.922077922,0.312146893,6.507186858,0.151129944,8.133111481,0.042372881,14.19174041,0.033898305,19.08625731,0.161016949,13.73063973,0.072033898,0.018361582,0.06779661,0.04519774,0.018361582,0.004237288,0.895480226,0.008474576,0.001412429,0.007062147,0.005649718,0,0.001412429,0.984463277,0.125706215,7.063004847,0.200564972,7.733215548,0.292372881,0.786723164,222,207,49,1,0,0.384180791,0.005649718,0.026836158,0.007062147,0.598870056,0.108262108,0.196581197,0.103988604,0.965811966,0.037037037,Metaled,3.116666667,0.604519774,0.939265537,0.183615819,0.166666667,0.025423729,0.124293785,9.208064516,0.039548023,20.075,0.036723164,14.28445748,0.128531073,8.740680713,0.361581921,5.079646018,0.593220339,7.947916667,0.079096045,18.16257669,0.016949153,18.20258621,0.028248588,19.125,0.053672316,15.90149254,0.148305085,10.67164179,0.942090395,8.170731707,0.145480226,12.68595041,0.18079096,12.14827586,0.927966102,9.784313725,0.02259887,171,0.011299435,1375,0.055084746,0.011299435,0.015536723,0,0.028248588,0.894067797,0.38559322,0.563559322,0.281073446,0.031073446,0.144067797,0.043785311,0.474576271,0.351694915,0.06920904,12.07890744,0.115819209,13.26677316,0.176553672,6.677530017,0.063559322,8.671191554,0.016949153,0.004237288,0.002824859,0.004237288,0.978813559,0.015536723,0.004237288,0.001412429,0.002824859,0.980225989,0.014124294,0.02259887,0.040960452,0.086158192,0.872881356,2,1,2,0,2,2,2,2,0,0,0,0,0,2,709,6,0.436440678,0.046610169,0.507062147,0.009887006,0.15819209,0.024011299,0.31779661,0.5,0.935028249,0.04519774,0.019774011,0.062146893,0.937853107
CHOLISTAN,PUNJAB,BAHAWALPUR DIVISION ,0.323971916,0.002006018,0,0,0.674022066,603,0.993902439,0.103658537,0.911585366,0.234756098,0.070121951,0,0.00304878,0.079268293,0.807926829,0.00304878,0.301829268,0,0.00304878,0.021341463,0,0.036585366,0.524096386,421,30,18752,0,0,0,1,76.48338369,0.006097561,0.182926829,3.843283582,0.006134969,0.702453988,0.003067485,0,0.343558282,0.006134969,0.162576687,0.003067485,0.104294479,0.006134969,3.966153846,3.984615385,0.021538462,16.01257862,0.024615385,13.71293375,0.018461538,15.73354232,0.015384615,18.903125,0.018461538,18.81191223,0.009230769,17.74223602,0.012307692,16.07788162,0.027692308,17.87974684,0.458461538,9.511363636,0.073846154,12.04983389,0.021538462,14.84591195,0,21.97230769,0,23.61846154,0.036923077,18.98083067,0.267692308,10.72689076,0.058461538,13.81045752,0.021538462,15.56289308,0.003076923,22.64506173,0,23.24307692,0.015384615,20.340625,0.018461538,0,0,0,0,0,0.981538462,0,0,0,0,0,0,1,0.027692308,14.14556962,0.129230769,13.88339223,0.347692308,0.990769231,0,1,2,4,0,0.372307692,0,0,0.015384615,0.612307692,0.00308642,0.00617284,0.064814815,1,0.012345679,Metaled,7.208,0.455384615,0.443076923,0.009230769,0.006153846,0.323076923,0.015384615,16.090625,0.003076923,23.36111111,0.003076923,19.33950617,0.006153846,13.92260062,0.107692308,10.54137931,0.061538462,16.68852459,0.003076923,28.87037037,0.003076923,24.19753086,0.006153846,23.24458204,0.006153846,22.65944272,0.012307692,20.02803738,0.864615385,15.27272727,0.003076923,20.06481481,0.003076923,19.62962963,0.763076923,16.7012987,0.04,659,0.009230769,503,0.166153846,0.129230769,0.012307692,0,0.024615385,0.24,0.009230769,0.021538462,0.101538462,0.009230769,0.018461538,0,0.710769231,0.489230769,0,19.81538462,0.012307692,19.14953271,0.003076923,16.70987654,0.012307692,16.18068536,0,0,0,0,1,0,0,0,0,1,0,0,0,0,1,0,1,0,0,2,0,2,0,0,0,0,0,0,2,981,5,0.06116208,0.064220183,0.853211009,0.021406728,0.018348624,0.006116208,0.021406728,0.95412844,0.993902439,0,0.006097561,0.769230769,0.230769231
RAHIM YAR KHAN DISTRICT,PUNJAB,BAHAWALPUR DIVISION,0.929565217,0.031304348,0.028695652,0.006086957,0.004347826,6125,0.993031359,0.628919861,0.945993031,0.817944251,0.341463415,0.036585366,0.405923345,0.368466899,0.964285714,0.044425087,0.675087108,0.00174216,0.00174216,0.00087108,0.00174216,0,0.912173913,5703,3861,3791468,0,0,0,1,54.83391304,0.049651568,0.579268293,2.393374741,0.046167247,0.828397213,0.06184669,0.019163763,0.222996516,0.00087108,0.013066202,0.00174216,0.042682927,0.00261324,3.741063644,3.79250218,0.102877071,7.963070943,0.120313862,7.004955401,0.102005231,7.395145631,0.07504363,13.67358491,0.078465562,9.288552507,0.098603839,10.04065828,0.101133391,8.732298739,0.175239756,9.515856237,0.826655052,4.090452261,0.263937282,5.418934911,0.137630662,6.998989899,0.011324042,19.25198238,0.020034843,20.31733333,0.223867596,14.82716049,0.74738676,5.489655172,0.208188153,6.665566557,0.089721254,8.8,0.019163763,17.46447602,0.016550523,20.75287865,0.115853659,17.26108374,0.074041812,0.015679443,0.027874564,0.017421603,0.016550523,0.003484321,0.914634146,0.006097561,0.00174216,0.00261324,0.003484321,0.005226481,0.00174216,0.987804878,0.073234525,9.644402634,0.176983435,9.677966102,0.568439407,0.784655623,398,175,100,1,0,0.373472949,0.008726003,0.036649215,0.013089005,0.602966841,0.091863517,0.127734033,0.117235346,0.975503062,0.033245844,Metaled,3.382022472,0.65008726,0.946771379,0.10122164,0.146596859,0.016579407,0.109756098,8.75146771,0.017421603,19.43617021,0.033972125,14.64201984,0.116724739,8.459566075,0.302264808,6.106117353,0.317073171,7.225765306,0.052264808,15.37224265,0.015693112,17.2214349,0.02005231,19.48398577,0.040104621,17.36875568,0.119442023,11.98712871,0.929380994,9.456790123,0.084568439,14.20285714,0.126416739,12.87125749,0.897122929,12.55932203,0.030487805,367,0.015679443,8338,0.101916376,0.06010453,0.032229965,0.00174216,0.013066202,0.923211169,0.5008726,0.683246073,0.354275742,0.052356021,0.239092496,0.047993019,0.2504363,0.109075044,0.048780488,11.82967033,0.050522648,16.9412844,0.1228223,7.734856008,0.056620209,9.094182825,0.015679443,0.00087108,0.00087108,0.00261324,0.982578397,0.008710801,0.00087108,0.00087108,0.00174216,0.990418118,0.022648084,0.018292683,0.054006969,0.006097561,0.907665505,2,1,2,0,2,2,2,0,2,0,0,0,0,2,1129,4,0.452879581,0.04886562,0.483420593,0.014834206,0.109170306,0.020087336,0.194759825,0.675982533,0.950348432,0.023519164,0.026132404,0.08282476,0.91717524
DERA GHAZI KHAN DISTRICT,PUNJAB,D.G.KHAN DIVISION,0.908323281,0.015681544,0.021712907,0.003618818,0.05066345,3205,0.988679245,0.337106918,0.413836478,0.211320755,0.164779874,0.033962264,0.056603774,0.100628931,0.344654088,0.093081761,0.496855346,0.06163522,0.064150943,0.472955975,0.155974843,0.051572327,0.178743961,1153,871,443349,0,0,0,1,149.589372,0.020858896,0.798773006,4.646341463,0.072660099,0.677339901,0.032019704,0.002463054,0.094827586,0.032019704,0.051724138,0.210591133,0.314039409,0.030788177,3.833538841,3.949445129,0.070110701,22.55687831,0.097170972,14.73160763,0.076260763,16.76298269,0.041820418,31.5648267,0.060270603,24.91492147,0.073800738,22.39176627,0.110701107,12.70954357,0.081180812,18.78848728,0.637146371,6.166101695,0.221402214,8.796208531,0.103321033,12.82304527,0.017220172,34.63204005,0.01599016,34.06,0.21402214,27.88106416,0.43190184,10.50539957,0.148831488,13.50578035,0.062730627,17.74671916,0.014760148,34.86142322,0.007380074,34.55638166,0.140221402,29.2360515,0.004907975,0.001226994,0.002453988,0.003680982,0.002453988,0,0.993865031,0,0,0,0.001226994,0,0.001226994,0.997546012,0.070197044,13.4410596,0.133004926,18.76988636,0.350985222,0.928834356,95,152,668,4,0,0.699386503,0.003680982,0.009815951,0.013496933,0.287116564,0.026515152,0.087121212,0.015151515,0.974747475,0.016414141,Metaled,10.47532468,0.77791411,0.45398773,0.042944785,0.109202454,0.098159509,0.092137592,18.39783491,0.020884521,43.72772898,0.023341523,32.61383648,0.063882064,22.07349081,0.240786241,18.79126214,0.542997543,10.34677419,0.055282555,34.45903771,0.039312039,19.40409207,0.049140049,30.65762274,0.05036855,30.88098318,0.063882064,23.47900262,0.78009828,17.69273743,0.072481572,31.03178808,0.052825553,30.18287938,0.585995086,24.02373887,0.013496933,900,0.012269939,1883,0.040441176,0.011029412,0.019607843,0,0.012254902,0.39378882,0.11552795,0.086956522,0.036024845,0.055900621,0.088198758,0.013664596,0.067080745,0.530434783,0.047911548,28.31870968,0.110565111,31.57596685,0.074938575,14.26029216,0.103194103,9.867123288,0.007361963,0.020858896,0.01595092,0.001226994,0.955828221,0.001226994,0.004907975,0.001226994,0,0.992638037,0.00618047,0.014833127,0.021013597,0.011124845,0.951792336,2,1,0,0,2,2,2,0,0,0,0,0,0,0,826,4,0.057285181,0.413449564,0.516811955,0.0124533,0.03362391,0.01369863,0.118306351,0.834371108,0.979141104,0.01595092,0.004907975,0.586550436,0.413449564
LAYYAH DISTRICT,PUNJAB,D.G.KHAN DIVISION,0.876033058,0.071625344,0.017906336,0.011019284,0.023415978,1896,0.990126939,0.297602257,0.880112835,0.341325811,0.476727786,0.293370945,0.514809591,0.260930889,0.764456982,0.045133992,0.915373766,0.009873061,0,0.04090268,0,0.001410437,0.617110799,964,844,1027870,0,0,0,1,46.05625879,0.040787623,0.969057665,5.181818182,0.022503516,0.967651195,0.011251758,0.00281294,0.05907173,0.007032349,0.014064698,0,0,0,3.742616034,3.917018284,0.111267606,7.927099842,0.116901408,8.285486443,0.097183099,7.742589704,0.092957746,11.24689441,0.085915493,8.976887519,0.108450704,9.576619273,0.116901408,8.779904306,0.2,9.306338028,0.854724965,4.330097087,0.315937941,5.317525773,0.138222849,7.571194763,0.023977433,15.88583815,0.02538787,15.67149059,0.203102962,11.52035398,0.778561354,5.050955414,0.315937941,5.872164948,0.108603667,8.930379747,0.023977433,13.42196532,0.022566996,15.92063492,0.093088858,12.10108865,0.046544429,0.005641749,0.022566996,0.009873061,0.005641749,0.002820874,0.942172073,0.001410437,0.001410437,0.001410437,0,0,0,0.995768688,0.118476728,7.2752,0.252468265,7.809433962,0.502115656,0.737658674,371,158,15,2,0,0.527503526,0.018335684,0.012693935,0.022566996,0.45416079,0.053596615,0.146685472,0.031029619,0.956276446,0.049365303,Metaled,4.650485437,0.442877292,0.830747532,0.056417489,0.055007052,0.077574048,0.080394922,9.72392638,0.018335684,20.29885057,0.039492243,10.42437592,0.090267983,9.16744186,0.430183357,7.148514851,0.3977433,7.955503513,0.06629055,19.79305136,0.02538787,17.56729378,0.04090268,14.64558824,0.038081805,15.59970674,0.146685472,10.45289256,0.8674189,10.23404255,0.088857546,12.25696594,0.110014104,11.93343899,0.837799718,14.6173913,0.146685472,2247,0.23943662,26783,0.101408451,0.04084507,0.035211268,0.005633803,0.025352113,0.751763047,0.552891396,0.452750353,0.440056417,0.160789845,0.229901269,0.165021157,0.461212976,0.152327221,0.038081805,14.10117302,0.078984485,11.59724349,0.08180536,9.588325653,0.047954866,10.36592593,0.015536723,0.004237288,0.002824859,0.002824859,0.983050847,0.008474576,0.001412429,0.001412429,0.002824859,0.988700565,0.004237288,0.007062147,0.014124294,0.011299435,0.967514124,2,1,2,0,2,2,2,2,0,0,0,0,0,2,726,3,0.431179775,0.043539326,0.515449438,0.009831461,0.11814346,0.018284107,0.23347398,0.630098453,0.959212377,0.028129395,0.012658228,0.11673699,0.88326301
MUZAFFARGARH DISTRICT,PUNJAB,D.G.KHAN DIVISION,0.87283825,0.04069176,0.033570702,0.016276704,0.036622584,4443,0.98940678,0.552966102,0.866525424,0.574152542,0.390889831,0.072033898,0.31779661,0.261652542,0.754237288,0.101694915,0.663135593,0.091101695,0,0.027542373,0.021186441,0.003177966,0.529598309,2365,1742,1331364,0,0,0,1,46.36440678,0.04685836,0.900318134,4.989361702,0.023379384,0.976620616,0.039319872,0.001062699,0.044633369,0,0.010626993,0.001062699,0.001062699,0.002125399,3.692144374,3.910828025,0.133757962,8.349264706,0.132837407,7.737745098,0.120085016,8.384057971,0.087141339,13.27008149,0.098831031,9.385613208,0.123273114,9.549090909,0.110520723,9.225806452,0.183846971,9.102864583,0.744161359,4.112033195,0.308182784,6.769585253,0.1424017,8.807930607,0.04357067,18.55777778,0.058448459,18.73137698,0.342553191,10.85275081,0.632306057,5.080924855,0.245483528,7.561971831,0.110520723,9.491039427,0.049946865,17.00447427,0.058448459,18.60496614,0.222104145,11.79234973,0.027600849,0.005307856,0.006369427,0.011677282,0.004246285,0,0.961783439,0.003184713,0.001061571,0.001061571,0.001061571,0,0.001061571,0.995753715,0.142099682,7.25710754,0.264612115,7.985549133,0.34218916,0.738853503,324,217,2878,2,0,0.371155885,0.006362672,0.049840933,0.004241782,0.595970308,0.06517094,0.043803419,0.06517094,0.983974359,0.010683761,Metaled,5.975961538,0.550371156,0.857900318,0.088016967,0.224814422,0.062566278,0.096602972,9.820211516,0.041401274,24.33001107,0.04670913,13.37750557,0.14118896,9.355995056,0.441613588,7.733840304,0.442675159,8.354285714,0.06581741,17.23522727,0.036170213,17.12362031,0.046808511,30.11383929,0.048832272,17.19642857,0.177659574,10.71151358,0.847133758,15.05555556,0.139510117,12.60272277,0.142553191,12.0483871,0.791710946,11.68367347,0.039153439,4600,0.028601695,19360,0.124867725,0.019047619,0.092063492,0,0.013756614,0.820512821,0.310897436,0.251068376,0.212606838,0.071581197,0.142094017,0.052350427,0.150641026,0.192307692,0.048832272,12.9765625,0.112526539,11.01076555,0.124203822,8.736969697,0.079617834,10.25605536,0.035031847,0,0.003184713,0,0.964968153,0.024416136,0,0.003184713,0,0.975583864,0.012779553,0.012779553,0.029818956,0.051118211,0.904153355,2,1,2,0,2,0,2,0,0,0,0,0,0,2,978,4,0.234541578,0.065031983,0.692963753,0.007462687,0.114316239,0.00534188,0.268162393,0.612179487,0.95314164,0.022364217,0.024494143,0.228051392,0.771948608
RAJANPUR DISTRICT,PUNJAB,D.G.KHAN DIVISION,0.829588015,0.033707865,0.024344569,0.005617978,0.106741573,1655,0.904580153,0.465648855,0.757633588,0.396946565,0.200381679,0.036259542,0.083969466,0.242366412,0.505725191,0.106870229,0.675572519,0.038167939,0.005725191,0.127862595,0.158396947,0.022900763,0.314500942,907,686,568989,0,0,0,1,121.3981132,0.03968254,0.712301587,8.137931034,0.067594433,0.719681909,0.029821074,0.003976143,0.099403579,0.029821074,0.081510934,0.039761431,0.161033797,0.021868787,3.797619048,3.94047619,0.097222222,14.81538462,0.095238095,11.96491228,0.073412698,12.99785867,0.043650794,17.86929461,0.053571429,16.16771488,0.079365079,15.03663793,0.097222222,12.45274725,0.095238095,15.74122807,0.66468254,10.6035503,0.192460317,11.41769042,0.109126984,13.77505568,0.01984127,25.09109312,0.01984127,23.92712551,0.160714286,15.19385343,0.523809524,12.42083333,0.142857143,12.51157407,0.063492063,15.01059322,0.023809524,25.89634146,0.021825397,24.27789047,0.071428571,18.72222222,0.017857143,0.001984127,0.001984127,0.001984127,0,0,0.982142857,0,0,0.001984127,0,0,0,0.998015873,0.055555556,13.1512605,0.087301587,13.80869565,0.291666667,0.94047619,44,14,40,2,0,0.601190476,0.027777778,0.061507937,0.009920635,0.376984127,0.005976096,0.091633466,0.065737052,0.992031873,0.021912351,Metaled,8.695876289,0.648809524,0.571428571,0.047619048,0.132936508,0.168650794,0.14484127,12.52204176,0.011904762,62.3815261,0.015873016,25.90322581,0.097222222,15.62197802,0.339285714,13.8048048,0.382936508,11.8392283,0.055555556,29.3907563,0.011904762,20.22891566,0.015873016,29.67741935,0.029761905,23.23517382,0.067460317,16.46808511,0.849206349,15.90789474,0.055555556,17.48319328,0.051587302,16.84518828,0.763888889,17.74789916,0.045634921,3123,0.043650794,9670,0.392857143,0.109126984,0.212301587,0,0.095238095,0.662698413,0.396825397,0.240079365,0.186507937,0.218253968,0.132936508,0.043650794,0.325396825,0.267857143,0.023809524,18.59756098,0.047619048,20.09791667,0.043650794,14.11410788,0.126984127,9.590909091,0.10515873,0,0.001984127,0.001984127,0.892857143,0.063492063,0,0,0,0.936507937,0.003968254,0.013888889,0.009920635,0.001984127,0.974206349,2,1,2,0,2,2,2,0,0,0,0,0,0,2,532,4,0.091451292,0.276341948,0.554671968,0.077534791,0.059642147,0.011928429,0.155069583,0.773359841,0.96031746,0.027777778,0.011904762,0.592445328,0.407554672
CHINIOT DISTRICT,PUNJAB,FAISALABAD DIVISION,0.930939227,0.022099448,0.005524862,0.002762431,0.038674033,566,0.994413408,0.952513966,0.245810056,0.966480447,0.94972067,0.039106145,0.136871508,0.497206704,0.709497207,0.044692737,0.941340782,0.025139665,0,0.002793296,0.025139665,0.01396648,0.415041783,378,336,189273,0,0,0,1,61.75487465,0.146478873,0.985915493,3.4,0.022535211,0.985915493,0.05915493,0.005633803,0.090140845,0,0.008450704,0.002816901,0,0,2.644067797,3.915254237,0.118644068,8.054487179,0.13559322,7.218954248,0.093220339,10.2834891,0.059322034,13.98198198,0.076271186,11.12844037,0.050847458,12.22619048,0.09039548,9.894409938,0.110169492,9.882539683,0.870056497,3.913043478,0.257062147,5.737642586,0.144067797,6.788778878,0.02259887,16.13872832,0.016949153,18.36494253,0.104519774,13.0851735,0.814084507,4.409090909,0.203389831,6.411347518,0.084745763,8.864197531,0.025423729,16.2,0.02259887,19.27745665,0.073446328,13.625,0.028169014,0.011267606,0.011267606,0.016901408,0.002816901,0.002816901,0.963380282,0,0,0,0,0,0.002816901,0.997183099,0.11299435,7.796178344,0.146892655,9.867549669,0.236619718,0.847887324,51,26,25,1,0,0.16056338,0.022535211,0.033802817,0.008450704,0.805633803,0.047887324,0.092957746,0.025352113,0.983098592,0.022535211,Metaled,3.490196078,0.630985915,0.946478873,0.143661972,0.188732394,0.022535211,0.152542373,11.02666667,0.031073446,20.32653061,0.016949153,16.58908046,0.107344633,10.61392405,0.211864407,6.05734767,0.61299435,5.759124088,0.036723164,17.16129032,0.014124294,20.00286533,0.008474576,22.76353276,0.011299435,21.00285714,0.107344633,11.91772152,0.912429379,8.483870968,0.079096045,13.01840491,0.138418079,13.06885246,0.84180791,8.125,0.014084507,97,0.005633803,1213,0.053521127,0.002816901,0.045070423,0,0.005633803,0.954929577,0.591549296,0.673239437,0.056338028,0.025352113,0.149295775,0.064788732,0.484507042,0.118309859,0.031073446,13.82215743,0.062146893,23.93072289,0.11299435,9.76433121,0.070621469,7.525835866,0.008450704,0.002816901,0,0.008450704,0.988732394,0.005633803,0.002816901,0,0.002816901,0.991549296,0.01971831,0.033802817,0.036619718,0.01971831,0.915492958,2,1,0,0,2,0,2,0,0,0,0,0,0,2,361,3,0.383098592,0.033802817,0.577464789,0.005633803,0.062322946,0.016997167,0.657223796,0.263456091,0.853521127,0.028169014,0.118309859,0.302259887,0.697740113
FAISALABAD DISTRICT,PUNJAB,FAISALABAD DIVISION,0.896674584,0.06175772,0.032066508,0,0.009501188,1870,0.99523242,0.699642431,0.376638856,0.893921335,0.759237187,0.032181168,0.286054827,0.471990465,0.938021454,0.020262217,0.772348033,0.005959476,0.00238379,0.00476758,0.001191895,0.00476758,0.830166271,1996,1849,2221955,0,0,0,1,65.28028504,0.141148325,0.399521531,2.78685259,0.090909091,0.734449761,0.15430622,0.01076555,0.540669856,0.001196172,0.016746411,0,0.008373206,0.016746411,1.913875598,3.7715311,0.252392344,6.3248,0.269138756,5.504091653,0.21291866,6.193009119,0.116028708,9.638700947,0.169856459,7.403458213,0.166267943,7.93687231,0.217703349,7.749235474,0.422248804,7.780538302,0.965311005,4.724137931,0.507177033,4.390776699,0.275119617,6.037953795,0.035885167,12.96029777,0.027511962,13.43296433,0.296650718,11.28231293,0.935406699,4.925925926,0.553827751,5.254691689,0.261961722,6.980551053,0.038277512,12.05970149,0.025119617,13.41595092,0.270334928,11.26065574,0.267942584,0.065789474,0.273923445,0.096889952,0.083732057,0.011961722,0.593301435,0.005980861,0.005980861,0.007177033,0.005980861,0.005980861,0,0.991626794,0.18062201,6.262773723,0.303827751,7.446735395,0.516746411,0.526315789,1172,481,500,1,0,0.264354067,0.015550239,0.190191388,0.043062201,0.639952153,0.386666667,0.208484848,0.094545455,0.832727273,0.037575758,Metaled,2.6,0.490430622,0.935406699,0.744019139,0.33492823,0.009569378,0.264354067,8.541463415,0.027511962,16.25707257,0.03708134,13.73913043,0.141148325,8.025069638,0.315789474,5.622377622,0.623205742,6.117460317,0.136363636,11.83518006,0.015550239,15.70473876,0.020334928,14.52991453,0.044258373,13.14017522,0.373205742,8.574427481,0.900717703,6.409638554,0.438995215,9.970149254,0.600478469,9.700598802,0.922248804,7.676923077,0.113636364,1809,0.009569378,1577,0.027511962,0.004784689,0.001196172,0.005980861,0.015550239,0.503588517,0.066985646,0.361244019,0.039473684,0.014354067,0.004784689,0.033492823,0.173444976,0.315789474,0.120813397,8.578231293,0.234449761,11.0265625,0.331339713,7.552772809,0.102870813,7.378666667,0.015550239,0.004784689,0.003588517,0.008373206,0.979665072,0.007177033,0.001196172,0.001196172,0.001196172,0.991626794,0.029904306,0.044258373,0.08492823,0.028708134,0.858851675,2,1,2,0,2,2,2,2,0,0,0,0,0,2,842,6,0.824162679,0.003588517,0.169856459,0.002392344,0.233253589,0.03708134,0.657894737,0.071770335,0.858851675,0.039473684,0.101674641,0.023923445,0.976076555
JHANG DISTRICT,PUNJAB,FAISALABAD DIVISION,0.906077348,0.034530387,0.016574586,0.005524862,0.037292818,1960,0.992907801,0.946099291,0.75177305,0.887943262,0.758865248,0.096453901,0.24822695,0.290780142,0.54751773,0.114893617,0.924822695,0.002836879,0,0.031205674,0.012765957,0.007092199,0.340813464,977,761,691294,0,0,0,1,50.09817672,0.086158192,0.957567185,5.7,0.007072136,0.975954738,0.035360679,0.001414427,0.042432815,0,0.018387553,0,0.002828854,0.002828854,3.433615819,3.905367232,0.151343706,7.643333333,0.145685997,7.364238411,0.121640736,7.528180354,0.055240793,15.77811094,0.092067989,10.13572543,0.117563739,10.8812199,0.141643059,8.768976898,0.216713881,8.896925859,0.821529745,3.333333333,0.349858357,5.187363834,0.198300283,7.300353357,0.025495751,19.15843023,0.011331445,26.85100287,0.220963173,13.02,0.771954674,4.111801242,0.287535411,5.817097416,0.130311615,8.40228013,0.026912181,20.59097525,0.011331445,27.13180516,0.158640227,15.93265993,0.029745042,0.008498584,0.008498584,0.005665722,0.007082153,0.001416431,0.966005666,0,0,0,0,0.002832861,0.001416431,0.995750708,0.154829545,7.514285714,0.247159091,9.586792453,0.392907801,0.859574468,116,137,161,2,0,0.353606789,0.007072136,0.028288543,0.011315417,0.632248939,0.035971223,0.08057554,0.071942446,0.982733813,0.015827338,Metaled,4.617886179,0.238297872,0.875177305,0.127659574,0.096453901,0.058156028,0.174220963,9.084048027,0.025495751,28.79796512,0.031161473,19.86842105,0.099150142,10.39465409,0.390934844,6.281395349,0.478753541,7.836956522,0.086402266,23.88992248,0.015602837,28.41642651,0.018439716,26.03323699,0.026950355,22.45918367,0.131914894,13.98039216,0.896453901,12.50684932,0.083687943,17.10990712,0.123404255,15.99838188,0.818439716,14.484375,0.048022599,1518,0.018361582,1118,0.29519774,0.016949153,0.254237288,0.007062147,0.018361582,0.909348442,0.101983003,0.232294618,0.076487252,0.002832861,0.008498584,0.02266289,0.060906516,0.247875354,0.073863636,14.20552147,0.096728307,16.95433071,0.140425532,7.455445545,0.051136364,9.847305389,0.007062147,0,0,0.002824859,0.990112994,0.004243281,0,0,0.001414427,0.994342291,0.009915014,0.011331445,0.018413598,0.015580737,0.95325779,2,1,0,0,2,0,2,0,0,0,0,0,0,2,722,4,0.314002829,0.057991513,0.622347949,0.005657709,0.106382979,0.007092199,0.425531915,0.460992908,0.913841808,0.031073446,0.055084746,0.202549575,0.797450425
TOBA TEK SINGH DISTRICT,PUNJAB,FAISALABAD DIVISION,0.955882353,0.011029412,0.022058824,0.001838235,0.009191176,1125,0.990774908,0.573800738,0.564575646,0.878228782,0.701107011,0.051660517,0.376383764,0.298892989,0.915129151,0.018450185,0.878228782,0.001845018,0.001845018,0.009225092,0,0.001845018,0.812154696,1345,1129,1350035,0,0,0,1,62.77900552,0.090405904,0.533210332,3.893280632,0.367158672,0.726937269,0.094095941,0.003690037,0.166051661,0.001845018,0.016605166,0,0.012915129,0.025830258,2.330258303,3.896678967,0.17896679,5.925842697,0.164206642,5.200883002,0.094095941,6.759674134,0.049815498,8.916504854,0.121771218,6.18907563,0.081180812,7.620481928,0.164206642,6.401766004,0.39298893,5.82674772,0.922509225,1.880952381,0.372693727,3.997058824,0.167896679,5.281596452,0.025830258,13.20454545,0.014760148,13.5093633,0.357933579,8.229885057,0.874538745,3.117647059,0.501845018,3.959259259,0.206642066,5.644186047,0.029520295,11.70722433,0.016605166,13.44465291,0.313653137,8.946236559,0.448339483,0.108856089,0.356088561,0.160516605,0.129151292,0.014760148,0.446494465,0.027675277,0.016605166,0.020295203,0.012915129,0.003690037,0.031365314,0.91697417,0.123616236,5.463157895,0.241697417,6.99513382,0.632841328,0.459409594,815,387,91,1,0,0.404059041,0.012915129,0.143911439,0.003690037,0.551660517,0.311688312,0.241187384,0.066790353,0.871985158,0.037105751,Metaled,2.235294118,0.815498155,0.97601476,0.579335793,0.512915129,0.001845018,0.092250923,8.203252033,0.031365314,16.11428571,0.018450185,12.65413534,0.232472325,6.149038462,0.332103321,4.447513812,0.745387454,6.217391304,0.088560886,9.578947368,0.005535055,23.19109462,0.011070111,14.95149254,0.033210332,12.6240458,0.263837638,8.137844612,0.979704797,8.727272727,0.398523985,9.613496933,0.418819188,9.523809524,0.948339483,10.10714286,0.07195572,817,0.018450185,6975,0.088560886,0.003690037,0.011070111,0,0.073800738,0.863468635,0.108856089,0.525830258,0.140221402,0.007380074,0.092250923,0.046125461,0.103321033,0.226937269,0.062730627,9.787401575,0.08302583,10.95774648,0.241697417,6.742092457,0.042435424,8.855491329,0.009225092,0.003690037,0.003690037,0.005535055,0.983394834,0.003690037,0,0,0.001845018,0.994464945,0.011070111,0.029520295,0.07195572,0.020295203,0.889298893,2,1,2,0,2,2,2,2,0,0,0,0,0,2,544,4,0.826568266,0.007380074,0.162361624,0.003690037,0.081180812,0.014760148,0.758302583,0.145756458,0.909594096,0.018450185,0.07195572,0.018450185,0.981549815
GUJRANWALA DISTRICT,PUNJAB,GUJRANWALA DIVISION,0.86722488,0.074162679,0.028708134,0,0.029904306,1387,0.987745098,0.969362745,0.015931373,0.365196078,0.378676471,0.006127451,0.183823529,0.566176471,0.725490196,0.013480392,0.946078431,0.028186275,0,0.00122549,0.025735294,0.015931373,0.554467564,1226,1009,810525,0,0,0,1,68.02325581,0.20295203,0.945879459,12.93181818,0.040590406,0.976629766,0.087330873,0.001230012,0.030750308,0.001230012,0.001230012,0,0,0,1.774907749,3.739237392,0.176325524,5.411676647,0.156596794,4.635964912,0.119605425,5.43697479,0.081381011,8.401342282,0.097410604,6.718579235,0.103575832,7.060522696,0.140567201,6.733142037,0.261405672,6.105175292,0.939580764,2.897959184,0.300863132,3.564373898,0.171393342,4.733630952,0.034525277,10.94380587,0.027127004,13.74397972,0.239210851,6.842787682,0.916152898,2.573529412,0.345252774,3.821092279,0.167694205,4.851851852,0.044389642,10.46967742,0.029593095,13.55527319,0.219482121,7.139020537,0.126535627,0.033169533,0.06019656,0.051597052,0.025798526,0.011056511,0.864864865,0.007389163,0.004926108,0.003694581,0.004926108,0,0.002463054,0.990147783,0.129310345,4.985855728,0.168719212,5.813333333,0.448275862,0.58302583,632,499,1308,1,0,0.206642066,0.04797048,0.243542435,0.018450185,0.610086101,0.534263959,0.323604061,0.10786802,0.765228426,0.091370558,Metaled,3.894736842,0.681426814,0.969249692,0.56703567,0.360393604,0.001230012,0.158476658,6.715328467,0.028290283,15.80506329,0.025798526,9.663303909,0.092137592,6.746955345,0.287469287,4.643103448,0.671990172,5.037453184,0.138820639,8.92296719,0.013513514,27.40224159,0.036945813,10.22506394,0.056580566,11.51499348,0.222358722,6.775671406,0.934889435,4.396226415,0.398034398,7.444897959,0.43980344,7.548245614,0.91031941,6.410958904,0.008610086,154,0.012300123,2107,0.127764128,0,0.092137592,0.003685504,0.031941032,0.788697789,0.126535627,0.4004914,0.068796069,0.015970516,0.011056511,0.040540541,0.622850123,0.131449631,0.082309582,7.46854083,0.116707617,9.091794159,0.180589681,5.323838081,0.076167076,6.551861702,0.017220172,0.006150062,0.003690037,0.003690037,0.976629766,0.008610086,0.003690037,0.001230012,0.002460025,0.987699877,0.023370234,0.036900369,0.049200492,0.040590406,0.895448954,2,1,2,0,2,2,2,2,0,0,0,0,0,2,813,5,0.931119311,0.008610086,0.060270603,0,0.482164822,0.393603936,0.111931119,0.012300123,0.79704797,0.06396064,0.13899139,0.011070111,0.988929889
GUJRAT DISTRICT,PUNJAB,GUJRANWALA DIVISION,0.853321033,0.045202952,0.024907749,0,0.076568266,1720,0.9914204,0.5042898,0.009532888,0.187797903,0.202097235,0.060057197,0.018112488,0.137273594,0.126787417,0.031458532,0.853193518,0.010486177,0.000953289,0.494756911,0.013346044,0.014299333,0.053897979,208,130,123968,0,0,0,1,115.8701051,0.195266272,0.961614173,30.30769231,0.109467456,0.962524655,0.072978304,0.003944773,0.007889546,0.00887574,0.000986193,0.000986193,0,0.004930966,1.700197239,3.677514793,0.159563925,4.700471698,0.139742319,4.427419355,0.110009911,5.752783964,0.083250743,7.777297297,0.100099108,6.220264317,0.134786918,5.997709049,0.125867195,6.136054422,0.306243806,5.461428571,0.84470821,1.828025478,0.303659743,2.842329545,0.180019782,3.632086852,0.023738872,9.33029382,0.03066271,13.7255102,0.310583581,5.62697274,0.84272997,2,0.301681503,2.985835694,0.168150346,3.915576694,0.03066271,8.831632653,0.023738872,13.35258359,0.240356083,6.079427083,0.024679171,0.004935834,0.010858835,0.010858835,0.001974334,0.001974334,0.963474827,0,0,0,0,0.000988142,0,0.999011858,0.105835806,5.543141593,0.140454995,6.588032221,0.440276407,0.789733465,481,103,501,1,0,0.142998028,0.017751479,0.322485207,0.017751479,0.591715976,0.346230159,0.540674603,0.052579365,0.776785714,0.013888889,Metaled,2.954545455,0.452122409,0.923000987,0.626850938,0.229022705,0.011846002,0.091988131,6.604575163,0.026679842,16.84873096,0.013833992,13.10621242,0.07312253,6.803837953,0.181818182,4.192028986,0.691699605,4.150641026,0.114624506,9.454241071,0.014807502,21.63426854,0.020730503,13.26108871,0.025666338,11.94427558,0.26159921,6.609625668,0.932872655,5.176470588,0.650197628,6.728813559,0.610069102,6.982278481,0.931885489,6.565217391,0.013806706,1543,0.00295858,347,0.036310108,0.002944063,0.031403337,0.004906771,0,0.605133268,0.030602172,0.287265548,0.017769003,0.003948667,0.016781836,0.034550839,0.115498519,0.268509378,0.095755183,5.925764192,0.086870681,7.408648649,0.22112537,3.927756654,0.054294176,6.63256785,0.006910168,0.0029615,0.001974334,0.0029615,0.988153998,0.001974334,0.000987167,0,0,0.9970385,0.001974334,0.011846002,0.019743337,0.005923001,0.96248766,2,1,0,0,2,2,2,2,0,0,0,0,0,0,1006,3,0.954500495,0.003956479,0.034619189,0.006923838,0.544015826,0.27992087,0.160237389,0.015825915,0.804733728,0.040433925,0.154832347,0.031714569,0.968285431
HAFIZABAD DISTRICT,PUNJAB,GUJRANWALA DIVISION,0.888625592,0.052132701,0.014218009,0,0.045023697,640,0.990384615,0.987980769,0.033653846,0.555288462,0.379807692,0,0.168269231,0.367788462,0.596153846,0.014423077,0.963942308,0.004807692,0.002403846,0.009615385,0.004807692,0.007211538,0.341346154,391,323,320183,0,0,0,1,63.26858513,0.151364764,0.900744417,3.775,0.022332506,0.975186104,0.032258065,0,0.163771712,0.00248139,0.039702233,0,0,0,1.833746898,3.771712159,0.126550868,6.798295455,0.091811414,6.426229508,0.089330025,6.978201635,0.047146402,9.1328125,0.062034739,7.902116402,0.054590571,8.690288714,0.086848635,7.652173913,0.188585608,7.324159021,0.918114144,2.909090909,0.275434243,5.003424658,0.106699752,6.783333333,0.012406948,11.28643216,0.022332506,13.12182741,0.158808933,9.513274336,0.856079404,3.379310345,0.253101737,5.312292359,0.089330025,7.217983651,0.009925558,12.06766917,0.017369727,13.02020202,0.133995037,9.664756447,0.106699752,0.017369727,0.024813896,0.069478908,0.007444169,0.00248139,0.858560794,0.004962779,0,0,0,0,0,0.995037221,0.133995037,5.931232092,0.156327543,7.238235294,0.434243176,0.751861042,112,96,643,1,0,0.29280397,0.004962779,0.310173697,0.014888337,0.53101737,0.6925,0.0975,0.055,0.7325,0.02,Metaled,4.5,0.339950372,0.972704715,0.280397022,0.17369727,0.004962779,0.076923077,8.77688172,0.009925558,17.5839599,0.054590571,8.692913386,0.094292804,7.304109589,0.265508685,5.628378378,0.498759305,5.668316832,0.05955335,10.37730871,0.004962779,23.35162095,0.022332506,10.24873096,0.024813896,10.4605598,0.138957816,7.639769452,0.933002481,9,0.151364764,9.070175439,0.188585608,9.088685015,0.863523573,8.636363636,0.00248139,1,0.00248139,8,0.141439206,0,0.11662531,0.00248139,0.022332506,0.521091811,0.151364764,0.213399504,0.106699752,0,0.014888337,0.017369727,0.630272953,0.258064516,0.022332506,9.347715736,0.052109181,9.981675393,0.111662531,7.086592179,0.049627792,7.64229765,0.007444169,0.00248139,0.00248139,0.004962779,0.990074442,0.00248139,0,0,0.00248139,0.995037221,0.009925558,0.022332506,0.074441687,0.094292804,0.888337469,2,1,0,0,2,2,2,0,0,0,0,0,0,2,422,2,0.82382134,0,0.17617866,0,0.392059553,0.362282878,0.193548387,0.052109181,0.848635236,0.029776675,0.121588089,0.032258065,0.967741935
MANDI BAHAUDDIN DISTRICT,PUNJAB,GUJRANWALA DIVISION,0.896073903,0.030023095,0.018475751,0.002309469,0.053117783,839,1,0.983213429,0.172661871,0.923261391,0.486810552,0.028776978,0.21822542,0.455635492,0.76498801,0.03117506,0.836930456,0.016786571,0,0.011990408,0.011990408,0.052757794,0.581730769,1003,726,598301,0,0,0,1,53.80143541,0.099756691,0.927007299,2.2,0.092457421,0.941605839,0.099756691,0.00486618,0.133819951,0.00243309,0.00486618,0.00243309,0,0.00243309,1.941463415,3.624390244,0.17804878,5.646884273,0.158536585,5.023188406,0.097560976,8.862162162,0.082926829,10.34574468,0.114634146,7.476584022,0.085365854,8.170666667,0.126829268,7.541899441,0.248780488,6.36038961,0.924390244,2.193548387,0.373170732,3.688715953,0.23902439,4.887820513,0.03902439,11.49492386,0.03902439,16.91116751,0.292682927,6.168965517,0.895377129,2.953488372,0.417073171,4.20083682,0.26097561,5.425742574,0.043902439,11.7244898,0.051219512,17.41902314,0.258536585,7.486842105,0.026829268,0.009756098,0.014634146,0.014634146,0.014634146,0.004878049,0.965853659,0,0.004878049,0.002439024,0,0,0.002439024,0.992682927,0.097560976,6.881081081,0.146341463,7.46,0.612195122,0.451219512,317,126,1731,1,0,0.194647202,0.02676399,0.158150852,0.01216545,0.690997567,0.214634146,0.414634146,0.063414634,0.963414634,0.046341463,Metaled,3.666666667,0.501216545,0.941605839,0.479318735,0.221411192,0.00973236,0.131386861,7.767507003,0.04379562,14.67684478,0.02919708,15.68170426,0.141119221,7.994334278,0.372262774,4.19379845,0.540145985,4.423280423,0.238442822,8.635782748,0.012195122,22.3308642,0.024390244,22.91,0.070731707,10.85564304,0.253658537,6.967320261,0.907317073,6,0.4,7.784552846,0.351219512,8.545112782,0.912195122,6.694444444,0.07748184,1234,0.04589372,13086,0.128019324,0,0.123188406,0,0.004830918,0.636585366,0.197560976,0.363414634,0.22195122,0.12195122,0.07804878,0.043902439,0.287804878,0.248780488,0.097323601,8.021563342,0.141119221,12.06798867,0.347931873,4.705223881,0.080291971,7.867724868,0.01459854,0.00486618,0.00243309,0.00729927,0.97810219,0.00973236,0,0,0.00243309,0.99026764,0.00243309,0.075425791,0.133819951,0.155717762,0.746958637,2,1,2,0,2,2,2,2,0,0,0,0,0,2,433,3,0.98540146,0.00486618,0.00973236,0,0.177615572,0.236009732,0.562043796,0.0243309,0.900243309,0.03163017,0.068126521,0.029268293,0.970731707
NAROWAL DISTRICT,PUNJAB,GUJRANWALA DIVISION,0.848784195,0.012917933,0.022036474,0,0.116261398,1473,0.991419657,0.984399376,0.007800312,0.212168487,0.046801872,0.105304212,0.03900156,0.184867395,0.066302652,0.017940718,0.942277691,0.017940718,0.001560062,0.211388456,0.023400936,0.003900156,0.03343949,82,47,37716,0,0,0,1,110.0694334,0.043814433,0.996569468,2.75,0.04373928,0.987135506,0.183533448,0.001715266,0.03516295,0.000857633,0,0,0.000857633,0,2.032674119,3.940721649,0.089423904,4.838526912,0.070507309,4.622571693,0.05760963,6.073905109,0.0361135,9.140945584,0.050730868,7.06884058,0.041272571,7.784753363,0.063628547,6.688705234,0.162510748,6.579055441,0.750644884,1.931034483,0.181427343,3.112394958,0.098022356,4.328884652,0.009458298,12.23177083,0.006878762,13.60952381,0.13155632,6.956435644,0.769561479,2.186567164,0.183147034,3.084210526,0.085984523,4.423330198,0.010318143,11.8305821,0.006018917,13.37024221,0.098022356,7.311725453,0.028374893,0.013757524,0.01977644,0.015477214,0.007738607,0.000859845,0.96216681,0,0,0,0.000859845,0.00171969,0.000859845,0.996560619,0.038693035,6.106440072,0.092003439,5.859848485,0.395528805,0.846947549,356,32,79,1,0,0.078245916,0.004299226,0.065348237,0.000859845,0.867583835,0.01061008,0.384615385,0.026525199,0.977895668,0.013262599,Metaled,2.901234568,0.184006879,0.940670679,0.56749785,0.11349957,0.009458298,0.070446735,5.748613678,0.013745704,13.14982578,0.007731959,12.75151515,0.040378007,6.615040286,0.12371134,3.859803922,0.400343643,3.441260745,0.071305842,9.996299722,0.002579536,24.88189655,0.021496131,11.77504394,0.012886598,11.89643168,0.176975945,7.114822547,0.903780069,6.1875,0.16838488,8.633264463,0.338487973,8.446753247,0.899484536,7.042735043,0.005159071,13,0.0361135,4675,0.051546392,0,0.04209622,0,0.009450172,0.653482373,0.138435082,0.288907997,0.004299226,0.009458298,0.008598452,0.01805675,0.473774721,0.292347377,0.025795357,8.434245366,0.043852107,10.52697842,0.103181427,4.252157239,0.025795357,6.756398941,0.006018917,0.000859845,0.000859845,0.000859845,0.993121238,0.002579536,0.000859845,0,0,0.997420464,0.003439381,0.004299226,0.012037833,0.006878762,0.975924334,2,1,0,0,2,2,2,2,0,0,0,0,0,0,1245,3,0.857265692,0.003439381,0.138435082,0.000859845,0.174548581,0.049871023,0.731728289,0.043852107,0.956185567,0.011168385,0.032646048,0.036973345,0.963026655
SIALKOT DISTRICT,PUNJAB,GUJRANWALA DIVISION,0.876425856,0.038022814,0.012674271,0.005069708,0.067807351,1950,0.990967742,0.968387097,0.012258065,0.259354839,0.197419355,0.062580645,0.081290323,0.309677419,0.116774194,0.017419355,0.965806452,0.017419355,0.000645161,0.040645161,0.021935484,0.003870968,0.068343005,287,217,118032,0,0,0,1,74.12750809,0.19365722,0.973737374,1.846153846,0.060687795,0.955495617,0.232636548,0.004720162,0.027646662,0.001348618,0.001348618,0,0,0.000674309,1.710704607,3.785084746,0.124405167,4.494565217,0.101291638,4.236006051,0.089734874,5.475728155,0.075458872,7.297794118,0.084976207,5.439078752,0.117527174,5.307159353,0.106050306,5.37338403,0.23521414,5.36,0.810590631,2.182795699,0.232179226,3.153846154,0.121520706,3.863987635,0.021045485,12.15256588,0.026476578,13.26429568,0.204344874,6.495733788,0.850644942,2.390909091,0.256793478,3.088665448,0.141304348,3.735759494,0.030549898,10.44607843,0.021724372,13.16377516,0.16904277,6.91748366,0.078061911,0.012113055,0.032974428,0.014131898,0.009421265,0.000672948,0.907806191,0.000673401,0,0,0,0.000673401,0.001346801,0.997306397,0.069246436,5.622173596,0.16700611,5.493072535,0.542740841,0.755720054,625,220,154,1,0,0.074949359,0.004726536,0.172180959,0.0243079,0.773126266,0.348452124,0.447084233,0.043916487,0.734341253,0.031677466,Metaled,3.44,0.431174089,0.948043185,0.813090418,0.334008097,0.018218623,0.111788618,5.046529367,0.025727827,12.54899236,0.021665538,12.29965398,0.074475288,6.724945135,0.203114421,3.555649958,0.60298103,3.423208191,0.157859079,7.059533387,0.012186865,19.77518849,0.030467163,13.61452514,0.030467163,11.77863128,0.264227642,4.944751381,0.921462424,5.353448276,0.462059621,5.483627204,0.667118644,5.568228106,0.936357481,5.606382979,0.010094213,239,0.020861373,3813,0.104306864,0,0.086810229,0.006729475,0.012786003,0.788409704,0.092318059,0.521563342,0.080188679,0.05458221,0.053234501,0.022911051,0.539083558,0.081536388,0.08974359,5.404002965,0.114035088,6.199543031,0.165991903,3.65776699,0.041835358,6.226056338,0.014160486,0.004720162,0.001348618,0.003371544,0.980445044,0.004723347,0.001349528,0.001349528,0.002699055,0.99122807,0.020875421,0.046464646,0.106397306,0.142087542,0.741414141,2,1,2,0,2,2,2,2,0,0,0,0,0,0,1507,4,0.936314363,0.004742547,0.054878049,0.004065041,0.390890551,0.369816451,0.208701564,0.030591434,0.80634278,0.029689609,0.163967611,0.007452575,0.992547425
KASUR DISTRICT,PUNJAB,LAHORE DIVISION,0.918876755,0.018720749,0.017160686,0.001560062,0.043681747,2545,0.996875,0.9375,0.4734375,0.7140625,0.928125,0.184375,0.496875,0.7921875,0.775,0.028125,0.89375,0.0125,0,0.015625,0.00625,0.00625,0.492979719,1038,712,565765,0,0,0,1,124.4539782,0.089722675,0.864600326,3.313253012,0.146818923,0.955954323,0.04730832,0.004893964,0.097879282,0,0.001631321,0,0,0.006525285,2.308319739,3.859706362,0.158238173,6.968992248,0.176182708,6.841584158,0.135399674,6.824528302,0.078303426,9.32920354,0.153344209,7.589595376,0.091353997,8.064631957,0.135399674,7.296226415,0.401305057,6.822888283,0.846655791,4.989361702,0.352365416,4.727959698,0.187601958,6.142570281,0.026101142,12.9681742,0.026101142,13.27805695,0.453507341,7.91641791,0.800978793,4.06557377,0.355628059,4.891139241,0.15497553,6.66988417,0.032626427,11.66273187,0.029363785,13.6605042,0.398042414,7.880758808,0.099510604,0.024469821,0.030995106,0.016313214,0.013050571,0.003262643,0.89233279,0.003262643,0.001631321,0.003262643,0,0,0,0.995106036,0.138662316,7.003787879,0.236541599,7.211538462,0.721044046,0.67862969,371,116,80,1,0,0.538336052,0.019575856,0.243066884,0.016313214,0.420880914,0.13410596,0.456953642,0.294701987,0.960264901,0.031456954,Metaled,4.160714286,0.676998369,0.926590538,0.580750408,0.239804241,0.030995106,0.132137031,8.507518797,0.057096248,11.21453287,0.027732463,10.87248322,0.137030995,7.279773157,0.415986949,4.681564246,0.611745514,5.844537815,0.138662316,11.01893939,0.022838499,16.61101836,0.039151713,11.31578947,0.040783034,10.86054422,0.243066884,8.493534483,0.871125612,6.569620253,0.207177814,9.627572016,0.442088091,9.128654971,0.800978793,6.950819672,0.03588907,44,0.039151713,49,0.070146819,0,0.070146819,0,0,0.683523654,0.236541599,0.231647635,0.11908646,0.032626427,0.004893964,0.008156607,0.63132137,0.133768352,0.053833605,9.453448276,0.353996737,7.03030303,0.110929853,6.777981651,0.089722675,6.863799283,0.009787928,0.001631321,0.001631321,0.003262643,0.990212072,0.008156607,0,0,0.001631321,0.991843393,0.034257749,0.029363785,0.050570962,0.053833605,0.876019576,2,1,2,0,2,2,2,2,0,0,0,0,0,2,635,4,0.704730832,0.030995106,0.261011419,0.003262643,0.20228385,0.034257749,0.597063622,0.16639478,0.910277325,0.050570962,0.039151713,0.063621533,0.936378467
NANKANA SAHIB DISTRICT,PUNJAB,LAHORE DIVISION,0.897374702,0.019093079,0.021479714,0,0.062052506,957,0.997596154,0.959134615,0.120192308,0.71875,0.673076923,0.007211538,0.432692308,0.564903846,0.798076923,0.038461538,0.831730769,0.009615385,0,0.004807692,0.009615385,0.074519231,0.720763723,791,513,525991,0,0,0,1,55.424821,0.094147583,0.816793893,2.694444444,0.030534351,0.944020356,0.114503817,0.017811705,0.190839695,0,0.020356234,0,0,0,2.218829517,3.816793893,0.139949109,6.532544379,0.170483461,6.319018405,0.155216285,6.843373494,0.061068702,11.58536585,0.083969466,8.055555556,0.111959288,7.790830946,0.13740458,6.899705015,0.190839695,7.698113208,0.893129771,2.80952381,0.353689567,6.405511811,0.162849873,6.875379939,0.025445293,14.26370757,0.03562341,13.18997361,0.109414758,9.362857143,0.735368957,4.807692308,0.353689567,6.228346457,0.134860051,7.520588235,0.027989822,12.16230366,0.030534351,13.69028871,0.094147583,9.421348315,0.175572519,0.106870229,0.170483461,0.083969466,0.081424936,0.010178117,0.770992366,0,0,0,0.010178117,0.002544529,0,0.987277354,0.129770992,5.771929825,0.193384224,6.548895899,0.452926209,0.743002545,204,36,87,1,0,0.216284987,0.012722646,0.129770992,0.007633588,0.72264631,0.287179487,0.174358974,0.041025641,0.969230769,0.012820513,Metaled,4.19047619,0.307888041,0.979643766,0.470737913,0.20610687,0.005089059,0.188295165,8.181818182,0.030534351,26.77165354,0.022900763,12.54166667,0.076335878,7.986225895,0.254452926,5.723549488,0.486005089,5.841584158,0.078880407,11.24033149,0.020356234,18.17922078,0.043256997,12.2712766,0.030534351,9.265091864,0.129770992,7.909356725,0.854961832,6.456140351,0.13740458,8.92920354,0.333333333,8.435114504,0.809160305,8.333333333,0.076335878,566,0.022900763,18,0.058524173,0.030534351,0.053435115,0,0.002544529,0.961832061,0.37913486,0.424936387,0.218829517,0.040712468,0.058524173,0.312977099,0.854961832,0.180661578,0.043256997,8.848404255,0.091603053,9.862745098,0.188295165,8.827586207,0.061068702,7.861788618,0.015267176,0,0.002544529,0.002544529,0.979643766,0.007633588,0.005089059,0,0,0.987277354,0.007633588,0.010178117,0.022900763,0.038167939,0.933842239,2,1,2,0,2,2,2,2,1,0,0,0,0,2,419,3,0.569974555,0.010178117,0.419847328,0,0.195928753,0.142493639,0.524173028,0.13740458,0.905852417,0.017811705,0.076335878,0.048346056,0.951653944
SHEIKHUPURA DISTRICT,PUNJAB,LAHORE DIVISION,0.821162444,0.031296572,0.043219076,0.001490313,0.102831595,1502,0.98048048,0.95045045,0.016516517,0.15015015,0.433933934,0.006006006,0.304804805,0.484984985,0.785285285,0.028528529,0.885885886,0.006006006,0.001501502,0.003003003,0,0.010510511,0.423248882,911,715,548656,0,0,0,1,81.77943368,0.111464968,0.968203498,4.75,0.035656402,0.974068071,0.056726094,0.001620746,0.079416532,0,0.003241491,0,0,0.001620746,2.080645161,3.711290323,0.225490196,7.394514768,0.233660131,7.377398721,0.196078431,7.577235772,0.137254902,10.05681818,0.161764706,8.799220273,0.16202946,9.2265625,0.191489362,9.178137652,0.294117647,8.75,0.83902439,5.222222222,0.378861789,5.670157068,0.188617886,7.833667335,0.048780488,11.92991453,0.05203252,13.61921098,0.25203252,9.389130435,0.806709265,5.438016529,0.37398374,6.145454545,0.188617886,8.196392786,0.053658537,12.16151203,0.053658537,13.99828179,0.21300813,9.588842975,0.107890499,0.025764895,0.027375201,0.011272142,0.004830918,0.001610306,0.885668277,0.003220612,0.004830918,0.001610306,0.001610306,0.001610306,0,0.993558776,0.181076672,7.314741036,0.2137031,8.192946058,0.568881686,0.63474026,334,392,255,1,0,0.259259259,0.020933977,0.114331723,0.025764895,0.679549114,0.291032149,0.296108291,0.069373942,0.883248731,0.033840948,Metaled,5.652173913,0.496763754,0.949838188,0.521035599,0.216828479,0.03236246,0.186795491,9.552475248,0.038647343,18.95477387,0.054750403,12.2725724,0.138486312,8.538317757,0.275362319,6.604444444,0.592592593,6.43083004,0.154589372,10.12952381,0.046774194,26.20473773,0.074193548,12.88327526,0.070967742,12.47395833,0.227419355,9.221294363,0.846774194,8.757894737,0.251612903,9.935344828,0.438709677,9.471264368,0.885483871,9.197183099,0.115942029,201,0.114331723,324,0.09335443,0.026898734,0.014240506,0.02056962,0.039556962,0.870915033,0.531045752,0.380718954,0.174836601,0.119281046,0.094771242,0.135620915,0.732026144,0.173202614,0.077046549,10.21217391,0.138263666,10.74253731,0.194221509,7.673306773,0.091492777,7.991166078,0.012820513,0.003205128,0.001602564,0.003205128,0.985576923,0.008025682,0,0,0.001605136,0.991974318,0.030694669,0.045234249,0.059773829,0.025848142,0.901453958,2,1,2,0,2,2,2,0,0,0,0,0,0,2,667,5,0.817589577,0.016286645,0.140065147,0.026058632,0.358428805,0.327332242,0.230769231,0.083469722,0.888535032,0.039808917,0.071656051,0.023140496,0.976859504
KHANEWAL DISTRICT,PUNJAB,MULTAN DIVISION,0.948453608,0.026509573,0.016200295,0,0.008836524,1822,0.99704142,0.912721893,0.967455621,0.591715976,0.871301775,0.062130178,0.51035503,0.526627219,0.958579882,0.038461538,0.872781065,0.00147929,0.00147929,0.00147929,0.01183432,0.00295858,0.76661743,1622,1429,1482615,0,0,0,1,91.85798817,0.094674556,0.860946746,4.829787234,0.025147929,0.937869822,0.056213018,0.00739645,0.088757396,0,0.00295858,0,0,0.00443787,3.159763314,3.823964497,0.164201183,7.907964602,0.162721893,6.922261484,0.149408284,7.046956522,0.109467456,11.90365449,0.100591716,9.504934211,0.127218935,9.449152542,0.131656805,9.395229983,0.215976331,9.8,0.857988166,3.46875,0.460059172,4.994520548,0.198224852,6.184501845,0.028106509,17.36225266,0.041420118,18.25771605,0.23816568,13.38058252,0.815088757,3.984,0.406804734,5.261845387,0.144970414,7.679930796,0.025147929,16.62518968,0.041420118,18.77160494,0.168639053,14.92170819,0.139053254,0.01183432,0.060650888,0.034023669,0.022189349,0.00591716,0.829881657,0.00443787,0.00443787,0.00295858,0.00147929,0.00147929,0.00295858,0.99260355,0.088757396,8.613636364,0.201183432,9.085185185,0.50591716,0.579881657,505,413,490,1,0,0.170118343,0.00591716,0.060650888,0.00591716,0.784023669,0.129271917,0.127786033,0.105497771,0.958395245,0.010401189,Metaled,4.811320755,0.535502959,0.940828402,0.335798817,0.312130178,0.016272189,0.133136095,9.259385666,0.050295858,18.1588785,0.044378698,15.20897833,0.140532544,7.815834768,0.332840237,4.973392461,0.372781065,7.323113208,0.091715976,13.80944625,0.016272189,26.50676692,0.035502959,20.16257669,0.044378698,14.01702786,0.189349112,10.88321168,0.892011834,7.479452055,0.110946746,12.45590682,0.229289941,13.68522073,0.859467456,8.778947368,0.064992614,988,0.014771049,1182,0.113737075,0.001477105,0.025110783,0,0.087149188,0.893491124,0.482248521,0.50443787,0.158284024,0.022189349,0.039940828,0.062130178,0.236686391,0.153846154,0.062130178,11.34858044,0.130177515,13.21088435,0.205621302,7.059590317,0.072485207,10.65869219,0.00591716,0.00295858,0.00295858,0.00739645,0.98816568,0.00147929,0.00147929,0,0.00443787,0.99408284,0.025110783,0.025110783,0.041358936,0.004431315,0.911373708,2,1,2,0,2,2,2,2,0,0,0,0,0,2,675,4,0.408284024,0.038461538,0.553254438,0,0.155325444,0.00739645,0.468934911,0.368343195,0.905325444,0.029585799,0.065088757,0.060650888,0.939349112
LODHRAN DISTRICT,PUNJAB,MULTAN DIVISION,0.933940774,0.011389522,0.034168565,0.009111617,0.011389522,1365,0.986175115,0.612903226,0.98156682,0.541474654,0.822580645,0.052995392,0.271889401,0.465437788,0.949308756,0.043778802,0.914746544,0.004608295,0,0.004608295,0,0.011520737,0.754022989,1126,988,1098327,0,0,0,1,117.4520548,0.037209302,0.551162791,4.098445596,0.188372093,0.774418605,0.172093023,0.011627907,0.144186047,0.002325581,0.020930233,0,0.002325581,0.046511628,3.637209302,3.813953488,0.165116279,6.977715877,0.153488372,6.906593407,0.146511628,7.010899183,0.095348837,11.32647815,0.104651163,8.836363636,0.081395349,8.84556962,0.120930233,8.73015873,0.172093023,8.27247191,0.779069767,3.578947368,0.379069767,5.359550562,0.193023256,8.031700288,0.037209302,12.69565217,0.023255814,14.60952381,0.469767442,8.171052632,0.765116279,4.386138614,0.337209302,6.021052632,0.162790698,8.472222222,0.037209302,13,0.018604651,14.67772512,0.31627907,9.602040816,0.039534884,0.011627907,0.03255814,0.011627907,0.006976744,0.004651163,0.941860465,0,0,0,0,0,0,1,0.076744186,8.982367758,0.225581395,9.3003003,0.444186047,0.686046512,200,162,18,2,0,0.093023256,0.009302326,0.03255814,0.006976744,0.874418605,0.039906103,0.105633803,0.0657277,0.990610329,0.016431925,Metaled,3.717391304,0.546511628,0.923255814,0.069767442,0.18372093,0.046511628,0.095348837,8.994858612,0.018604651,17.64218009,0.034883721,12.78795181,0.181395349,7.894886364,0.323255814,6.068728522,0.411627907,6.264822134,0.062790698,12.95781638,0.018604651,20.18720379,0.018604651,17.81279621,0.044186047,13.3892944,0.08372093,9.934010152,0.890697674,8.659574468,0.072093023,12.15037594,0.120930233,11.50529101,0.86744186,8.701754386,0.062790698,851,0.013824885,1737,0.103686636,0.006912442,0.020737327,0,0.076036866,0.648837209,0.360465116,0.448837209,0.253488372,0.08372093,0.106976744,0.06744186,0.095348837,0.269767442,0.044186047,11.99756691,0.053488372,14.14250614,0.118604651,8.443271768,0.051162791,11.54166667,0.020930233,0,0.002325581,0,0.979069767,0.020930233,0,0,0,0.979069767,0.011627907,0.025581395,0.034883721,0.011627907,0.923255814,2,1,2,0,2,0,2,0,0,0,0,0,0,2,438,3,0.353488372,0.030232558,0.613953488,0.002325581,0.195348837,0.004651163,0.265116279,0.534883721,0.962790698,0.013953488,0.023255814,0.088372093,0.911627907
MULTAN DISTRICT,PUNJAB,MULTAN DIVISION,0.865313653,0.066420664,0.066420664,0,0.001845018,2449,0.970204842,0.65735568,0.782122905,0.422718808,0.605214153,0.031657356,0.558659218,0.506517691,0.826815642,0.08566108,0.891992551,0.005586592,0,0.003724395,0.027932961,0.001862197,0.619926199,1964,1476,1660348,0,0,0,1,87.68634686,0.136783734,0.818853974,5.93877551,0.11090573,0.922365989,0.203327172,0.005545287,0.06284658,0,0.005545287,0,0,0.001848429,3.227356747,3.632162662,0.197781885,7.755760369,0.210720887,6.025761124,0.136783734,7.916488223,0.11090573,13.05405405,0.133086876,9.658848614,0.203327172,8.487238979,0.14232902,10.09698276,0.336414048,7.685236769,0.794824399,3.369369369,0.430683919,4.753246753,0.258780037,6.236907731,0.042513863,14.6023166,0.03142329,17.23664122,0.373382625,12.91740413,0.752310536,3.888059701,0.329020333,5.702479339,0.151571165,7.860566449,0.046210721,14.19573643,0.027726433,17.01330798,0.277264325,13.15601023,0.103512015,0.025878004,0.03142329,0.024029575,0.022181146,0.009242144,0.879852126,0.025878004,0.018484288,0.020332717,0.014787431,0.001848429,0,0.974121996,0.125693161,7.11627907,0.345656192,8.200564972,0.513863216,0.630314233,328,520,734,1,0,0.38077634,0.011090573,0.094269871,0.020332717,0.585951941,0.304990758,0.242144177,0.107208872,0.955637708,0.064695009,Metaled,3.358974359,0.669131238,0.953789279,0.371534196,0.423290203,0.01663586,0.258780037,7.613466334,0.053604436,20.82226563,0.035120148,12.81034483,0.245841035,6.884803922,0.410351201,5.059561129,0.441774492,6.354304636,0.170055453,10.60801782,0.014787431,36.87242026,0.03142329,19.1221374,0.033271719,16.52390057,0.266173752,9.735516373,0.927911275,5.538461538,0.232902033,12.18072289,0.336414048,10.95543175,0.918669131,8.272727273,0.036968577,421,0.003696858,44,0.262476895,0.012939002,0.066543438,0.003696858,0.188539741,0.831792976,0.451016636,0.611829945,0.304990758,0.059149723,0.129390018,0.03142329,0.231053604,0.153419593,0.114602588,9.665970772,0.218114603,8.508274232,0.194085028,6.112385321,0.068391867,9.771825397,0.022181146,0.005545287,0,0.003696858,0.970425139,0.009242144,0.001848429,0,0.003696858,0.987060998,0.025878004,0.03142329,0.081330869,0.066543438,0.853974122,2,1,2,0,2,2,2,0,0,0,0,0,0,2,534,4,0.57116451,0.024029575,0.401109057,0.003696858,0.227356747,0.003696858,0.419593346,0.34935305,0.863216266,0.088724584,0.04805915,0.123844732,0.876155268
VEHARI DISTRICT,PUNJAB,MULTAN DIVISION,0.955070603,0.01283697,0.016688062,0.002567394,0.01283697,1844,0.998716303,0.898587933,0.967907574,0.825417202,0.960205392,0.016688062,0.370988447,0.430038511,0.939666239,0.047496791,0.928112965,0.010269576,0,0.002567394,0.005134788,0.002567394,0.802310655,2062,1722,2022663,0,0,0,1,108.2130937,0.062015504,0.832258065,3.323076923,0.100775194,0.892764858,0.108527132,0.006459948,0.083979328,0.005167959,0.019379845,0,0,0.00129199,3.15483871,3.752258065,0.132903226,8.395833333,0.116129032,8.091970803,0.091612903,8.044034091,0.051612903,15.22721088,0.077419355,9.144055944,0.056774194,9.569083447,0.121290323,8.675477239,0.282580645,8.85971223,0.854193548,3.787610619,0.292903226,5.104014599,0.130322581,7.198813056,0.014193548,15.04057592,0.014193548,17.2591623,0.179354839,12.06132075,0.811612903,4.417808219,0.329457364,7.028901734,0.112403101,7.896652111,0.016774194,14.2335958,0.010322581,17.29204694,0.127741935,12.52071006,0.108387097,0.011612903,0.050322581,0.023225806,0.015483871,0.002580645,0.882580645,0.010322581,0,0.001290323,0.001290323,0,0,0.988387097,0.078709677,7.959383754,0.241290323,8.267006803,0.705806452,0.603870968,534,381,45,1,0,0.318709677,0.012903226,0.078709677,0.014193548,0.64516129,0.060880829,0.387305699,0.075129534,0.971502591,0.019430052,Metaled,3.375,0.624031008,0.958656331,0.354005168,0.175710594,0.014211886,0.086563307,8.892503536,0.020671835,16.16490765,0.04005168,12.06594886,0.111111111,7.728197674,0.360465116,4.632323232,0.475452196,6.110837438,0.105943152,12.10404624,0.015503876,18.48818898,0.018087855,16.34342105,0.028423773,12.8962766,0.127906977,9.662222222,0.936692506,10.16326531,0.108527132,11.22608696,0.223514212,10.64559068,0.874677003,10.70103093,0.028387097,209,0.00257732,450,0.073453608,0.003865979,0.047680412,0,0.023195876,0.902061856,0.275773196,0.631443299,0.215206186,0.029639175,0.099226804,0.132731959,0.117268041,0.143041237,0.04,9.731182796,0.101935484,10.25431034,0.11483871,7.965014577,0.046451613,8.316644114,0.003865979,0.00128866,0.006443299,0.003865979,0.989690722,0.00257732,0.00128866,0.00128866,0.00128866,0.99742268,0.00128866,0.033505155,0.302835052,0.006443299,0.681701031,2,1,2,0,2,2,2,0,0,0,0,0,0,2,777,3,0.546632124,0.014248705,0.435233161,0.00388601,0.202072539,0.006476684,0.497409326,0.294041451,0.937984496,0.019379845,0.042635659,0.033678756,0.966321244
ATTOCK DISTRICT,PUNJAB,RAWALPINDI DIVISION,0.860262009,0.048034934,0.024017467,0.008733624,0.058951965,942,0.995283019,0.002358491,0.002358491,0.033018868,0.658018868,0.049528302,0.110849057,0.327830189,0.044811321,0.030660377,0.466981132,0.033018868,0.021226415,0.695754717,0.004716981,0.068396226,0.009195402,7,7,902,0,0,0,1,136.2045977,0.067915691,0.943793911,6,0.121779859,0.861826698,0.025761124,0.00234192,0.035128806,0.362997658,0.00234192,0.016393443,0.028103044,0.007025761,2.665105386,3.763466042,0.203747073,10.47647059,0.215456674,8.680597015,0.156908665,11.04722222,0.091334895,15.95618557,0.128805621,11.98387097,0.149882904,13.05509642,0.170960187,10.94350282,0.365339578,11.83394834,0.915690867,3.527777778,0.512880562,5.711538462,0.325526932,7.461805556,0.039812646,15.56585366,0.023419204,18.63069544,0.31147541,12.70408163,0.889929742,4.319148936,0.468384075,6.660792952,0.257611241,8.892744479,0.035128806,16.35194175,0.018735363,17.60143198,0.208430913,14.3816568,0.079625293,0.014051522,0.014051522,0.025761124,0.007025761,0.009367681,0.903981265,0.004683841,0,0,0,0.00234192,0.007025761,0.985948478,0.180327869,9.025714286,0.142857143,11.15027322,0.31147541,0.524590164,1121,73,232,1,0,0.299765808,0.004683841,0.266978923,0.053864169,0.468384075,0.396713615,0.180751174,0.061032864,0.805164319,0.004694836,Metaled,4.058823529,0.611241218,0.967213115,0.156908665,0.304449649,0.011709602,0.114754098,11.48412698,0.018735363,41.93317422,0.023419204,18.37410072,0.081967213,12.11734694,0.320843091,7.851724138,0.768149883,6.383838384,0.128805621,13.70967742,0.035128806,15.23300971,0.046838407,14.69041769,0.053864169,14.4009901,0.149882904,12.72176309,0.906323185,9.825,0.276346604,13.80906149,0.1264637,15.20107239,0.887587822,11.4375,0.030444965,14534,0.025761124,29297,0.1264637,0.023419204,0.086651054,0.00234192,0.016393443,0.765807963,0.320843091,0.489461358,0.025761124,0.06088993,0.079625293,0.072599532,0.023419204,0.173302108,0.114754098,12.34391534,0.168618267,11.58591549,0.306791569,8.493243243,0.1264637,10.37265416,0.035128806,0.007025761,0,0.004683841,0.957845433,0.016393443,0,0,0,0.983606557,0.004683841,0.009367681,0.014051522,0.016393443,0.955503513,2,1,2,0,2,2,2,0,2,0,0,0,0,2,452,6,0.433255269,0.035128806,0.524590164,0.007025761,0.433255269,0.339578454,0.011709602,0.215456674,0.932084309,0.032786885,0.035128806,0.070257611,0.929742389
CHAKWAL DISTRICT,PUNJAB,RAWALPINDI DIVISION,0.852747253,0.035164835,0.021978022,0.006593407,0.083516484,945,0.972027972,0.004662005,0.065268065,0.013986014,0.363636364,0.244755245,0.027972028,0.286713287,0.055944056,0.023310023,0.328671329,0.016317016,0.032634033,0.874125874,0.011655012,0.051282051,0.023148148,19,14,10942,0,0,0,1,222.5404157,0.064593301,0.9375,2.961538462,0.127403846,0.836538462,0.012019231,0,0.024038462,0.262019231,0,0.028846154,0.002403846,0.045673077,2.613908873,3.87529976,0.223021583,8.716049383,0.215827338,7.535168196,0.148681055,7.923943662,0.098321343,12.7712766,0.112709832,10.32702703,0.115107914,11.40650407,0.175059952,9.706395349,0.465227818,9.260089686,0.913875598,3.555555556,0.545454545,4.852631579,0.33492823,6.021582734,0.031100478,17.47901235,0.028708134,19.97783251,0.320574163,11.66901408,0.918660287,3.970588235,0.555023923,5.204301075,0.306220096,6.762068966,0.043062201,15.94,0.031100478,20.25185185,0.270334928,12.84918033,0.100478469,0.016746411,0.028708134,0.040669856,0.0215311,0.007177033,0.892344498,0.002392344,0.002392344,0.002392344,0.002392344,0.002392344,0,0.997607656,0.211031175,6.772036474,0.189448441,9.914201183,0.570743405,0.455635492,1198,78,134,1,0,0.246411483,0.011961722,0.169856459,0.126794258,0.602870813,0.17961165,0.36407767,0.097087379,0.900485437,0.02184466,Metaled,4.857142857,0.590909091,0.947368421,0.509569378,0.318181818,0.019138756,0.138755981,12.35555556,0.023923445,27.83578431,0.0215311,26.00488998,0.090909091,15.97105263,0.232057416,8.38317757,0.887559809,9.489361702,0.09569378,17.21957672,0.014354067,24.57524272,0.023923445,23.42647059,0.026315789,20.84029484,0.227272727,12.22291022,0.947368421,14.81818182,0.409090909,12.64777328,0.461722488,13.42222222,0.880382775,12.5,0.158273381,38004,0.105515588,25131,0.043165468,0.03117506,0.002398082,0.004796163,0.009592326,0.333333333,0.050359712,0.20383693,0.026378897,0.179856115,0.079136691,0.052757794,0.043165468,0.410071942,0.131894484,10.37845304,0.148681055,13.27042254,0.398081535,5.876494024,0.074340528,12.15803109,0.055155875,0.009592326,0.040767386,0.011990408,0.904076739,0.028776978,0.007194245,0.009592326,0.004796163,0.959232614,0.004796163,0.014388489,0.026378897,0.011990408,0.947242206,2,1,2,0,2,2,2,2,2,0,0,0,0,2,449,5,0.607228916,0.009638554,0.38313253,0,0.421686747,0.322891566,0.207228916,0.048192771,0.935406699,0.035885167,0.028708134,0.03373494,0.96626506
JHELUM DISTRICT,PUNJAB,RAWALPINDI DIVISION,0.854271357,0.050251256,0.02680067,0.005025126,0.063651591,975,0.993079585,0.08650519,0.076124567,0.032871972,0.25432526,0.230103806,0.015570934,0.117647059,0.034602076,0.062283737,0.53633218,0.001730104,0.008650519,0.653979239,0.001730104,0.025951557,0.029059829,24,20,29516,0,0,0,1,99.39487179,0.101604278,0.837789661,6.32967033,0.098039216,0.814616756,0.051693405,0.005347594,0.035650624,0.244206774,0.03030303,0.019607843,0.005347594,0.010695187,2.278074866,3.696969697,0.199643494,6.728285078,0.128342246,5.588957055,0.108734403,6.924,0.087344029,10.49804688,0.078431373,8.224371373,0.080213904,9.046511628,0.114081996,8.150905433,0.413547237,6.960486322,0.766488414,2.160305344,0.301247772,3.862244898,0.169340463,5.371244635,0.035650624,14.95748614,0.035650624,16.24029575,0.206773619,7.519101124,0.77540107,2.515873016,0.319073084,4.196335079,0.160427807,5.40552017,0.028520499,15.15229358,0.024955437,16.93418647,0.128342246,8.799591002,0.035650624,0.001782531,0.007130125,0.005347594,0,0.001782531,0.953654189,0.003565062,0.001782531,0.001782531,0.001782531,0.001782531,0.003565062,0.994652406,0.115864528,6.721774194,0.242424242,8.404705882,0.502673797,0.816399287,209,15,60,1,0,0.229946524,0.012477718,0.188948307,0.067736185,0.613190731,0.050816697,0.555353902,0.058076225,0.90199637,0.014519056,Metaled,3.607843137,0.278074866,0.844919786,0.652406417,0.204991087,0.017825312,0.11942959,8.153846154,0.035650624,18.92051756,0.023172906,18.38321168,0.058823529,10.96212121,0.139037433,7.401656315,0.695187166,5.65497076,0.217468806,15.94305239,0.007130125,30.25314183,0.035650624,16.89833641,0.067736185,16.66347992,0.244206774,9.523584906,0.935828877,11.61111111,0.499108734,11.38790036,0.570409982,9.796680498,0.92513369,11.66666667,0.076648841,12827,0.051693405,11553,0.126559715,0.055258467,0.028520499,0.03030303,0.012477718,0.310160428,0.016042781,0.098039216,0.040998217,0.019607843,0.058823529,0.007130125,0.008912656,0.689839572,0.092691622,9.092337917,0.122994652,9.12804878,0.285204991,4.53117207,0.048128342,9.816479401,0.012477718,0,0.008912656,0.007130125,0.973262032,0.005347594,0,0,0,0.994652406,0.005347594,0.016042781,0.01426025,0.010695187,0.957219251,2,1,0,0,2,2,2,2,0,0,0,0,0,2,583,4,0.777183601,0.012477718,0.20855615,0.001782531,0.49197861,0.206773619,0.201426025,0.099821747,0.898395722,0.039215686,0.062388592,0.04456328,0.95543672
RAWALPINDI DISTRICT,PUNJAB,RAWALPINDI DIVISION,0.773462783,0.122977346,0.01618123,0.033980583,0.053398058,3313,0.965360073,0.005469462,0.003646308,0.000911577,0.914311759,0.118505014,0.011850501,0.087511395,0.023701003,0.010027347,0.105742935,0.038286235,0.040109389,0.924339107,0.008204193,0.008204193,0.01787234,53,32,38490,0,0,0,1,126.0899067,0.109797297,0.969257045,3.222222222,0.089100346,0.655709343,0.03633218,0.006055363,0.025086505,0.615916955,0,0.14100346,0.01384083,0.00432526,2.797319933,3.653813915,0.208578638,7.439957492,0.186026936,7.058945191,0.166526493,7.728557013,0.150673401,12.7888999,0.13961312,10.2228739,0.192598823,9.526041667,0.172413793,9.208333333,0.25567704,9.903954802,0.743096234,3.680781759,0.393812709,4.72,0.22909699,5.924078091,0.068561873,14.88330341,0.055183946,16.19823009,0.266945607,9.79109589,0.722175732,3.939759036,0.359832636,4.892810458,0.211715481,6.432059448,0.076150628,13.77898551,0.055183946,16.10973451,0.211538462,11.69247084,0.078661088,0.010041841,0.022594142,0.052719665,0.0041841,0.0041841,0.909623431,0.007531381,0.00083682,0.0041841,0.00083682,0.006694561,0.006694561,0.984937238,0.131601006,8.595559846,0.179530201,9.990797546,0.362646566,0.646515533,1215,612,187,1,0,0.046063652,0.012562814,0.216080402,0.021775544,0.737018425,0.32347973,0.366554054,0.115709459,0.791385135,0.059121622,Metaled,4.310810811,0.482758621,0.891505467,0.365853659,0.3254836,0.066442389,0.179079498,9.109072375,0.029264214,36.84496124,0.030100334,28.46551724,0.071070234,15.64536454,0.200668896,9.050209205,0.744147157,7.261437908,0.164853556,14.43386774,0.02680067,18.53872633,0.047858942,22.54056437,0.054347826,23.34394341,0.236775819,10.65456546,0.920368818,13.08421053,0.368067227,12.3537234,0.383711167,12.34741144,0.919327731,11.27083333,0.085141903,32347,0.095158598,56720,0.024186822,0.003336113,0.009174312,0.001668057,0.01000834,0.662640207,0.053494392,0.136324418,0.016393443,0.017256255,0.032786885,0.067299396,0.017256255,0.246764452,0.11922754,9.316491897,0.214105793,9.282051282,0.280436608,5.737456243,0.083193277,11.13015582,0.015886288,0.003344482,0.003344482,0.006688963,0.97826087,0.013389121,0.00083682,0,0.006694561,0.983263598,0.004244482,0.010186757,0.030560272,0.039049236,0.923599321,2,1,2,0,2,2,2,0,0,0,0,0,0,0,1202,7,0.67641844,0.017730496,0.294326241,0.011524823,0.427304965,0.390957447,0.031028369,0.15070922,0.890202703,0.07347973,0.036317568,0.032888889,0.967111111
OKARA DISTRICT,PUNJAB,SAHIWAL DIVISION,0.883172562,0.034297964,0.030010718,0.005359057,0.0471597,2246,0.975108225,0.891774892,0.412337662,0.492424242,0.935064935,0.034632035,0.173160173,0.675324675,0.893939394,0.058441558,0.819264069,0.008658009,0.004329004,0.006493506,0.002164502,0.006493506,0.660540541,1969,1285,1106020,0,0,0,1,91.52648649,0.065774805,0.890746934,8.755102041,0.057971014,0.92419175,0.05574136,0.017837235,0.091415831,0.002229654,0.010033445,0,0,0.003344482,2.540089087,3.792873051,0.1640625,6.292389853,0.141741071,6.036410923,0.101789709,7.884184309,0.076147816,11.38424242,0.110491071,8.34378921,0.07150838,9.667870036,0.103910615,8.495012469,0.184151786,8.229822161,0.827201784,4.161290323,0.29877369,5.128775835,0.140468227,6.652399481,0.016722408,13.52040816,0.017837235,16.41089671,0.123745819,10.43002545,0.752783964,4.216216216,0.285077951,5.640186916,0.08908686,8.602689487,0.017837235,14.23041998,0.018952062,15.69204545,0.089186176,11.20685435,0.101336303,0.017817372,0.057906459,0.023385301,0.008908686,0.011135857,0.86636971,0.001113586,0.001113586,0.001113586,0.002227171,0.001113586,0.001113586,0.996659243,0.119153675,6.512010114,0.173719376,8.041778976,0.469933185,0.740534521,379,202,65,1,0,0.243875278,0.010022272,0.090200445,0.010022272,0.728285078,0.195150115,0.093533487,0.057736721,0.907621247,0.038106236,Metaled,4.2625,0.365256125,0.907572383,0.39532294,0.122494432,0.04454343,0.101336303,9.32094176,0.097995546,12.08271605,0.043429844,12.00465658,0.086859688,8.756097561,0.243875278,4.969072165,0.348552339,6.372649573,0.059020045,14.08284024,0.011135857,19.98198198,0.021158129,15.29692833,0.024498886,12.18949772,0.146532438,10.33158585,0.859688196,11.92063492,0.119419643,12.37515843,0.349330357,10.05660377,0.817168339,9.31097561,0.040089087,839,0.023385301,2889,0.017817372,0.001113586,0.011135857,0,0.006681514,0.584821429,0.236607143,0.284598214,0.185267857,0.010044643,0.012276786,0.03125,0.397321429,0.224330357,0.026726058,11.55377574,0.094170404,11.47277228,0.092530658,7.923832924,0.0546875,8.031877214,0.004454343,0.002227171,0.001113586,0.005567929,0.993318486,0.002229654,0.002229654,0.001114827,0.003344482,0.996655518,0.012290503,0.017877095,0.096089385,0.031284916,0.844692737,2,1,0,0,2,0,2,0,0,0,0,0,0,2,930,3,0.515625,0.027901786,0.447544643,0.008928571,0.13549832,0.025755879,0.680851064,0.157894737,0.934225195,0.023411371,0.042363434,0.081291759,0.918708241
PAKPATTAN DISTRICT,PUNJAB,SAHIWAL DIVISION,0.936316695,0.015490534,0.015490534,0,0.032702238,1247,0.998275862,0.979310345,0.806896552,0.339655172,0.967241379,0.055172414,0.212068966,0.725862069,0.917241379,0.067241379,0.929310345,0.006896552,0.00862069,0.001724138,0.001724138,0.00862069,0.767641997,1370,1077,1123113,0,0,0,1,90.58864028,0.077586207,0.934482759,5.263157895,0.05862069,0.975862069,0.120689655,0.005172414,0.062068966,0,0.003448276,0,0,0,2.874137931,3.789655172,0.172711572,6.551148225,0.13298791,6.033864542,0.110535406,7.132038835,0.04835924,12.16696915,0.086355786,8.663516068,0.050086356,11.05818182,0.079447323,10.21575985,0.210708117,7.326039387,0.817241379,3.094339623,0.284482759,5.086746988,0.129310345,6.544554455,0.012068966,17.37696335,0.015517241,19.06304729,0.189655172,9.308510638,0.712068966,4.233532934,0.237931034,5.886877828,0.075862069,8.350746269,0.00862069,17.60695652,0.013793103,18.66433566,0.118965517,11.39726027,0.160344828,0.043103448,0.081034483,0.068965517,0.017241379,0.006896552,0.829310345,0.036206897,0.010344828,0.010344828,0.006896552,0.005172414,0.003448276,0.960344828,0.067241379,6.706099815,0.182758621,7.523206751,0.701724138,0.772413793,208,157,33,1,0,0.234482759,0.018965517,0.077586207,0.015517241,0.693103448,0.020942408,0.197207679,0.082024433,0.968586387,0.027923211,Metaled,3.093023256,0.634482759,0.948275862,0.293103448,0.103448276,0.00862069,0.110344828,9.199612403,0.079310345,11.97003745,0.04137931,11.62230216,0.132758621,8.522862823,0.272413793,5.099526066,0.532758621,7.007380074,0.053448276,15.53005464,0.015544041,14.33333333,0.025906736,15.04078014,0.025862069,14.73628319,0.131260794,10.10536779,0.932758621,12.48717949,0.065630397,11.72088725,0.151986183,11.31160896,0.922413793,12.71111111,0.105172414,772,0.010327022,1589,0.118760757,0.006884682,0.030981067,0.006884682,0.075731497,0.84137931,0.244827586,0.593103448,0.217241379,0.022413793,0.081034483,0.043103448,0.301724138,0.174137931,0.04137931,10.97482014,0.068965517,9.646296296,0.1,8.875478927,0.043103448,9.171171171,0.003448276,0,0,0.001724138,0.994827586,0,0,0,0.003448276,0.996551724,0.00862069,0.005172414,0.032758621,0.005172414,0.953448276,2,1,0,0,2,0,2,0,0,0,0,0,0,2,580,2,0.584482759,0.034482759,0.372413793,0.00862069,0.160344828,0.015517241,0.562068966,0.262068966,0.922413793,0.017241379,0.060344828,0.067241379,0.932758621
SAHIWAL DISTRICT,PUNJAB,SAHIWAL DIVISION,0.93220339,0.020715631,0.02259887,0.003766478,0.020715631,1383,0.986792453,0.854716981,0.775471698,0.490566038,0.966037736,0.041509434,0.333962264,0.416981132,0.920754717,0.052830189,0.937735849,0.018867925,0,0,0,0.003773585,0.747645951,1293,985,989314,0,0,0,1,106.5924528,0.073584906,0.781132075,3.568965517,0.052830189,0.896226415,0.2,0.032075472,0.135849057,0.001886792,0.00754717,0,0.001886792,0.001886792,2.711320755,3.458490566,0.254716981,6.539240506,0.224528302,6.187347932,0.232075472,6.552825553,0.203773585,9.620853081,0.194339623,7.75175644,0.164150943,9.503386005,0.20754717,7.878571429,0.345283019,8.259365994,0.913207547,3.347826087,0.505660377,5.263358779,0.330188679,6.388732394,0.054716981,15.93013972,0.088679245,16.04347826,0.381132075,11.81402439,0.873584906,4.253731343,0.539622642,5.786885246,0.264150943,7.664102564,0.067924528,14.17206478,0.111320755,15.21868365,0.320754717,12.08333333,0.147169811,0.028301887,0.111320755,0.067924528,0.071698113,0.00754717,0.788679245,0.003773585,0.003773585,0.003773585,0,0,0.005660377,0.98490566,0.155009452,6.357941834,0.223062382,7.099756691,0.346590909,0.710775047,276,261,33,1,0,0.105860113,0.02268431,0.077504726,0.020793951,0.826086957,0.091254753,0.19581749,0.057034221,0.920152091,0.053231939,Metaled,4.8125,0.29245283,0.883018868,0.641509434,0.175471698,0.033962264,0.216981132,9.493975904,0.103773585,12.29263158,0.045283019,12.42885375,0.120754717,7.736051502,0.318867925,7.440443213,0.422641509,7.045751634,0.133962264,12.04575163,0.050943396,15.06361829,0.069811321,17.63894523,0.064150943,14.0766129,0.364150943,9.272997033,0.860377358,9.040540541,0.416981132,10.86084142,0.577358491,10.45982143,0.824528302,10.43010753,0.145283019,1438,0.050943396,11632,0.018867925,0.00754717,0.005660377,0.001886792,0.005660377,0.748582231,0.236294896,0.466918715,0.270321361,0.058601134,0.064272212,0.062381853,0.24952741,0.207939509,0.067924528,10.65991903,0.2,11.71698113,0.258490566,6.852417303,0.052830189,8.197211155,0.00754717,0,0.005660377,0.001886792,0.988679245,0.005660377,0,0.001886792,0.003773585,0.994339623,0.001890359,0.017013233,0.030245747,0.015122873,0.943289225,2,1,2,0,2,2,2,0,0,0,0,0,0,2,531,2,0.596226415,0.016981132,0.375471698,0.011320755,0.239622642,0.033962264,0.552830189,0.173584906,0.926415094,0.00754717,0.066037736,0.094339623,0.905660377
BHAKKAR DISTRICT,PUNJAB,SARGODHA DIVISION,0.939001848,0.012939002,0.014787431,0.001848429,0.03142329,1358,0.981378026,0.081936685,0.670391061,0.560521415,0.48603352,0.791433892,0.344506518,0.305400372,0.545623836,0.013035382,0.931098696,0.003724395,0.00744879,0.370577281,0.00744879,0.00744879,0.524953789,1172,843,791366,0,0,0,1,30.51756007,0.087286528,1,0,0.013282732,0.9943074,0.0056926,0,0.007590133,0,0.009487666,0,0,0,3.730550285,3.89373814,0.168880455,10.75114155,0.108159393,10.39148936,0.10626186,10.61995754,0.064516129,16.69979716,0.064516129,12.96957404,0.058823529,13.91532258,0.10056926,12.25105485,0.138519924,12.59471366,0.777988615,5.401709402,0.324478178,7.744382022,0.14800759,9.449888641,0.030360531,18.29158513,0.018975332,21.28820116,0.146110057,14.67777778,0.677419355,6.088235294,0.263757116,8.819587629,0.096774194,11.21848739,0.032258065,16.94117647,0.020872865,20.56782946,0.092979127,15.80753138,0.083491461,0.013282732,0.04743833,0.081593928,0.026565465,0.0056926,0.838709677,0.003795066,0.001897533,0.003795066,0.003795066,0.003795066,0.0056926,0.988614801,0.127134725,10.24565217,0.239089184,11.7680798,0.413662239,0.812144213,233,51,61,2,0,0.580645161,0.007590133,0.013282732,0.015180266,0.406072106,0.015238095,0.154285714,0.059047619,0.988571429,0.017142857,Metaled,5.063157895,0.559772296,0.925996205,0.074003795,0.187855787,0.041745731,0.108159393,12.34680851,0.013282732,33.36538462,0.043643264,15.87896825,0.115749526,10.89699571,0.481973435,8.227106227,0.470588235,9.845878136,0.055028463,25.81325301,0.022770398,16.61359223,0.049429658,15.332,0.038022814,18.43675889,0.076045627,13.57613169,0.937262357,11.24242424,0.051233397,16.078,0.076045627,15.10699588,0.910646388,11.10638298,0.138519924,46110,0.170777989,52023,0.204933586,0.176470588,0.015180266,0.003795066,0.087286528,0.935483871,0.407969639,0.461100569,0.244781784,0.104364326,0.330170778,0.104364326,0.244781784,0.199240987,0.028462998,15.17578125,0.037950664,18.07889546,0.113851992,10.02783726,0.049335863,12.35329341,0.015180266,0,0,0,0.984819734,0.001897533,0,0,0,0.998102467,0.003795066,0.024667932,0.028462998,0.020872865,0.927893738,2,1,2,0,2,0,2,0,0,0,0,0,0,0,541,4,0.33269962,0.020912548,0.634980989,0.011406844,0.072243346,0.02661597,0.146387833,0.754752852,0.912713472,0.020872865,0.066413662,0.108159393,0.891840607
KHUSHAB DISTRICT,PUNJAB,SARGODHA DIVISION,0.77672956,0.022012579,0.01572327,0.018867925,0.166666667,523,0.986206897,0.310344828,0.117241379,0.337931034,0.248275862,0.127586207,0.131034483,0.162068966,0.465517241,0.072413793,0.648275862,0.027586207,0.024137931,0.624137931,0.024137931,0.055172414,0.215753425,335,214,129446,0,0,0,1,101.5463918,0.034722222,0.75,4.347222222,0.13986014,0.84965035,0.052447552,0,0.052447552,0.006993007,0.073426573,0.041958042,0.031468531,0.020979021,3.515679443,3.905923345,0.213286713,11.36,0.216783217,9.834821429,0.199300699,11.99126638,0.164335664,15.24686192,0.132867133,14.26612903,0.098245614,15.80544747,0.221052632,12.95945946,0.207017544,15.34513274,0.793706294,4.372881356,0.41958042,5.415662651,0.248251748,9.525581395,0.045454545,20.67399267,0.038461538,22.57454545,0.22027972,15.34977578,0.703832753,5.082352941,0.328671329,6.4375,0.202797203,11.75877193,0.052447552,21.28413284,0.041958042,22.7189781,0.167832168,17.30252101,0.03125,0.013888889,0.010416667,0.017361111,0.006944444,0,0.954861111,0,0,0,0,0,0,1,0.171328671,9.421940928,0.185314685,10.88841202,0.346153846,0.751748252,257,50,45,1,0,0.275261324,0.013937282,0.013937282,0.003484321,0.703832753,0.033088235,0.113970588,0.0625,0.974264706,0.014705882,Metaled,3.934782609,0.484320557,0.829268293,0.191637631,0.160278746,0.114982578,0.12195122,15.42460317,0.020905923,31.53380783,0.024390244,32.38214286,0.076655052,17.74339623,0.337979094,8.136842105,0.665505226,8.0625,0.083623693,29.0608365,0.048780488,32.34432234,0.06271777,29.89591078,0.041811847,27.6,0.142857143,17.17886179,0.766550523,17.46268657,0.142857143,20.04878049,0.209059233,19.03964758,0.682926829,18.89010989,0.274305556,3969,0.309027778,12893,0.256944444,0.197916667,0.079861111,0,0.013888889,0.43554007,0.073170732,0.12195122,0.010452962,0.06271777,0.048780488,0.020905923,0.167247387,0.334494774,0.094076655,17.09230769,0.080139373,26.54545455,0.261324042,8.70754717,0.087108014,16.45038168,0.052083333,0.010416667,0.006944444,0.003472222,0.944444444,0.017361111,0.006944444,0.003472222,0.003472222,0.979166667,0.01056338,0.003521127,0.003521127,0.003521127,0.978873239,2,1,0,0,2,0,2,0,0,0,0,0,0,0,318,4,0.533807829,0.014234875,0.427046263,0.024911032,0.189964158,0.215053763,0.189964158,0.405017921,0.965277778,0.020833333,0.013888889,0.163120567,0.836879433
MIANWALI DISTRICT,PUNJAB,SARGODHA DIVISION,0.78125,0.0625,0.03515625,0.015625,0.10546875,606,0.987447699,0.213389121,0.656903766,0.389121339,0.451882845,0.560669456,0.179916318,0.288702929,0.468619247,0.041841004,0.874476987,0.0041841,0.016736402,0.443514644,0.150627615,0.012552301,0.308016878,506,463,351661,0,0,0,1,116.1779661,0.048672566,0.934497817,3.933333333,0.127753304,0.837004405,0.004405286,0,0.008810573,0.022026432,0.004405286,0.004405286,0.008810573,0,3.651982379,3.806167401,0.211453744,10.25139665,0.224669604,8.5625,0.097345133,10.38235294,0.07079646,16.82857143,0.199115044,11.7679558,0.137168142,11.0974359,0.199115044,10.0718232,0.278761062,12.10429448,0.871681416,3.75862069,0.504424779,4.955357143,0.336283186,7.786666667,0.061946903,17.94339623,0.022123894,22.65158371,0.265486726,12.25301205,0.840707965,4.027777778,0.389380531,6.101449275,0.207964602,10.6424581,0.061946903,17.63679245,0.048672566,20.53488372,0.14159292,15.71134021,0.057522124,0.008849558,0.030973451,0.030973451,0,0.008849558,0.933628319,0,0,0,0,0,0.008849558,0.991150442,0.190265487,9.524590164,0.230088496,9.528735632,0.522123894,0.726872247,120,33,22,2,0,0.610619469,0.004424779,0.039823009,0.008849558,0.380530973,0.030973451,0.181415929,0.039823009,0.991150442,0.017699115,Metaled,4.925925926,0.57079646,0.938053097,0.287610619,0.278761062,0.044247788,0.159292035,10.99473684,0.026548673,36.19545455,0.022123894,18.64705882,0.150442478,10.81770833,0.544247788,7.893203883,0.694690265,10.08695652,0.097345133,32.73529412,0.084070796,12.87439614,0.088495575,14.83009709,0.061946903,14.33490566,0.092920354,12.29268293,0.920353982,9.666666667,0.14159292,11.8556701,0.247787611,12.25294118,0.82300885,11.4,0.079295154,639,0.171806167,23404,0.070175439,0.013157895,0.030701754,0,0.030701754,0.506666667,0.093333333,0.4,0.04,0.133333333,0.106666667,0.066666667,0.44,0.146666667,0.10619469,12.84653465,0.110619469,12.43283582,0.336283186,8.546666667,0.168141593,8.984042553,0.039823009,0.017699115,0.004424779,0.004424779,0.951327434,0.017699115,0.013274336,0,0,0.973451327,0.004405286,0.035242291,0.030837004,0,0.938325991,2,1,2,0,2,2,2,2,2,0,0,0,0,0,256,3,0.597345133,0.026548673,0.371681416,0.004424779,0.167400881,0.127753304,0.057268722,0.647577093,0.951327434,0.044247788,0.004424779,0.044247788,0.955752212
SARGODHA DISTRICT,PUNJAB,SARGODHA DIVISION,0.888103651,0.030624264,0.03180212,0.001177856,0.048292108,1813,0.983431953,0.893491124,0.4,0.862721893,0.742011834,0.055621302,0.615384615,0.415384615,0.882840237,0.030769231,0.840236686,0.004733728,0,0.013017751,0,0.004733728,0.726415094,1977,1629,1574031,0,0,0,1,52.90919811,0.120918984,0.732769045,2.7239819,0.056900726,0.955205811,0.031476998,0.004842615,0.163438257,0,0.002421308,0,0,0.001210654,2.288484848,3.776969697,0.217917676,9.19504644,0.220338983,7.51552795,0.194915254,7.539849624,0.13559322,12.65546218,0.117433414,9.868312757,0.136803874,9.176718093,0.170702179,8.656934307,0.255447942,11.18373984,0.92,3.727272727,0.426666667,5.099365751,0.233939394,5.97943038,0.050909091,13.30395913,0.059393939,17.02061856,0.309090909,9.898245614,0.873035067,4.628571429,0.449029126,5.788546256,0.233009709,6.773734177,0.058252427,12.78221649,0.059466019,16.47354839,0.245145631,10.585209,0.078883495,0.029126214,0.040048544,0.036407767,0.020631068,0.01092233,0.90776699,0.019417476,0.009708738,0.009708738,0.009708738,0.007281553,0.004854369,0.979368932,0.188106796,5.696562033,0.242718447,7.296474359,0.498786408,0.604848485,533,168,1293,1,0,0.256067961,0.038834951,0.129854369,0.023058252,0.652912621,0.317073171,0.152439024,0.034146341,0.903658537,0.023170732,Metaled,3.243243243,0.402912621,0.936893204,0.421116505,0.203883495,0.024271845,0.151699029,9.313304721,0.029126214,23.94875,0.024271845,22.5,0.11407767,9.25890411,0.388349515,5.307539683,0.54368932,5.603723404,0.091019417,13.45126836,0.040048544,23.16434893,0.047330097,24.47133758,0.046116505,14.46819338,0.298543689,9.683391003,0.938106796,9.784313725,0.28276699,11.70219966,0.40776699,9.356557377,0.882281553,10.10309278,0.149271845,2831,0.050970874,2132,0.045949214,0.018137848,0.026602177,0.00120919,0.00120919,0.852478839,0.286577993,0.564691657,0.136638452,0.013301088,0.084643289,0.029020556,0.031438936,0.111245466,0.087272727,9.945551129,0.15776699,11.15417867,0.225728155,6.584639498,0.077669903,9.036842105,0.008474576,0.002421308,0,0.003631961,0.987893462,0.003631961,0.002421308,0,0.002421308,0.993946731,0.014545455,0.035151515,0.026666667,0.00969697,0.930909091,2,1,2,0,2,2,2,2,0,0,0,0,0,2,846,7,0.818955043,0.010935601,0.167679222,0.002430134,0.256379101,0.044957473,0.626974484,0.071688943,0.879081016,0.047158404,0.07376058,0.04969697,0.95030303
BADIN DISTRICT,SINDH,HYDERABAD DIVISION,0.911646586,0.052208835,0.030120482,0.004016064,0.002008032,4012,0.654396728,0.830265849,0.627811861,0.505112474,0.128834356,0.010224949,0.059304703,0.188139059,0.987730061,0.018404908,0.024539877,0.00408998,0,0.00204499,0,0.00204499,0.187122736,614,183,103166,0,0,0,1,28.34406439,0.032193159,0.444668008,6.710144928,0.018108652,0.595573441,0.030181087,0.052313883,0.336016097,0.020120724,0.418511066,0.004024145,0.028169014,0.002012072,3.905432596,3.957746479,0.144869215,13.94823529,0.142857143,10.20422535,0.134808853,12.07906977,0.076458753,16.55991285,0.048289738,18.29386892,0.068410463,12.7775378,0.108651911,12.56207675,0.253521127,16.4690027,0.903420523,8.708333333,0.215291751,9.664102564,0.106639839,11.81531532,0.028169014,21.8757764,0.016096579,33.06543967,0.215291751,16.73333333,0.480885312,9.841085271,0.106639839,11.25900901,0.052313883,15.52016985,0.020120724,23.73511294,0.016096579,32.200409,0.146881288,19.63915094,0.014084507,0,0,0.002012072,0,0.002012072,0.983903421,0,0,0,0,0,0.002012072,0.997987928,0.048289738,14.72515856,0.124748491,14.88965517,0.342052314,0.806841046,225,48,103,3,0,0.382293763,0,0.00804829,0.010060362,0.60362173,0.046558704,0.004048583,0,0.969635628,0.012145749,Metaled,6.41588785,0.53722334,0.573440644,0.028169014,0.54527163,0.058350101,0.060362173,13.37044968,0.014084507,71.95102041,0.022132797,31.68312757,0.032193159,16.85446985,0.138832998,10.74766355,0.327967807,10.96706587,0.038229376,22.68828452,0.028169014,17.94616977,0.036217304,28.55532359,0.028169014,23.02691511,0.042253521,17.58403361,0.830985915,16.26190476,0.042253521,18.76680672,0.036217304,17.95615866,0.714285714,18.07042254,0.002012072,10,0.040241449,13215,0.818913481,0.816901408,0.010060362,0,0.024144869,0.158953722,0.016096579,0.100603622,0.350100604,0.400402414,0.00804829,0.006036217,0.287726358,0.410462777,0.028169014,19.72877847,0.197183099,34.70175439,0.050301811,13.18220339,0.094567404,11.09555556,0.177062374,0.004024145,0,0.00804829,0.814889336,0.136820926,0.004024145,0,0.004024145,0.855130785,0.00804829,0.006036217,0.078470825,0.122736419,0.784708249,2,1,0,0,2,0,2,0,2,0,0,0,0,2,472,5,0.024144869,0.406438632,0.567404427,0.002012072,0.038229376,0.018108652,0.012072435,0.931589537,0.967806841,0.022132797,0.010060362,0.643863179,0.356136821
DADU DISTRICT,SINDH,HYDERABAD DIVISION,0.858356941,0.011331445,0.036827195,0.002832861,0.090651558,1456,0.931677019,0.611801242,0.223602484,0.114906832,0.068322981,0.031055901,0.01552795,0.099378882,0.527950311,0.208074534,0.366459627,0.01242236,0,0.229813665,0.074534161,0.02173913,0.114369501,231,89,82006,0,0,0,1,188.6950147,0.075757576,0.734756098,6.298850575,0.106060606,0.803030303,0.009090909,0.024242424,0.172727273,0.096969697,0.060606061,0.042424242,0.042424242,0.018181818,3.751515152,3.906060606,0.155015198,13.90647482,0.182370821,13.44609665,0.142857143,14.06382979,0.069908815,16.77777778,0.079027356,17.63366337,0.121580547,13.74394464,0.161585366,13.97090909,0.240853659,18.12048193,0.881458967,9.769230769,0.291793313,10.01716738,0.176291793,11.38745387,0.051671733,17.41987179,0.024316109,20.42990654,0.158054711,14.54512635,0.559270517,9.662068966,0.182370821,10.14869888,0.112462006,11.76369863,0.039513678,17.38291139,0.030395137,20.75862069,0.125,15.31010453,0.021276596,0,0,0.027355623,0.018237082,0.006079027,0.939209726,0,0,0.003039514,0,0,0,0.996960486,0.05775076,15.15806452,0.142857143,15.0212766,0.033333333,0.765957447,232,32,164,1,0,0.848484848,0,0.087878788,0.009090909,0.145454545,0.187096774,0.009677419,0.006451613,0.964516129,0.003225806,Unmetalled,8.013157895,0.559270517,0.756838906,0.094224924,0.203647416,0.167173252,0.088145897,14.06333333,0.030395137,19.3354232,0.03343465,16.59433962,0.039513678,18.13291139,0.133738602,13.69824561,0.267477204,13.53112033,0.018237082,20.17956656,0.042553191,18.03492063,0.030395137,18.05015674,0.066869301,17.7980456,0.048632219,16.55591054,0.805471125,15.453125,0.048929664,18.2829582,0.076452599,17.86092715,0.787234043,18.02857143,0.045180723,2150,0.048192771,3796,0.463855422,0.265060241,0.234939759,0.057228916,0.018072289,0.512048193,0.024096386,0.168674699,0.060240964,0.015060241,0,0.045180723,0.18373494,0.412650602,0.030395137,17.36050157,0.072948328,16.68196721,0.103343465,15.21355932,0.170212766,9.608058608,0.039393939,0.015151515,0,0.021212121,0.93030303,0.021212121,0.012121212,0,0.009090909,0.960606061,0,0.009118541,0.085106383,0.328267477,0.632218845,2,1,0,0,2,0,2,0,0,0,0,0,0,2,345,4,0.048484848,0.178787879,0.739393939,0.033333333,0.078787879,0.103030303,0.033333333,0.784848485,0.924242424,0.033333333,0.042424242,0.260606061,0.739393939
HYDERABAD DISTRICT,SINDH,HYDERABAD DIVISION,0.614457831,0.301204819,0.072289157,0.012048193,0,915,1,0.095890411,0.931506849,0.767123288,0.931506849,0.01369863,0.726027397,0.726027397,0.945205479,0.068493151,0.520547945,0,0,0,0,0,0.373493976,201,92,68863,0,0,0,1,67.65432099,0.135802469,0.802469136,2.9375,0.12345679,0.901234568,0.12345679,0.12345679,0.049382716,0,0.209876543,0,0,0.049382716,3.333333333,3.469135802,0.333333333,6,0.395061728,5.06122449,0.24691358,6.475409836,0.12345679,9.253521127,0.271604938,6.983050847,0.555555556,5.194444444,0.419753086,7.127659574,0.62962963,5.466666667,0.938271605,4.2,0.469135802,5.23255814,0.333333333,7.018518519,0.135802469,10.01428571,0.098765432,12.54794521,0.851851852,7.666666667,0.901234568,5.125,0.395061728,5.428571429,0.271604938,7.86440678,0.086419753,9.72972973,0.074074074,12.25333333,0.827160494,7.5,0.148148148,0.024691358,0.037037037,0.012345679,0.012345679,0,0.851851852,0.012345679,0,0,0,0,0,0.987654321,0.160493827,7.941176471,0.197530864,7.153846154,0.913580247,0.308641975,257,242,21,2,0,0.925925926,0,0.604938272,0,0.012345679,0.50617284,0.111111111,0.12345679,0.87654321,0.197530864,Metaled,2.2,0.691358025,0.975308642,0.24691358,0.530864198,0,0.37037037,7.980392157,0.074074074,14.12,0.074074074,14.17333333,0.296296296,9.175438596,0.567901235,5.028571429,0.87654321,10.1,0.148148148,11.63768116,0.037037037,13.17948718,0.049382716,13.2987013,0.061728395,14.47368421,0.172839506,12.07462687,0.975308642,10,0.259259259,11.75,0.209876543,12.484375,0.975308642,6,0,0,0.037037037,2415,0.012345679,0.012345679,0,0,0,0.925925926,0.086419753,0.839506173,0.234567901,0.098765432,0.024691358,0.049382716,0.691358025,0,0.172839506,8.71641791,0.320987654,9.672727273,0.24691358,7,0.407407407,5.25,0.111111111,0,0,0.012345679,0.87654321,0.086419753,0,0,0,0.913580247,0.086419753,0.074074074,0.098765432,0.086419753,0.814814815,2,1,2,0,2,0,2,0,2,0,0,0,0,2,83,4,0.098765432,0.037037037,0.864197531,0,0.271604938,0.12345679,0,0.604938272,0.864197531,0.135802469,0,0.12345679,0.87654321
JAMSHORO DISTRICT,SINDH,HYDERABAD DIVISION,0.942857143,0.028571429,0.017142857,0,0.011428571,934,0.896551724,0.005747126,0.316091954,0.005747126,0.206896552,0.235632184,0.011494253,0.32183908,0.109195402,0.183908046,0.465517241,0.005747126,0.022988506,0.534482759,0.114942529,0.040229885,0.04,28,28,15000,0,0,0,1,160.8057143,0.194285714,0.405714286,11.02884615,0.086206897,0.356321839,0.063218391,0.086206897,0.189655172,0.396551724,0.201149425,0.051724138,0.063218391,0.08045977,3.689655172,3.781609195,0.201149425,21.29496403,0.189655172,18.68085106,0.17816092,19.97202797,0.103448276,20.12179487,0.086206897,20.93710692,0.114942529,18.88961039,0.172413793,21.59027778,0.270114943,19.66141732,0.752873563,15.97674419,0.201149425,19.60431655,0.114942529,21.98051948,0.040229885,30.43712575,0.011494253,46.37790698,0.304597701,14.3553719,0.454022989,16.11578947,0.132183908,19.40397351,0.091954023,22.66455696,0.034482759,31.01785714,0.005747126,46.35260116,0.212643678,18.51094891,0.045977011,0,0.011494253,0.022988506,0.005747126,0.005747126,0.936781609,0,0,0,0.005747126,0.005747126,0,0.988505747,0.068965517,19.57407407,0.091954023,19.63291139,0.304597701,0.827586207,139,23,1,3,0,0.764367816,0,0.074712644,0,0.224137931,0.132947977,0.069364162,0.028901734,0.959537572,0.028901734,Unmetalled,12.8362069,0.350574713,0.603448276,0.120689655,0.33908046,0.25862069,0.132183908,20.13907285,0.022988506,44.60588235,0.051724138,41.86060606,0.068965517,26.92592593,0.183908046,20.0915493,0.356321839,13.84821429,0.051724138,42.55757576,0.022988506,49.97058824,0.028735632,46.95266272,0.028735632,51.24260355,0.114942529,20.79220779,0.82183908,32.48387097,0.063218391,22.74846626,0.086206897,23.8490566,0.74137931,32.68888889,0.371428571,10044,0.142857143,10817,0.891428571,0.84,0.137142857,0.04,0,0.798850575,0.011494253,0.022988506,0,0.011494253,0,0.017241379,0.051724138,0.155172414,0.068965517,28.55555556,0.114942529,29.45454545,0.120689655,20.88888889,0.24137931,16.0530303,0.143678161,0.022988506,0,0.045977011,0.827586207,0.091954023,0,0,0,0.908045977,0.022988506,0.011494253,0.057471264,0.022988506,0.925287356,2,2,2,0,2,0,2,0,0,0,0,0,0,2,174,4,0.051428571,0.377142857,0.554285714,0.017142857,0.126436782,0.028735632,0.017241379,0.827586207,0.805714286,0.074285714,0.12,0.247126437,0.752873563
MATIARI DISTRICT,SINDH,HYDERABAD DIVISION,0.82300885,0.044247788,0.053097345,0.07079646,0.008849558,457,0.981132075,0.037735849,0.962264151,0.5,0.547169811,0.066037736,0.726415094,0.70754717,0.839622642,0.037735849,0.70754717,0,0,0,0.009433962,0,0.142857143,30,28,36215,0,0,0,1,85.5047619,0.085714286,0.857142857,4.666666667,0.180952381,0.952380952,0.00952381,0.047619048,0.095238095,0.00952381,0.047619048,0.00952381,0.00952381,0,3.304761905,3.704761905,0.285714286,5.773333333,0.342857143,5.217391304,0.219047619,6.195121951,0.104761905,6.638297872,0.161904762,6.318181818,0.276190476,5.421052632,0.171428571,6.32183908,0.133333333,7.043956044,0.952380952,4.6,0.514285714,4.843137255,0.238095238,5.575,0.066666667,7.479591837,0.028571429,13.95098039,0.285714286,6.053333333,0.8,5.857142857,0.371428571,5.212121212,0.238095238,5.9,0.076190476,7.793814433,0.028571429,13.60784314,0.238095238,6.375,0.00952381,0,0,0.00952381,0.00952381,0.00952381,0.971428571,0,0,0,0,0,0,1,0.123809524,7.467391304,0.276190476,6.552631579,0.161904762,0.847619048,21,5,0,3,0,0.733333333,0,0.104761905,0,0.219047619,0.571428571,0,0.038095238,0.60952381,0.123809524,Metaled,4.380952381,0.380952381,0.914285714,0.152380952,0.2,0.047619048,0.295238095,5.77027027,0.038095238,9.643564356,0.047619048,8.61,0.057142857,8.202020202,0.4,5.746031746,0.780952381,6.260869565,0.104761905,8.29787234,0.038095238,9.504950495,0.066666667,9.285714286,0.038095238,10.36633663,0.171428571,8.091954023,0.847619048,7.5,0.161904762,8.590909091,0.2,8.083333333,0.780952381,8.434782609,0,0,0,0,0.266666667,0.152380952,0.161904762,0,0.104761905,0.40952381,0.019047619,0.257142857,0.171428571,0.295238095,0.00952381,0.019047619,0.133333333,0.285714286,0.076190476,7.855670103,0.019047619,8.058252427,0.133333333,7.593406593,0.323809524,6.394366197,0.133333333,0.00952381,0.00952381,0.028571429,0.866666667,0.038095238,0,0,0,0.961904762,0.00952381,0.00952381,0.066666667,0.057142857,0.866666667,2,1,0,0,2,0,2,0,2,0,0,0,0,2,113,3,0.028571429,0.066666667,0.876190476,0.028571429,0.114285714,0.266666667,0.219047619,0.4,0.914285714,0.076190476,0.00952381,0.019047619,0.980952381
TANDO ALLAHYAR DISTRICT,SINDH,HYDERABAD DIVISION,0.846153846,0.10989011,0.043956044,0,0,456,1,0.032967033,1,0.945054945,0.802197802,0.175824176,0.879120879,0.824175824,1,0.021978022,0.648351648,0,0,0,0.010989011,0,1,564,232,157519,0,0,0,1,104.8901099,0.065934066,0.725274725,5.08,0.054945055,0.879120879,0.054945055,0.384615385,0.076923077,0,0.120879121,0.010989011,0,0,3.615384615,3.692307692,0.582417582,9.157894737,0.428571429,7.576923077,0.362637363,7.534482759,0.263736264,8.373134328,0.274725275,10.46969697,0.208791209,9.694444444,0.296703297,9.703125,0.274725275,9.136363636,0.989010989,2,0.593406593,6.243243243,0.296703297,7.953125,0.043956044,13.35632184,0.021978022,18.14606742,0.417582418,5.377358491,0.934065934,4.166666667,0.461538462,6.469387755,0.241758242,9.31884058,0.065934066,13.6,0.032967033,18.20454545,0.340659341,6.983333333,0.032967033,0,0.010989011,0,0,0,0.967032967,0,0,0,0,0,0,1,0.208791209,9.416666667,0.318681319,9.467741935,0.472527473,0.571428571,150,52,0,2,0,0.725274725,0,0.175824176,0,0.274725275,0.340659341,0.010989011,0.164835165,0.879120879,0.043956044,Metaled,12,0.956043956,0.989010989,0.120879121,0.549450549,0,0.186813187,9.554054054,0.032967033,16.64772727,0.032967033,16.53409091,0.087912088,13.01204819,0.505494505,8.511111111,0.868131868,7.333333333,0.043956044,16.56321839,0.043956044,14.32183908,0.032967033,15.71590909,0.043956044,15.67816092,0.120879121,15.1125,0.967032967,20,0.054945055,13.8372093,0.120879121,15.325,0.967032967,20,0,0,0.021978022,222,0.054945055,0,0.021978022,0,0.032967033,0.582417582,0,0.472527473,0.252747253,0,0,0.32967033,0.395604396,0.318681319,0.131868132,11.82278481,0.637362637,8.818181818,0.230769231,8.628571429,0.516483516,8.136363636,0.076923077,0,0.010989011,0.010989011,0.923076923,0.076923077,0,0,0,0.923076923,0.032967033,0.032967033,0.032967033,0.010989011,0.912087912,2,1,0,0,2,0,2,0,2,0,0,0,0,2,91,3,0.010989011,0.043956044,0.945054945,0,0.032967033,0.131868132,0,0.835164835,0.934065934,0.065934066,0,0.076923077,0.923076923
TANDO MUHAMMAD KHAN DISTRICT,SINDH,HYDERABAD DIVISION,0.94375,0.04375,0.00625,0.00625,0,863,0.767295597,0.911949686,0.748427673,0.786163522,0.559748428,0.132075472,0.144654088,0.163522013,1,0.006289308,0.119496855,0,0,0,0,0,0.25,154,118,104784,0,0,0,1,52.1509434,0.056603774,0.836477987,5.192307692,0.094339623,0.962264151,0.025157233,0.100628931,0.169811321,0,0.182389937,0.012578616,0.006289308,0,3.786163522,3.874213836,0.113207547,10.44680851,0.132075472,10.56521739,0.119496855,10.39285714,0.075471698,12.20408163,0.100628931,10.88811189,0.075471698,10.9047619,0.176100629,9.557251908,0.144654088,10.16911765,0.955974843,8.428571429,0.220125786,8.201612903,0.125786164,10.1942446,0.018867925,17.58333333,0.006289308,21.3164557,0.238993711,13.08264463,0.660377358,8.407407407,0.113207547,10.71631206,0.081761006,12.98630137,0.031446541,19.74025974,0.018867925,21.15384615,0.13836478,16.35766423,0.012578616,0,0,0,0.006289308,0,0.981132075,0,0,0,0,0.006289308,0,0.993710692,0.037735849,15.20915033,0.144654088,16.44117647,0.459119497,0.805031447,102,4,15,3,0,0.396226415,0,0.025157233,0,0.597484277,0.238993711,0.088050314,0.150943396,0.974842767,0.51572327,Metaled,6.516129032,0.735849057,0.911949686,0.031446541,0.34591195,0,0.088050314,12.27586207,0.006289308,36.55063291,0.012578616,25.7133758,0.044025157,19.82236842,0.20754717,10.97619048,0.383647799,12.76530612,0.012578616,21.66878981,0.012578616,22.00636943,0.006289308,22.17088608,0.012578616,21.98089172,0.012578616,21.15286624,0.842767296,17.84,0.012578616,21.2866242,0.025157233,21.45806452,0.842767296,16.28,0,0,0.037735849,4974,0,0,0,0,0,0.320754717,0,0.025157233,0.220125786,0.012578616,0,0.018867925,0.503144654,0.427672956,0.018867925,19.87179487,0.553459119,16.54929577,0.062893082,13.34899329,0.150943396,9.503703704,0.037735849,0,0.006289308,0.006289308,0.962264151,0.012578616,0,0,0,0.987421384,0.025157233,0.031446541,0.044025157,0,0.918238994,2,1,0,0,2,0,2,0,2,0,0,0,0,2,158,3,0.012578616,0.081761006,0.899371069,0.006289308,0.13836478,0.031446541,0,0.830188679,0.943396226,0.031446541,0.025157233,0.182389937,0.817610063
THATTA DISTRICT,SINDH,HYDERABAD DIVISION,0.799242424,0.022727273,0.015151515,0.011363636,0.151515152,1696,0.942222222,0.875555556,0.257777778,0.391111111,0.786666667,0.133333333,0.28,0.884444444,0.893333333,0.093333333,0.048888889,0.026666667,0.004444444,0.044444444,0.008888889,0.022222222,0.19047619,135,88,41632,0,0,0,1,51.97674419,0.049382716,0.700404858,28.67567568,0.037815126,0.773109244,0.033613445,0.050420168,0.147058824,0.025210084,0.605042017,0.021008403,0.012605042,0.042016807,3.684615385,3.942307692,0.075098814,24.97863248,0.122807018,14.42,0.096491228,14.79126214,0.078947368,17.77142857,0.070175439,17.05660377,0.110132159,15.36633663,0.088105727,16.41545894,0.086580087,17.47393365,0.8,11.97826087,0.213973799,13.7,0.122270742,15.039801,0.026200873,25.04035874,0.026315789,22.24774775,0.27826087,16.62650602,0.561403509,14.36,0.175438596,15.15425532,0.092105263,16.18357488,0.013157895,25.77333333,0.017621145,22.43946188,0.175438596,17.45744681,0.061302682,0.007662835,0.01532567,0.011494253,0.003831418,0,0.931034483,0,0,0,0,0,0,1,0.068965517,18.37037037,0.122270742,18.60199005,0.184549356,0.485943775,847,80,424,3,0,0.287937743,0.007782101,0.023346304,0.124513619,0.571984436,0.03930131,0.013100437,0.048034934,0.969432314,0.061135371,Unmetalled,10,0.469230769,0.592307692,0.1,0.315384615,0.226923077,0.09375,26.11637931,0.023529412,61.04417671,0.02745098,42.90725806,0.043137255,28.80327869,0.11328125,24.36563877,0.23828125,27.44615385,0.058365759,40.51652893,0.042801556,34.1504065,0.047826087,23.68493151,0.03968254,41.5785124,0.12987013,18.81094527,0.84496124,23.45,0.111553785,26.8206278,0.12173913,20.12376238,0.639534884,18.24731183,0.019157088,1059,0.076628352,9414,0.750957854,0.118773946,0.390804598,0,0.333333333,0.734177215,0.004219409,0.075949367,0.063291139,0.067510549,0,0.004219409,0.101265823,0.240506329,0.034883721,39.79116466,0.050387597,29.69795918,0.042635659,36.69230769,0.093023256,26.37179487,0.038610039,0.007722008,0.007722008,0.007722008,0.957528958,0.023166023,0.003861004,0,0,0.972972973,0,0,0.015564202,0.073929961,0.910505837,2,2,0,0,2,0,2,0,0,0,0,0,0,2,260,4,0.035856574,0.390438247,0.565737052,0.007968127,0.088,0.02,0.012,0.88,0.950617284,0.04526749,0.004115226,0.303278689,0.696721311
SUJAWAL DISTRICT,SINDH,HYDERABAD DIVISION,0.782051282,0.002564103,0.020512821,0.038461538,0.156410256,1246,0.545741325,0.958990536,0.167192429,0.65615142,0.268138801,0.157728707,0.015772871,0.359621451,0.974763407,0.018927445,0.028391167,0.006309148,0,0,0.006309148,0.044164038,0.258566978,298,65,31010,0,0,0,1,31.6645768,0.140186916,0.653125,4.72972973,0.025,0.63125,0.0125,0.040625,0.059375,0.084375,0.409375,0,0.04375,0,3.946875,3.95625,0.088050314,12.54482759,0.100628931,11.91258741,0.056603774,11.55666667,0.037735849,13.16666667,0.034591195,13.90879479,0.075471698,13.54421769,0.066037736,12.02020202,0.150943396,13.21481481,0.871069182,6.707317073,0.119496855,10.57857143,0.06918239,13.02364865,0.006289308,25.80696203,0.018867925,25.62820513,0.147798742,12.25092251,0.367924528,12.71144279,0.103773585,12.83859649,0.056603774,13.97,0.01572327,25.67731629,0.018867925,26.15705128,0.110062893,12.49116608,0.046875,0,0.003125,0.003125,0.003125,0.0125,0.94375,0,0,0,0,0,0.009404389,0.990595611,0.062695925,13.53511706,0.053459119,13.92026578,0.096875,0.675,271,21,260,3,0,0.590625,0.003125,0.003125,0.009375,0.396875,0.025316456,0,0.003164557,0.981012658,0.003164557,Unmetalled,7.893491124,0.764890282,0.156739812,0.02507837,0.206896552,0.131661442,0.081761006,13.89041096,0.01572327,35.18530351,0.012578616,35.17515924,0.018867925,14.26602564,0.072327044,13.3220339,0.295597484,14.33928571,0.022012579,16.26688103,0.025157233,16.89354839,0.022012579,15.97106109,0.031446541,32.6525974,0.018867925,14.21794872,0.616352201,12.97540984,0.022012579,14.66237942,0.025157233,14.63225806,0.352201258,15.68932039,0.0125,16,0.01552795,3244,0.036923077,0.012307692,0.021538462,0.012307692,0,0.83125,0.003125,0.00625,0.003125,0.00625,0,0.015625,0,0.1875,0.022012579,14.99678457,0.018867925,14.56730769,0.018867925,13.88461538,0.081761006,12.02054795,0.122641509,0.003144654,0.003144654,0.006289308,0.871069182,0.100628931,0.003144654,0,0.003144654,0.893081761,0.003144654,0.006289308,0.003144654,0.006289308,0.987421384,2,2,0,0,2,0,2,0,0,0,0,0,0,2,379,5,0.009345794,0.482866044,0.498442368,0.009345794,0.018691589,0.024922118,0.009345794,0.947040498,0.859813084,0.024922118,0.115264798,0.246875,0.753125
JACOBABAD DISTRICT,SINDH,LARKANA DIVISION,0.914691943,0.037914692,0.047393365,0,0,1494,0.862559242,0.957345972,0.004739336,0,0,0.246445498,0,0.099526066,0.976303318,0.132701422,0.085308057,0.009478673,0,0,0,0.004739336,0.336492891,685,207,43570,0,0,0,1,44.35545024,0.109004739,0.587677725,2.586206897,0.014218009,0.91943128,0.033175355,0.071090047,0.123222749,0.037914692,0.052132701,0.066350711,0.018957346,0.009478673,3.748815166,3.848341232,0.213270142,11.57831325,0.255924171,9.369426752,0.199052133,11.89349112,0.090047393,17.59375,0.118483412,15.52150538,0.118483412,14.79569892,0.161137441,12.91525424,0.104265403,14.3968254,0.900473934,5.238095238,0.341232227,9.553956835,0.123222749,10.4972973,0.033175355,19.32352941,0.023696682,20.19902913,0.213270142,18.30722892,0.545023697,9.697916667,0.180094787,10.63583815,0.08056872,14.19072165,0.028436019,19.29756098,0.028436019,20.08780488,0.104265403,19.07936508,0.047393365,0,0.009478673,0,0,0.009478673,0.947867299,0,0,0,0,0,0.004739336,0.995260664,0.127962085,17.61413043,0.156398104,17.4494382,0.123222749,0.753554502,180,319,342,3,0,0.616113744,0.014218009,0.137440758,0.004739336,0.331753555,0.109452736,0.039800995,0.044776119,0.970149254,0.029850746,Unmetalled,6.018181818,0.696682464,0.767772512,0.066350711,0.345971564,0.104265403,0.123222749,11.35135135,0.042654028,19.98514851,0.061611374,18.23737374,0.113744076,14.42245989,0.203791469,10.69047619,0.606635071,9.325301205,0.066350711,24.98477157,0.052132701,22.17,0.075829384,14.78461538,0.127962085,20.57608696,0.090047393,14.71354167,0.872037915,15.40740741,0.099526066,16.45789474,0.137440758,15.34615385,0.848341232,15.625,0.023696682,110,0.014218009,6,0.028436019,0.004739336,0.023696682,0,0,0.914691943,0.085308057,0.521327014,0.345971564,0.056872038,0.014218009,0.213270142,0.047393365,0.08056872,0.033175355,20.42156863,0.023696682,18.82038835,0.056872038,14.15577889,0.293838863,8.489932886,0.075829384,0.018957346,0.004739336,0,0.924170616,0.061611374,0.018957346,0,0,0.938388626,0.004739336,0.056872038,0.061611374,0.023696682,0.881516588,2,1,2,0,2,0,2,0,1,0,0,0,0,0,208,3,0.104265403,0.246445498,0.620853081,0.028436019,0.109004739,0.033175355,0.037914692,0.819905213,0.890995261,0.066350711,0.042654028,0.431279621,0.568720379
KASHMORE DISTRICT,SINDH,LARKANA DIVISION,0.891891892,0.054054054,0.054054054,0,0,711,0.972972973,0.810810811,0.027027027,0.054054054,0,0.047297297,0,0.013513514,0.797297297,0.216216216,0.202702703,0,0,0.006756757,0.006756757,0.006756757,0.155405405,532,272,38427,0,0,0,1,53.02027027,0.047297297,0.810810811,5.678571429,0,0.966216216,0.006756757,0.006756757,0.006756757,0,0.047297297,0,0.013513514,0,3.790540541,3.871621622,0.222972973,8,0.202702703,7.86440678,0.175675676,8.229508197,0.087837838,8.985185185,0.081081081,8.992647059,0.108108108,8.242424242,0.128378378,8.643410853,0.114864865,8.885496183,0.932432432,5.7,0.364864865,8.223404255,0.202702703,8.915254237,0.040540541,11.28169014,0.033783784,10.82517483,0.358108108,9.968421053,0.668918919,9.12244898,0.209459459,8.982905983,0.121621622,9.815384615,0.040540541,11.3028169,0.047297297,10.68794326,0.25,10.76576577,0.006756757,0,0,0,0,0,0.993243243,0,0,0,0,0,0,1,0.114864865,9.297709924,0.128378378,9.162790698,0.047297297,0.817567568,13,0,113,3,0,0.5,0.02027027,0.067567568,0,0.472972973,0.081081081,0.033783784,0.101351351,0.966216216,0,Unmetalled,5.882978723,0.385135135,0.412162162,0.054054054,0.121621622,0.324324324,0.067567568,9.985507246,0.02027027,11.30344828,0.02027027,11.20689655,0.047297297,10.60283688,0.202702703,9.203389831,0.304054054,8.174757282,0.067567568,15.80434783,0.060810811,11.90647482,0.033783784,12.28671329,0.047297297,13.19858156,0.101351351,9.932330827,0.567567568,9.953125,0.087837838,11.77037037,0.087837838,11.24444444,0.493243243,11.04,0.02027027,4002,0.02027027,2774,0.101351351,0.006756757,0.101351351,0,0,0.628378378,0.027027027,0.054054054,0.033783784,0.121621622,0,0.094594595,0.182432432,0.182432432,0.054054054,12.42142857,0.155405405,10.8,0.067567568,10.30434783,0.337837838,8.816326531,0.047297297,0.013513514,0.006756757,0.006756757,0.952702703,0.027027027,0.006756757,0,0,0.972972973,0.006756757,0.013513514,0,0.006756757,0.97972973,2,1,0,0,2,0,2,0,0,0,0,0,0,2,147,3,0.033783784,0.209459459,0.743243243,0.013513514,0.040540541,0.013513514,0.006756757,0.939189189,0.952702703,0.040540541,0.006756757,0.371621622,0.628378378
LARKANA DISTRICT,SINDH,LARKANA DIVISION,0.854054054,0.027027027,0.037837838,0,0.081081081,760,0.970588235,0.935294118,0.029411765,0.035294118,0,0.247058824,0.070588235,0.282352941,0.917647059,0.2,0.123529412,0,0,0,0.005882353,0,0.589189189,155,33,15151,0,0,0,1,72.13513514,0.135869565,0.918478261,3.333333333,0.206521739,0.961956522,0.032608696,0.043478261,0.005434783,0.005434783,0.076086957,0,0,0,3.038043478,3.152173913,0.27173913,6.947761194,0.293478261,7.138461538,0.244565217,6.71942446,0.119565217,9.395061728,0.152173913,8.455128205,0.168478261,7.464052288,0.152173913,7.685897436,0.266304348,8.274074074,0.842391304,7.931034483,0.423913043,7.028301887,0.206521739,8.061643836,0.054347826,11.64367816,0.059782609,12.69942197,0.22826087,11.74647887,0.663043478,7.806451613,0.331521739,7.154471545,0.14673913,8.21656051,0.038043478,12.20338983,0.043478261,11.89204545,0.114130435,11.73619632,0.032608696,0,0,0,0,0,0.967391304,0,0.005434783,0,0,0,0,0.994565217,0.114130435,10.35582822,0.141304348,9.03164557,0.081521739,0.494565217,362,102,336,2,0,0.934782609,0.010869565,0.255434783,0.027173913,0.043478261,0.430167598,0.022346369,0.044692737,0.815642458,0.122905028,Metaled,7.163265306,0.798913043,0.891304348,0.184782609,0.434782609,0.032608696,0.081521739,11.03550296,0.038043478,12.69491525,0.043478261,9.306818182,0.070652174,10.39181287,0.239130435,8.192857143,0.576086957,9.102564103,0.043478261,17.54545455,0.043478261,11.42613636,0.043478261,9.863636364,0.054347826,11.20689655,0.086956522,9.732142857,0.380434783,7.964912281,0.141304348,8.481012658,0.201086957,8.142857143,0.364130435,8.41025641,0.02173913,1661,0.032608696,2885,0.027173913,0.005434783,0.02173913,0,0,0.722826087,0.304347826,0.380434783,0.02173913,0.010869565,0.005434783,0.070652174,0.201086957,0.173913043,0.054347826,10.22413793,0.048913043,10.45714286,0.114130435,8.674846626,0.375,8.313043478,0.038043478,0.005434783,0.010869565,0.016304348,0.961956522,0.005434783,0.005434783,0.005434783,0.005434783,0.994565217,0,0.02173913,0.108695652,0.065217391,0.809782609,2,1,0,0,2,0,2,2,2,0,0,0,0,2,182,4,0.108695652,0.086956522,0.793478261,0.010869565,0.423913043,0.043478261,0.016304348,0.516304348,0.864130435,0.10326087,0.032608696,0.059782609,0.940217391
KAMBAR SHAHDAD KOT DISTRICT,SINDH,LARKANA DIVISION,0.903914591,0.056939502,0.028469751,0,0.010676157,1142,0.982078853,0.946236559,0,0,0,0.014336918,0.003584229,0.010752688,0.964157706,0,0.007168459,0.014336918,0.003584229,0.032258065,0,0,0.199288256,143,134,157660,0,0,0,1,67.50533808,0.025089606,0.615107914,5.168224299,0.061151079,0.920863309,0.035971223,0.039568345,0.097122302,0.032374101,0.032374101,0,0.014388489,0,3.777777778,3.910394265,0.17921147,12.4628821,0.154121864,11.77118644,0.150537634,11.97046414,0.046594982,12.81954887,0.046594982,12.33458647,0.114695341,12.04048583,0.132616487,12.69421488,0.082437276,11.88671875,0.874551971,21,0.290322581,11.36868687,0.150537634,12.67088608,0.039426523,15.59701493,0.032258065,15.88888889,0.143369176,13.46861925,0.544802867,12.71653543,0.218637993,11.85321101,0.11827957,12.79268293,0.025089606,15.59926471,0.025089606,15.82352941,0.082437276,14.328125,0.035714286,0.003571429,0.007142857,0.007142857,0,0.003571429,0.960714286,0,0,0,0,0,0.003571429,0.996428571,0.04676259,12.66415094,0.050359712,12.40151515,0.26618705,0.683453237,244,40,132,3,0,0.953405018,0,0.035842294,0.003584229,0.043010753,0.136531365,0.014760148,0.095940959,0.970479705,0.003690037,Unmetalled,9.02238806,0.734767025,0.845878136,0.0609319,0.150537634,0.05734767,0.057553957,13.27099237,0.028776978,15.57407407,0.032374101,15.10780669,0.046594982,13.27067669,0.154676259,12.52765957,0.548387097,10.76984127,0.025179856,15.33579336,0.032374101,14.72118959,0.028776978,15.16666667,0.050359712,14.8030303,0.057553957,13.54580153,0.794964029,12.70175439,0.043165468,13.92105263,0.053956835,13.55893536,0.816546763,13.01960784,0,0,0,0,0.010676157,0.010676157,0,0,0,0.794964029,0.003597122,0.09352518,0.068345324,0.014388489,0,0.003597122,0.014388489,0.179856115,0.05734767,14.20532319,0.032258065,14.02222222,0.082437276,13.46875,0.286738351,11.52763819,0.017921147,0,0.003584229,0.003584229,0.982078853,0.007168459,0.003584229,0,0,0.989247312,0.017985612,0.035971223,0.007194245,0.007194245,0.946043165,2,1,0,0,2,2,2,0,0,0,0,0,0,2,275,7,0.032374101,0.050359712,0.913669065,0.003597122,0.136690647,0.014388489,0.04676259,0.802158273,0.974910394,0.025089606,0,0.035971223,0.964028777
SHIKARPUR DISTRICT,SINDH,LARKANA DIVISION,0.907949791,0.012552301,0.046025105,0.012552301,0.020920502,1085,0.987288136,0.889830508,0.004237288,0.008474576,0.004237288,0.004237288,0.025423729,0.042372881,0.881355932,0.13559322,0.461864407,0.008474576,0.004237288,0.004237288,0.004237288,0.012711864,0.063559322,45,27,9010,0,0,0,1,55.16101695,0.112068966,0.974137931,2.833333333,0.021551724,0.987068966,0.025862069,0.030172414,0.004310345,0,0,0,0,0,3.478448276,3.732758621,0.172413793,8.682291667,0.202586207,7.610810811,0.172413793,7.338541667,0.129310345,11.27227723,0.129310345,10.77722772,0.112068966,9.281553398,0.159482759,9.317948718,0.142241379,10.4120603,0.892241379,7.6,0.301724138,6.648148148,0.142241379,7.51758794,0.021551724,17.27753304,0.021551724,21.01321586,0.560344828,8.549019608,0.681034483,7.810810811,0.185344828,7.100529101,0.099137931,7.95215311,0.021551724,16.969163,0.030172414,20.56888889,0.418103448,10.11111111,0.021551724,0.00862069,0.004310345,0.00862069,0.012931034,0.00862069,0.974137931,0,0,0,0,0,0,1,0.077586207,11.51869159,0.129310345,10.87128713,0.327586207,0.879310345,93,36,51,2,0,0.620689655,0,0.017241379,0,0.375,0.194805195,0.017316017,0.069264069,0.965367965,0.012987013,Metaled,4.741935484,0.599137931,0.840517241,0.081896552,0.400862069,0.125,0.090517241,9.962085308,0.00862069,21.37391304,0.017241379,17.55263158,0.051724138,13.54090909,0.146551724,7.186868687,0.456896552,6.055555556,0.017241379,20.65350877,0.004310345,23.27705628,0.030172414,18.97333333,0.021551724,19.14977974,0.073275862,12.10232558,0.840517241,12.86486486,0.060344828,13.12385321,0.047413793,12.25791855,0.870689655,11.7,0.017241379,422,0.017241379,690,0.056034483,0,0.056034483,0,0,0.900862069,0,0.211206897,0.038793103,0.038793103,0,0.004310345,0.362068966,0.099137931,0.030172414,13.45777778,0.155172414,15.91326531,0.137931034,8.105,0.271551724,5.195266272,0.021551724,0.004310345,0,0.00862069,0.974137931,0.017241379,0.004310345,0,0.004310345,0.978448276,0,0.004310345,0.012931034,0.056034483,0.926724138,2,1,0,0,2,0,2,0,2,0,0,0,0,2,236,4,0.030172414,0.13362069,0.831896552,0.004310345,0.176724138,0.021551724,0.00862069,0.793103448,0.887931034,0.038793103,0.073275862,0.107758621,0.892241379
MIRPUR KHAS DISTRICT,SINDH,MIRPUR KHAS DIVISION,0.942307692,0.036057692,0.021634615,0,0,1775,0.992788462,0.016826923,0.995192308,0.872596154,0.608173077,0.040865385,0.543269231,0.572115385,0.992788462,0.019230769,0.002403846,0,0,0,0,0,0.408653846,428,343,292990,0,0,0,1,38.13461538,0.043269231,0.177884615,1.49122807,0.019230769,0.355769231,0.016826923,0.019230769,0.108173077,0,0.639423077,0.004807692,0.286057692,0.002403846,3.841346154,3.913461538,0.09375,10.85676393,0.115384615,9.135869565,0.088942308,11.57783641,0.043269231,14.63316583,0.040865385,12.95238095,0.043269231,10.81658291,0.110576923,10.41351351,0.055288462,12.37659033,0.949519231,4.523809524,0.233173077,6.689655172,0.112980769,7.861788618,0.007211538,16.53510896,0.009615385,29.39320388,0.192307692,9.205357143,0.627403846,6.84516129,0.151442308,8.388101983,0.069711538,10.51937984,0.009615385,18.54854369,0.009615385,28.72330097,0.103365385,13.13404826,0.012019231,0.004807692,0.009615385,0,0,0.002403846,0.985576923,0,0,0,0,0,0,1,0.055288462,10.97964377,0.09375,11.35278515,0.132211538,0.725961538,320,44,2,1,0,0.266826923,0.009615385,0.014423077,0.004807692,0.730769231,0.028915663,0.026506024,0,0.985542169,0.012048193,Metaled,3.914285714,0.444711538,0.918269231,0.033653846,0.269230769,0.038461538,0.096153846,9.885638298,0.009615385,31.25242718,0.021634615,14.79115479,0.045673077,13.45088161,0.163461538,8.485632184,0.375,7.415384615,0.024038462,30.1453202,0.024038462,13.90640394,0.019230769,14.61519608,0.021634615,14.86486486,0.036057692,18.49625935,0.901442308,9.43902439,0.033653846,14.44029851,0.038461538,18.835,0.855769231,10.63333333,0.002403846,100,0.002403846,100,0.03125,0.019230769,0.004807692,0,0.007211538,0.567307692,0.009615385,0.225961538,0.028846154,0.021634615,0,0.016826923,0.084134615,0.350961538,0.038461538,12.995,0.115384615,13.51086957,0.072115385,9.417098446,0.072115385,8.388601036,0.050480769,0.002403846,0.004807692,0.014423077,0.939903846,0.045673077,0.002403846,0.002403846,0,0.954326923,0.012019231,0.002403846,0.09375,0.004807692,0.889423077,2,1,0,0,2,0,2,0,1,0,0,0,0,2,415,7,0.079326923,0.209134615,0.709134615,0.002403846,0.064903846,0.026442308,0.096153846,0.8125,0.956730769,0.021634615,0.021634615,0.432692308,0.567307692
SANGHAR DISTRICT,SINDH,SHAHEED BENAZIRABAD DIVISION,0.911357341,0.060941828,0.019390582,0,0.008310249,2175,0.991666667,0.222222222,0.975,0.741666667,0.194444444,0.041666667,0.383333333,0.522222222,0.975,0.030555556,0.111111111,0.008333333,0,0.005555556,0.005555556,0.008333333,0.430555556,437,318,268820,0,0,0,1,40.3816156,0.086592179,0.695530726,7.899082569,0.05027933,0.899441341,0.058659218,0.030726257,0.039106145,0.002793296,0.301675978,0.025139665,0.027932961,0,3.74301676,3.82122905,0.184357542,14.04109589,0.175977654,9.538983051,0.111731844,15.65408805,0.078212291,16.01515152,0.11452514,11.30914826,0.111731844,11.47169811,0.139664804,12.63961039,0.203910615,10.06315789,0.966480447,11.16666667,0.310055866,8.441295547,0.162011173,10.43666667,0.027932961,19.27298851,0.022346369,20.68571429,0.25698324,11.5037594,0.642458101,12.40625,0.195530726,14.44097222,0.086592179,16.18042813,0.027932961,21.75287356,0.01396648,24.29461756,0.11452514,26.13564669,0.025139665,0.005586592,0.008379888,0.005586592,0,0.002793296,0.969273743,0,0,0,0,0,0.002793296,0.997206704,0.078212291,13.2030303,0.189944134,10.64482759,0.410614525,0.762569832,217,37,29,2,0,0.829608939,0.005586592,0.122905028,0.011173184,0.164804469,0.179775281,0.050561798,0.087078652,0.921348315,0.039325843,Metaled,5.896907216,0.572625698,0.921787709,0.100558659,0.324022346,0.027932961,0.108938547,10.07523511,0.025139665,40.46131805,0.06424581,13.15820896,0.097765363,11.67182663,0.25698324,9.251879699,0.396648045,9.152777778,0.027932961,23.58908046,0.019553073,19.20512821,0.058659218,19.16913947,0.069832402,18.33933934,0.125698324,12.54313099,0.851955307,15,0.125698324,13.5942492,0.162011173,12.49666667,0.796089385,14.34246575,0.033519553,319,0.033426184,8970,0.175487465,0.044568245,0.030640669,0,0.100278552,0.868715084,0.12849162,0.667597765,0.25698324,0.120111732,0.008379888,0.12849162,0.365921788,0.134078212,0.053072626,14.18879056,0.100558659,14.50931677,0.136871508,10.26860841,0.201117318,9.248251748,0.111731844,0.047486034,0.019553073,0.011173184,0.849162011,0.025139665,0.008379888,0,0,0.966480447,0,0.016759777,0.027932961,0.011173184,0.944134078,2,1,2,0,2,0,2,0,0,0,0,0,0,2,361,6,0.055865922,0.122905028,0.798882682,0.022346369,0.159217877,0.030726257,0.081005587,0.729050279,0.913407821,0.072625698,0.01396648,0.324022346,0.675977654
THARPARKAR DISTRICT,SINDH,MIRPUR KHAS DIVISION,0.953488372,0.011627907,0.034883721,0,0,1383,0.093023256,0,0.052325581,0.052325581,0.162790698,0.889534884,0.046511628,0.052325581,0.052325581,0.01744186,0.005813953,0,0,0.930232558,0,0,0.023255814,6,6,5300,0,0,0,1,178.25,0.058139535,0.337209302,17.35964912,0.029069767,0.168604651,0.023255814,0.715116279,0.023255814,0.808139535,0,0.005813953,0.174418605,0,3.906976744,3.936046512,0.313953488,25.37288136,0.343023256,25.55752212,0.302325581,22.525,0.168604651,26.72027972,0.23255814,26.57575758,0.191860465,24.54676259,0.691860465,22.83018868,0.627906977,28.390625,0.976744186,20.75,0.680232558,20.52727273,0.255813953,27.8984375,0.040697674,35.70909091,0.034883721,40.69277108,0.453488372,30.0212766,0.773255814,22.20512821,0.488372093,23.81818182,0.145348837,29.68027211,0.029069767,37.18562874,0.023255814,40.93452381,0.290697674,32.81967213,0.098837209,0.005813953,0.011627907,0.011627907,0.011627907,0.162790698,0.755813953,0,0,0,0,0,0,1,0.523255814,33.95121951,0.313953488,32.39830508,0.401162791,0.970930233,5,1,3,3,0,0.569767442,0,0.01744186,0.040697674,0.401162791,0.046511628,0.005813953,0,0.953488372,0.011627907,Metaled,18.94520548,0.906976744,0.290697674,0.046511628,0.180232558,0.046511628,0.127906977,37.46,0.034883721,54.44578313,0.01744186,42.1183432,0.040697674,40.25454545,0.156976744,32.07586207,0.622093023,37.81538462,0.023255814,56.98809524,0.046511628,55.02439024,0.040697674,57.2,0.052325581,46.90797546,0.139534884,38.35135135,0.668604651,33.12280702,0.13372093,37.76510067,0.110465116,39.39869281,0.575581395,33.8630137,0.337209302,126045,0.226744186,101494,0.930232558,0.930232558,0.011627907,0,0.040697674,0.593023256,0.005813953,0.01744186,0.180232558,0.889534884,0.011627907,0.005813953,0.011627907,0.081395349,0.029069767,39.53892216,0.203488372,39.51824818,0.063953488,33.88819876,0.209302326,25.82352941,0.563953488,0.029069767,0.011627907,0.011627907,0.436046512,0.523255814,0.029069767,0.005813953,0.005813953,0.476744186,0.005813953,0,0.034883721,0.034883721,0.936046512,2,2,0,0,2,0,2,0,0,0,0,0,0,2,170,7,0.01744186,0.040697674,0.854651163,0.087209302,0.11627907,0.098837209,0.075581395,0.709302326,0.941860465,0.040697674,0.01744186,0.779069767,0.220930233
UMER KOT DISTRICT,SINDH,MIRPUR KHAS DIVISION,0.944680851,0.05106383,0.004255319,0,0,1683,0.990430622,0.019138756,0.985645933,0.282296651,0.578947368,0.009569378,0.555023923,0.454545455,0.990430622,0.04784689,0.014354067,0,0,0,0,0,0.157446809,168,94,35420,0,0,0,1,59.58723404,0.042553191,0.425531915,5.548148148,0.029787234,0.263829787,0.017021277,0.021276596,0.025531915,0.10212766,0.655319149,0.038297872,0.10212766,0.004255319,3.906382979,3.876595745,0.14893617,12.025,0.208510638,10.8172043,0.174468085,11.10824742,0.09787234,15.41509434,0.106382979,11.9047619,0.157446809,11.73737374,0.221276596,11.80327869,0.161702128,11.10152284,0.970212766,6.857142857,0.306382979,8.889570552,0.144680851,9.407960199,0.038297872,16.10619469,0.012765957,17.85344828,0.119148936,12.7294686,0.676595745,8.328947368,0.170212766,9.912820513,0.068085106,10.6347032,0.034042553,15.94713656,0.012765957,17.72844828,0.072340426,15.82110092,0.170212766,0,0,0.004255319,0,0,0.825531915,0,0,0,0,0,0,1,0.114893617,12.69230769,0.106382979,12.53333333,0.591489362,0.765957447,216,16,11,2,0,0.689361702,0,0.025531915,0.025531915,0.293617021,0.012765957,0.017021277,0.008510638,0.982978723,0,Metaled,7.259259259,0.6,0.910638298,0.05106383,0.493617021,0,0.119148936,10.98550725,0.034042553,18.84140969,0.063829787,13.01363636,0.076595745,12.38709677,0.165957447,10.09183673,0.493617021,10.78151261,0.017021277,17.75324675,0.034042553,14.00440529,0.038297872,13.92920354,0.038297872,13.12831858,0.119148936,12.73913043,0.880851064,10.39285714,0.131914894,13.37745098,0.076595745,13.37327189,0.855319149,11.11764706,0.017021277,210,0.029787234,15071,0.136170213,0.136170213,0.017021277,0.004255319,0,0.719148936,0.021276596,0.2,0.25106383,0.165957447,0.004255319,0.004255319,0.021276596,0.110638298,0.021276596,17.54347826,0.046808511,14.50446429,0.063829787,12.25909091,0.140425532,9.599009901,0.072340426,0,0,0.012765957,0.919148936,0.025531915,0,0,0,0.974468085,0.008510638,0,0.004255319,0,0.987234043,2,1,2,0,2,0,2,0,0,0,0,0,0,2,235,4,0.008510638,0.323404255,0.642553191,0.025531915,0.025531915,0.05106383,0,0.923404255,0.957446809,0.012765957,0.029787234,0.676595745,0.323404255
GHOTKI DISTRICT,SINDH,SUKKUR DIVISION,0.902439024,0.048780488,0.045296167,0.003484321,0,1087,0.996503497,0.038461538,0.961538462,0.86013986,0.13986014,0.038461538,0.15034965,0.234265734,0.933566434,0.034965035,0.409090909,0,0,0,0,0.006993007,0.229965157,272,198,81616,0,0,0,1,57.19860627,0.087108014,0.895470383,7.833333333,0.024390244,0.986062718,0.013937282,0.031358885,0.020905923,0.006968641,0.010452962,0,0,0,3.574912892,3.864111498,0.149825784,10.45491803,0.181184669,10.24680851,0.111498258,10.45882353,0.052264808,11.36764706,0.080139373,11.08333333,0.128919861,10.316,0.142857143,10.7601626,0.219512195,11.10267857,0.965156794,7.4,0.365853659,8.43956044,0.142857143,10.32520325,0.027874564,14.72401434,0.013937282,16.09187279,0.442508711,12.1,0.641114983,10.31067961,0.261324042,9.514150943,0.090592334,10.99233716,0.024390244,14.78571429,0.013937282,16.18021201,0.320557491,13.31282051,0.024390244,0.006968641,0.006968641,0,0,0.003484321,0.975609756,0.003484321,0.003484321,0,0,0,0.003484321,0.996515679,0.073170732,11.58646617,0.257839721,11.1314554,0.233449477,0.773519164,86,52,114,2,0,0.87804878,0.003484321,0.128919861,0.010452962,0.101045296,0.147368421,0.010526316,0.056140351,0.98245614,0.010526316,Metaled,10.96774194,0.850174216,0.867595819,0.094076655,0.425087108,0.010452962,0.12543554,10.84462151,0.031358885,13.52517986,0.059233449,14.44814815,0.111498258,11,0.37630662,10.67597765,0.355400697,10.23783784,0.034843206,16.0866426,0.020905923,16.29893238,0.066202091,14.69029851,0.041811847,14.72363636,0.041811847,11.93090909,0.843205575,13.42222222,0.108013937,13.2578125,0.076655052,13.0490566,0.797909408,15.37931034,0.013937282,109,0.038327526,9621,0.048780488,0.017421603,0.024390244,0,0.006968641,0.895470383,0.010452962,0.205574913,0.097560976,0.020905923,0,0.101045296,0.526132404,0.12543554,0.031358885,13.95683453,0.024390244,13.75714286,0.06271777,11.44981413,0.160278746,9.721991701,0.024390244,0.006968641,0.003484321,0.003484321,0.972125436,0.010452962,0.003484321,0,0,0.986062718,0.013937282,0.031358885,0.027874564,0.094076655,0.871080139,2,1,0,0,2,0,2,0,0,0,0,0,0,2,284,5,0.06271777,0.048780488,0.881533101,0.006968641,0.264808362,0.024390244,0.135888502,0.574912892,0.912891986,0.059233449,0.027874564,0.087108014,0.912891986
KHAIRPUR DISTRICT,SINDH,SUKKUR DIVISION,0.804347826,0.152173913,0.028985507,0.004830918,0.009661836,2152,0.97,0.015,0.795,0.56,0.12,0.01,0.605,0.455,0.915,0.0475,0.23,0.01,0,0.005,0.015,0.0025,0.432038835,1065,693,407005,0,0,0,1,54.19612591,0.140776699,0.868932039,3.481481481,0.050970874,0.932038835,0.036407767,0.029126214,0.077669903,0.046116505,0.029126214,0.007281553,0.002427184,0.002427184,3.317961165,3.747572816,0.282238443,13.01016949,0.338199513,11.53308824,0.294403893,13.01034483,0.128953771,13.01396648,0.155717762,12.78962536,0.267639903,12.55149502,0.27184466,11.56666667,0.231143552,11.7056962,0.92961165,14.86206897,0.514563107,10.815,0.286407767,12.28911565,0.068126521,16.0156658,0.053527981,18.62210797,0.379562044,12.59607843,0.778588808,12.72527473,0.391727494,10.56,0.182481752,12.86607143,0.04136253,16.38832487,0.058394161,19.01033592,0.248175182,12.4368932,0.04136253,0.01216545,0.00973236,0.01459854,0.00486618,0,0.9513382,0,0,0,0,0,0,1,0.204379562,11.68195719,0.338199513,12.16544118,0.291262136,0.655339806,883,131,274,1,0,0.632603406,0.02676399,0.104622871,0.01459854,0.333333333,0.306372549,0.026960784,0.105392157,0.892156863,0.06127451,Metaled,7.892857143,0.467153285,0.768856448,0.119221411,0.389294404,0.133819951,0.131386861,12.52380952,0.055961071,26.9742268,0.090024331,15.49465241,0.131386861,13.9719888,0.321167883,10.12903226,0.340632603,10.66051661,0.087591241,17.6,0.097323601,14.30727763,0.090024331,17.49197861,0.131386861,15.72829132,0.214111922,13.53250774,0.766423358,13.53125,0.182481752,14.32142857,0.199513382,13.70516717,0.732360097,12.8,0.070559611,1662,0.085158151,6496,0.294403893,0.03649635,0.082725061,0.00243309,0.182481752,0.433090024,0.00243309,0.0486618,0.053527981,0.02919708,0.00243309,0.03406326,0.077858881,0.493917275,0.070559611,15.14397906,0.087591241,14.96533333,0.177615572,13.63017751,0.262773723,11.28382838,0.148418491,0.03163017,0.00486618,0.01216545,0.824817518,0.063260341,0.01459854,0.00243309,0,0.927007299,0.00486618,0.00973236,0.02189781,0.01946472,0.95863747,2,1,0,0,2,0,2,0,0,0,0,0,0,0,412,8,0.082524272,0.097087379,0.817961165,0.002427184,0.308252427,0.060679612,0.031553398,0.599514563,0.859223301,0.094660194,0.046116505,0.208737864,0.791262136
SHAHEED BENAZIRABAD DISTRICT,SINDH,SHAHEED BENAZIRABAD DIVISION,0.863636364,0.060606061,0.045454545,0.021212121,0.009090909,1310,0.996875,0.35,0.975,0.79375,0.175,0.04375,0.43125,0.4125,0.95625,0.059375,0.396875,0,0.003125,0,0,0.009375,0.631097561,679,466,373771,0,0,0,1,52.50304878,0.085365854,0.847560976,2.36,0.021341463,0.954268293,0.033536585,0.033536585,0.097560976,0.00304878,0.018292683,0,0,0,3.756097561,3.853658537,0.115853659,9.844827586,0.179878049,8.364312268,0.18597561,9.149812734,0.051829268,11.99678457,0.070121951,11.04918033,0.100609756,9.983050847,0.213414634,8.926356589,0.176829268,9.977777778,0.911585366,8.034482759,0.37804878,7.602941176,0.179878049,8.427509294,0.042682927,13.26751592,0.030487805,16.01886792,0.216463415,9.073929961,0.646341463,8.413793103,0.228658537,8.102766798,0.103658537,9.462585034,0.033536585,13.170347,0.027439024,15.63949843,0.106707317,11.00682594,0.009146341,0,0,0.00304878,0.00304878,0,0.984756098,0,0,0,0,0.00304878,0,0.99695122,0.082317073,10.31893688,0.103658537,10.04421769,0.301829268,0.868902439,116,79,77,2,0,0.835365854,0.015243902,0.286585366,0.006097561,0.164634146,0.293577982,0.076452599,0.079510703,0.96941896,0.027522936,Metaled,5.595238095,0.631097561,0.905487805,0.051829268,0.365853659,0.024390244,0.097560976,9.820945946,0.015243902,53.39009288,0.057926829,11.54368932,0.091463415,11.09731544,0.298780488,8.165217391,0.533536585,8.581699346,0.048780488,12.86217949,0.042682927,12.21974522,0.06402439,11.24104235,0.070121951,12.00655738,0.082317073,11.01993355,0.875,9.853658537,0.079268293,11.50662252,0.088414634,11.14715719,0.844512195,9.431372549,0.018292683,122,0.030487805,1313,0.039634146,0.021341463,0.018292683,0,0.018292683,0.780487805,0.167682927,0.579268293,0.167682927,0.030487805,0.00304878,0.039634146,0.43902439,0.042682927,0.067073171,11.80718954,0.057926829,12.34951456,0.091463415,9.775167785,0.164634146,8.937956204,0.033536585,0.006097561,0.006097561,0.018292683,0.960365854,0.009146341,0,0,0.00304878,0.987804878,0.039634146,0.039634146,0.192073171,0.085365854,0.765243902,2,1,2,0,2,2,2,2,2,0,0,0,0,2,328,4,0.018292683,0.070121951,0.905487805,0.006097561,0.271341463,0.018292683,0.021341463,0.68902439,0.914634146,0.039634146,0.045731707,0.152439024,0.847560976
SUKKUR DISTRICT,SINDH,SUKKUR DIVISION,0.761904762,0.047619048,0.021978022,0.029304029,0.139194139,1159,0.927038627,0.244635193,0.721030043,0.360515021,0.17167382,0.021459227,0.381974249,0.128755365,0.759656652,0.064377682,0.244635193,0,0,0.021459227,0.068669528,0.025751073,0.02811245,26,1,300,0,0,0,1,73,0.22,0.906882591,10.65217391,0.052631579,0.858299595,0.032388664,0.044534413,0.105263158,0.068825911,0.076923077,0,0.004048583,0.036437247,3.581027668,3.731225296,0.232067511,15.52197802,0.211864407,14.15053763,0.130801688,14.3592233,0.092827004,17.17209302,0.094017094,16.37264151,0.147679325,14.54455446,0.122881356,14.91304348,0.173728814,15.56410256,0.754098361,13.15,0.303278689,15.69411765,0.175,15.21717172,0.053061224,20.18534483,0.041493776,26.52380952,0.267489712,16.16853933,0.535564854,13.63063063,0.235294118,14.44505495,0.148305085,14.76119403,0.050420168,20.69469027,0.042372881,25.82743363,0.186440678,17.29166667,0.051383399,0,0,0.031620553,0.003952569,0,0.928853755,0.003968254,0,0,0,0.003968254,0,0.992063492,0.133333333,17.51442308,0.197478992,14.79057592,0.173228346,0.908730159,127,41,47,3,0,0.587301587,0.003968254,0.063492063,0.003968254,0.396825397,0.18875502,0.004016064,0.004016064,0.899598394,0.008032129,Unmetalled,12.71538462,0.456,0.704,0.06,0.164,0.216,0.089795918,15.85650224,0.024489796,33.21338912,0.048979592,25.39484979,0.065306122,17.68558952,0.159183673,16.53883495,0.257142857,16.95054945,0.081632653,26.37777778,0.054621849,25.19111111,0.055084746,23.69058296,0.053278689,26.44155844,0.09787234,17.97641509,0.699588477,18.30136986,0.122362869,19.04326923,0.122881356,18.44444444,0.70781893,18.71830986,0.027559055,253,0.039370079,13042,0.295275591,0.212598425,0.066929134,0,0.027559055,0.717842324,0.01659751,0.095435685,0.381742739,0.020746888,0.004149378,0.01659751,0.195020747,0.165975104,0.045081967,20.6223176,0.070539419,20.08035714,0.110655738,17.5483871,0.221311475,15.28421053,0.012,0,0,0.004,0.984,0.008064516,0,0,0,0.991935484,0.012396694,0.016528926,0.020661157,0.004132231,0.946280992,2,1,0,0,2,0,2,0,0,0,0,0,0,0,272,5,0.067729084,0.219123506,0.61752988,0.09561753,0.200803213,0.020080321,0.008032129,0.771084337,0.78,0.112,0.108,0.448,0.552
AWARAN DISTRICT,BALOCHISTAN,KALAT DIVISION,0.818930041,0.057613169,0.012345679,0,0.111111111,549,0.980487805,0.034146341,0.156097561,0,0,0,0.287804878,0.6,0,0.004878049,0.746341463,0.156097561,0.175609756,0.443902439,0.307317073,0.009756098,0,0,0,0,0,0,0,1,97.71365639,0.00921659,0.958715596,41,0.055299539,0.31797235,0,0,0.032258065,0.843317972,0,0.216589862,0.032258065,0.013824885,3.99078341,3.986175115,0.050691244,54.47087379,0.069124424,39.71287129,0.059907834,42.25490196,0.032258065,90.07619048,0.00921659,80.44186047,0.013824885,54.8271028,0.105990783,29.78865979,0.059907834,52.08823529,0.695852535,24.12121212,0.156682028,25.49180328,0.129032258,26.94708995,0.013824885,42.94392523,0,134.797235,0.262672811,26.49375,0.290322581,25.81818182,0.050691244,30.63592233,0.023041475,33.96698113,0,97.0875576,0,164.6589862,0.129032258,51.28571429,0.01843318,0,0.02764977,0,0.032258065,0.00921659,0.935483871,0,0,0,0,0,0.00921659,0.99078341,0.023041475,49.69811321,0.004608295,50.62037037,0.01843318,0.995391705,62,62,0,4,0,0.073732719,0,0.073732719,0,0.852534562,0,0,0,1,0,Unmetalled,52.49268293,0.709677419,0.01843318,0,0.02764977,0.290322581,0.01843318,42.23943662,0,295.1935484,0,233.3225806,0.01843318,48.55399061,0.032258065,41.5,0.059907834,37.03431373,0,249.8617512,0.013824885,97.11682243,0.00921659,182.344186,0.004608295,333.6296296,0.023041475,62.11792453,0.815668203,52.775,0.00921659,87.2,0.02764977,86.81042654,0.184331797,87.4180791,0.437788018,109228,0.110599078,2087,0.99078341,0.815668203,0.013824885,0.566820276,0.013824885,0.00921659,0,0,0,0.055299539,0,0.202764977,0.225806452,0.516129032,0,111.4608295,0.013824885,80.77570093,0.041474654,55.86538462,0.101382488,32.93846154,0.046082949,0,0,0,0.953917051,0.00921659,0,0,0,0.99078341,0,0,0,0,1,2,2,0,0,2,2,2,0,0,0,0,0,0,0,241,5,0.00921659,0.880184332,0.105990783,0.004608295,0,0,0,1,0.99078341,0.004608295,0.004608295,0.99078341,0.00921659
KALAT DISTRICT,BALOCHISTAN,KALAT DIVISION,0.945205479,0.010958904,0,0,0.043835616,1607,0.994301994,0.017094017,0.002849003,0.005698006,0.358974359,0.148148148,0.262108262,0.378917379,0,0.008547009,0.447293447,0.13960114,0.173789174,0.712250712,0.495726496,0.042735043,0,0,0,0,0,0,0,1,595.7954545,0.008571429,0.934285714,17.08695652,0.062857143,0.102857143,0,0,0.102857143,0.457142857,0,0.265714286,0.594285714,0.062857143,3.985714286,3.991428571,0.051428571,43.01204819,0.051428571,32.02710843,0.04,37.96428571,0.022857143,70.69883041,0.022857143,59.54385965,0.008571429,54.96253602,0.057142857,50.07575758,0.025714286,55.26392962,0.3,18.05306122,0.094285714,25.22712934,0.057142857,32.94848485,0.002857143,61.98280802,0.005714286,86.76149425,0.157142857,46.78644068,0.182857143,28.53846154,0.082857143,34.43613707,0.034285714,43.1035503,0.005714286,63.3045977,0.002857143,86.86819484,0.054285714,63.05438066,0.054285714,0,0.085714286,0.002857143,0,0,0.908571429,0,0,0,0,0,0,1,0.017142857,50.72674419,0.017142857,58.64244186,0.025714286,0.982857143,162,157,30,4,0,0.428571429,0,0.005714286,0.102857143,0.508571429,0.043478261,0.002898551,0.005797101,0.994202899,0.011594203,Unmetalled,46.25287356,0.5,0.157142857,0.008571429,0.051428571,0.468571429,0.02,63.43440233,0,130.6314286,0,116.6285714,0.008571429,66.86167147,0.025714286,64.3372434,0.305714286,49.26337449,0.02,120.638484,0.011428571,61.49132948,0.011428571,71.05780347,0.002857143,83.28939828,0.031428571,61.37168142,0.565714286,62.35526316,0.02,67.10495627,0.017142857,75.05813953,0.065714286,88.58715596,0.371428571,33823,0.031428571,633,0.831428571,0.822857143,0.117142857,0,0.045714286,0.274285714,0,0.002857143,0,0.002857143,0,0.002857143,0.014285714,0.714285714,0.008571429,67.53602305,0.16,58.02040816,0.011428571,53.51445087,0.06,41.54407295,0.002857143,0,0,0.002857143,0.997142857,0.002857143,0,0,0,0.997142857,0,0,0,0.011428571,0.988571429,0,2,0,0,2,0,2,0,0,0,0,0,0,0,361,4,0,0.94,0.045714286,0.014285714,0,0.005714286,0,0.994285714,0.991428571,0.002857143,0.005714286,0.828571429,0.171428571
SHAHEED SIKANDAR ABAD DISTRICT,BALOCHISTAN,KALAT DIVISION,0.954716981,0.030188679,0.01509434,0,0,1322,1,0,0.037735849,0.003773585,0.18490566,0.01509434,0.203773585,0.754716981,0,0,0.856603774,0.01509434,0.169811321,0.641509434,0.01509434,0.060377358,0,0,0,0,0,0,0,1,214.1849057,0.132075472,0.99245283,4,0.045283019,0.528301887,0.011320755,0,0.01509434,0.80754717,0,0.147169811,0.01509434,0.037735849,3.950943396,3.98490566,0.132075472,21.07391304,0.086792453,19.90495868,0.075471698,21.63265306,0.060377358,30.12449799,0.060377358,25.42971888,0.071698113,21.91463415,0.109433962,19.81779661,0.226415094,19.77073171,0.483018868,10.27007299,0.124528302,18.13362069,0.079245283,25.14344262,0.026415094,36.5503876,0.116981132,47.18803419,0.464150943,13.63380282,0.305660377,12.52717391,0.060377358,23.85943775,0.045283019,28.20948617,0.030188679,37.62256809,0.120754717,47.84120172,0.222641509,16.96116505,0.011320755,0.003773585,0.124528302,0,0,0,0.871698113,0,0,0,0,0,0,1,0.113207547,20.31914894,0.060377358,25.63453815,0.056603774,0.947169811,118,13,1,1,0,0.652830189,0,0.003773585,0.011320755,0.332075472,0.003802281,0.007604563,0.003802281,0.984790875,0.022813688,Unmetalled,10.73287671,0.750943396,0.079245283,0.033962264,0.090566038,0.188679245,0.030188679,27.98054475,0.026415094,55.64341085,0.022641509,39.07722008,0.033962264,29.20703125,0.19245283,31.3364486,0.626415094,26.21212121,0.052830189,46.32669323,0.030188679,27.61867704,0.030188679,28.92217899,0.041509434,33.02755906,0.049056604,27.55952381,0.750943396,31.84848485,0.033962264,27.98828125,0.041509434,29.47637795,0.369811321,38.61676647,0.543396226,31894,0.120754717,12022,0.59245283,0.58490566,0.173584906,0.037735849,0,0.105660377,0,0,0,0.003773585,0,0,0.060377358,0.833962264,0.022641509,33.67567568,0.305660377,24.77173913,0.041509434,29.83464567,0.245283019,20.405,0.022641509,0,0.003773585,0.003773585,0.973584906,0.011320755,0,0,0,0.988679245,0,0,0,0,1,2,1,0,0,2,0,2,0,0,0,0,0,0,0,261,2,0.011320755,0.879245283,0.079245283,0.030188679,0.116981132,0,0.003773585,0.879245283,0.867924528,0.030188679,0.101886792,0.641509434,0.358490566
KHARAN DISTRICT,BALOCHISTAN,RAKHSHAN DIVISION,0.972527473,0,0,0,0.027472527,333,0.86440678,0.033898305,0.661016949,0.016949153,0.395480226,0.169491525,0.593220339,0.740112994,0,0.016949153,0.81920904,0.435028249,0.242937853,0.570621469,0.129943503,0.011299435,0,0,0,0,0,0,0,1,151.0338983,0,0.988700565,1.5,0.214689266,0.480225989,0,0,0.011299435,0.689265537,0.005649718,0.15819209,0,0.005649718,4,4,0.079096045,34.37423313,0.169491525,22.4829932,0.09039548,27.9689441,0.06779661,27.70909091,0.02259887,28.42774566,0.084745763,29.56790123,0.073446328,26.09756098,0.062146893,26.12650602,0.723163842,23.14285714,0.175141243,18.50684932,0.06779661,23.21818182,0.005649718,34.21022727,0.005649718,34.10795455,0.350282486,31,0.288135593,23,0.039548023,19.47058824,0.011299435,22.04,0.005649718,32.50568182,0.005649718,33.89204545,0.242937853,27.82089552,0.333333333,0.033898305,0.367231638,0.124293785,0.09039548,0.033898305,0.587570621,0,0,0,0,0,0,1,0.062146893,29.88554217,0.056497175,29.95808383,0.005649718,0.661016949,270,52,0,1,0,0.966101695,0,0.005649718,0,0.033898305,0.011363636,0.005681818,0.096590909,1,0.022727273,Unmetalled,15.2244898,0.615819209,0.259887006,0,0.011299435,0.322033898,0.02259887,33.86127168,0.005649718,36.65909091,0,35.85875706,0,34.55367232,0.632768362,32.55384615,0.807909605,34.14705882,0.02259887,35.67052023,0.005649718,34.42613636,0.327683616,39.15966387,0,34.51412429,0,34.48587571,0.915254237,44.6,0,34.48587571,0,34.18079096,0.915254237,44.06666667,0.016949153,12,0.02259887,17,0.971751412,0.966101695,0.016949153,0,0,0.457627119,0,0,0,0,0.011299435,0.005649718,0.949152542,0.11299435,0,34.25423729,0.005649718,34.34659091,0.005649718,30.77840909,0.005649718,23.76136364,0.062146893,0.016949153,0,0,0.93220339,0,0.005649718,0,0,0.994350282,0,0,0,0.016949153,0.983050847,2,2,2,0,2,0,2,0,0,0,0,0,0,0,180,4,0.028248588,0.90960452,0.050847458,0.011299435,0.011299435,0.005649718,0.02259887,0.960451977,1,0,0,0.937853107,0.062146893
KHUZDAR DISTRICT,BALOCHISTAN,KALAT DIVISION,0.916473318,0.068058778,0.005413766,0.000773395,0.009280742,5653,0.988235294,0.061176471,0.388235294,0.001568627,0.072156863,0.089411765,0.025882353,0.28627451,0.021960784,0.014117647,0.483137255,0.105882353,0.097254902,0.522352941,0.144313725,0.025098039,0.007788162,20,17,29000,0,0,0,1,319.0202335,0.010132502,0.961808262,9.979591837,0.038971161,0.240841777,0.001558846,0,0.012470772,0.654715511,0.032735776,0.148090413,0.122369447,0.089633671,3.971940764,3.990646921,0.029618083,83.25301205,0.060015588,45.09369818,0.038971161,75.48905109,0.02416212,94.67651757,0.018706157,88.60841938,0.028059236,82.24218123,0.060795012,64.61991701,0.027279813,77.30929487,0.353078722,25.60722892,0.064692128,34.54833333,0.032735776,47.25705077,0.007794232,89.93322859,0.005455963,105.1277429,0.330475448,56.1338766,0.181605612,42.30190476,0.042868277,50.54885993,0.028838659,59.33226324,0.014809041,94.11155063,0.014029618,103.8339921,0.228371005,73.74040404,0.019485581,0,0.014809041,0,0.003117693,0.00233827,0.971161341,0.000779423,0,0,0,0.00233827,0.000779423,0.996102884,0.027279813,68.3661859,0.024941543,84.4108713,0.035101404,0.970381917,150,119,21,4,0,0.413416537,0.007020281,0.030421217,0.02574103,0.54524181,0.006259781,0.020344288,0.032081377,0.991392801,0.019561815,Unmetalled,43.21381886,0.590023383,0.106001559,0.017926734,0.077162899,0.36710834,0.017926734,61.33253968,0.003897116,273.4334898,0.001558846,105.5035129,0.003897116,96.25195618,0.034294622,71.6448749,0.384255651,53.55949367,0.02182385,200.5792829,0.010911925,87.41134752,0.013250195,95.99842022,0.010911925,93.46178093,0.025720966,82.2256,0.709275136,62.16353887,0.040530008,84.23314379,0.035074045,90.61954766,0.660171473,59.26146789,0.518345043,188943,0.181605612,22130,0.561184723,0.511301637,0.05066251,0.006235386,0.053000779,0.220576773,0,0,0,0.003897116,0,0.088074825,0.190179267,0.515198753,0.007794232,79.91751767,0.088854248,84.70744226,0.012470772,71.35122336,0.042868277,52.79967427,0.02182385,0.02650039,0.001558846,0.001558846,0.95167576,0.009353079,0.023382697,0.001558846,0,0.967264224,0,0.00233827,0,0.010911925,0.986749805,0,2,0,0,2,0,2,0,0,0,0,0,0,0,1250,9,0.000779423,0.879968823,0.043647701,0.075604053,0.01950078,0.010140406,0.004680187,0.965678627,0.989867498,0.006235386,0.003897116,0.769290725,0.230709275
LASBELA DISTRICT,BALOCHISTAN,KALAT DIVISION,0.830618893,0.123778502,0.013029316,0,0.03257329,1423,0.81270903,0.026755853,0.571906355,0,0.117056856,0.040133779,0.046822742,0.35451505,0.076923077,0.003344482,0.431438127,0.096989967,0.02006689,0.672240803,0.096989967,0.023411371,0.006622517,2,2,80,0,0,0,1,254.8211921,0.043771044,0.750841751,8.067567568,0.239057239,0.343434343,0.01010101,0.003367003,0.063973064,0.343434343,0.043771044,0.026936027,0.090909091,0.114478114,3.868686869,3.932659933,0.154882155,32.98804781,0.127946128,23.30501931,0.107744108,20.71320755,0.047138047,44.30035336,0.067340067,26.97472924,0.057239057,38.57142857,0.131313131,21.51937984,0.087542088,25.8597786,0.683501684,11.11702128,0.161616162,16.47791165,0.094276094,26.51672862,0.016835017,46.20205479,0.013468013,72.74061433,0.208754209,21.42978723,0.30976431,16.97073171,0.077441077,26.2189781,0.050505051,42.38297872,0.013468013,46.18088737,0.02020202,70,0.144781145,19.83464567,0.057239057,0.006734007,0.04040404,0.016835017,0.003367003,0.006734007,0.922558923,0.01010101,0.01010101,0.01010101,0.01010101,0.01010101,0.016835017,0.983164983,0.050505051,26.10283688,0.04040404,37.58947368,0.131313131,0.848484848,457,41,0,4,0,0.646464646,0,0.006734007,0.013468013,0.343434343,0.023569024,0.01010101,0.043771044,0.96969697,0.023569024,Unmetalled,11.71428571,0.727272727,0.252525253,0.047138047,0.117845118,0.232323232,0.04040404,33.76491228,0.016835017,121.2089041,0.026936027,85.4567474,0.04040404,59.53333333,0.077441077,51.53284672,0.373737374,28.82258065,0.043771044,91.87323944,0.026936027,48.79584775,0.033670034,49.31707317,0.033670034,75.8641115,0.063973064,36.48201439,0.804713805,29.06896552,0.074074074,33.54181818,0.074074074,33.58909091,0.69023569,24.33695652,0.04040404,3716,0.043771044,251,0.720538721,0.38047138,0.333333333,0.205387205,0.006734007,0.151515152,0.003367003,0.006734007,0,0,0,0,0.063973064,0.801346801,0.053872054,59.113879,0.04040404,30.87719298,0.033670034,33.32404181,0.151515152,21.02380952,0.097643098,0.047138047,0.003367003,0.006734007,0.858585859,0.026936027,0.03030303,0,0.003367003,0.942760943,0.013468013,0.006734007,0,0,0.97979798,2,2,0,0,2,0,2,0,0,0,0,0,0,0,299,9,0.04040404,0.575757576,0.367003367,0.016835017,0.047138047,0.013468013,0.006734007,0.932659933,0.956228956,0.03030303,0.013468013,0.740740741,0.259259259
MASTUNG DISTRICT,BALOCHISTAN,KALAT DIVISION,0.853146853,0.006993007,0.006993007,0.003496503,0.129370629,523,0.979020979,0.003496503,0,0,0.076923077,0.003496503,0.388111888,0.562937063,0,0.01048951,0.842657343,0.006993007,0.006993007,0.524475524,0.041958042,0.06993007,0,0,0,0,0,0,0,1,489.7727273,0.05,0.955719557,3.833333333,0.138461538,0.261538462,0.011538462,0.003846154,0.003846154,0.469230769,0,0.015384615,0.3,0.126923077,3.885057471,3.957854406,0.058365759,23.99173554,0.089494163,21.95726496,0.073929961,19.7605042,0.042801556,39.43495935,0.019455253,34.1547619,0.027237354,34.196,0.050583658,21.35245902,0.128404669,26.95089286,0.69348659,4.7625,0.172413793,16.83333333,0.076923077,17.65416667,0.015384615,24.203125,0.034615385,36.03984064,0.35,7.982248521,0.457692308,6.418439716,0.103846154,19.6223176,0.046153846,21.59274194,0.015384615,24.015625,0.023076923,29.4488189,0.230769231,25.69,0.023166023,0.003861004,0.038610039,0,0.003861004,0,0.953667954,0,0,0,0,0.003861004,0,0.996138996,0.06640625,25.87866109,0.0390625,34.59349593,0.034482759,0.928838951,51,15,0,1,0,0.3125,0,0.125,0.007352941,0.558823529,0.203921569,0.023529412,0.02745098,0.866666667,0.121568627,Metaled,5.946666667,0.677902622,0.453183521,0.029962547,0.06741573,0.265917603,0.059925094,18.43426295,0.033707865,56.69379845,0.026217228,53.58846154,0.153558052,24.62831858,0.232209738,21.14634146,0.665413534,8.056179775,0.04494382,47.19607843,0.007518797,42.60606061,0.011278195,42.52851711,0.007518797,40.96212121,0.067669173,20.9516129,0.657894737,22.51648352,0.067924528,32.5951417,0.101503759,33.44769874,0.578947368,18.6875,0.080291971,12496,0.051094891,2185,0.832116788,0.627737226,0.197080292,0,0.200729927,0.274900398,0.003984064,0,0.003984064,0.003984064,0,0,0.055776892,0.657370518,0.007518797,37.33712121,0.323308271,35.3,0.030075188,15.85271318,0.184210526,12.46082949,0.003773585,0.003773585,0.022641509,0,0.973584906,0,0,0,0,1,0,0,0,0,1,2,2,0,0,2,0,2,0,0,0,0,0,0,0,285,4,0,0.68627451,0.305882353,0.007843137,0.235521236,0.019305019,0.003861004,0.741312741,0.95,0.003846154,0.046153846,0.15625,0.84375
WASHUK DISTRICT,BALOCHISTAN,RAKHSHAN DIVISION,0.729613734,0,0.077253219,0,0.193133047,331,0.957081545,0,0.21888412,0,0,0,0.214592275,0,0,0,0.60944206,0.459227468,0.0472103,0.081545064,0.012875536,0.017167382,0,0,0,0,0,0,0,1,207.1681034,0.005319149,0.968085106,13.83333333,0.856382979,0.111702128,0.005319149,0,0.063829787,0.973404255,0,0.037234043,0.074468085,0,4,4,0.058510638,46.70621469,0.223404255,37.86986301,0.074468085,41.62643678,0.026595745,51.36612022,0.026595745,56.87978142,0.037234043,54.76243094,0.063829787,52.30681818,0.031914894,57.08791209,0.718085106,27.73584906,0.138297872,33.07407407,0.074468085,37.13218391,0.010638298,107.7204301,0.021276596,77.75543478,0.54787234,45.87058824,0.260638298,39.86330935,0.04787234,44.33519553,0.031914894,55.22527473,0.010638298,105.4086022,0.021276596,76.46195652,0.425531915,53.48148148,0.005319149,0,0.037234043,0,0.010638298,0,0.95212766,0,0,0,0,0.010638298,0,0.989361702,0.053191489,43.46067416,0.037234043,46.85082873,0.026595745,1,0,0,0,4,0,0.813829787,0,0.005319149,0.042553191,0.143617021,0.005319149,0.010638298,0.026595745,0.989361702,0,Unmetalled,62.12903226,0.244680851,0.10106383,0,0.010638298,0.659574468,0.026595745,56.68852459,0.010638298,84.99462366,0.005319149,86.27807487,0.074468085,55.55747126,0.164893617,49.79617834,0.074468085,55.21264368,0.021276596,107.8369565,0.037234043,59.67955801,0.074468085,63.33908046,0.031914894,59.58241758,0.026595745,63.13661202,0.930851064,85,0.026595745,64.83060109,0.015957447,63.07567568,0.920212766,81.33333333,0.186170213,1382,0.10106383,582,0.973404255,0.95212766,0.026595745,0.010638298,0,0,0,0,0,0.053191489,0,0.005319149,0.356382979,0.590425532,0.015957447,107.2594595,0.340425532,47.29032258,0.037234043,51.71823204,0.079787234,41.08092486,0.005319149,0,0,0,0.994680851,0.005319149,0,0,0,0.994680851,0,0,0,0,1,0,2,0,0,2,0,1,0,0,0,0,0,0,0,232,5,0,0.968085106,0.031914894,0,0.005319149,0,0,0.994680851,0.994680851,0,0.005319149,0.989361702,0.010638298
GWADAR DISTRICT,BALOCHISTAN,MEKRAN DIVISION,0.95862069,0.013793103,0.013793103,0,0.013793103,470,0.699300699,0,0.006993007,0,0.118881119,0.020979021,0.118881119,0.251748252,0.020979021,0,0.013986014,0.076923077,0.027972028,0.811188811,0.111888112,0.062937063,0,0,0,0,0,0,0,1,737.2708333,0.027586207,0.089655172,50.21969697,0.368055556,0.138888889,0,0,0.006944444,0.347222222,0.069444444,0.055555556,0.409722222,0.118055556,3.951724138,3.937931034,0.097222222,58.4,0.110344828,46.93023256,0.082758621,49.67669173,0.048275862,62.02173913,0.048275862,50.36231884,0.027586207,58.28368794,0.131034483,52.99206349,0.082758621,50.95488722,0.786206897,37.87096774,0.186206897,40.52542373,0.089655172,44.56818182,0.013793103,71.32167832,0.020689655,81.33098592,0.055172414,63.2189781,0.489655172,37.95945946,0.068965517,49.4962963,0.027586207,46.35460993,0.013793103,71.27272727,0.006896552,82.13194444,0.027586207,57.70212766,0.15862069,0,0.117241379,0.027586207,0,0.006896552,0.8,0,0,0,0,0,0.006896552,0.993103448,0.055172414,62.03649635,0.062068966,63.96323529,0.055172414,0.979310345,9,0,0,4,0,0.534722222,0.069444444,0.020833333,0.048611111,0.347222222,0.020833333,0.083333333,0.006944444,0.951388889,0.013888889,Unmetalled,39.88043478,0.375,0.090277778,0.034722222,0.076388889,0.513888889,0.041666667,61.89130435,0.013888889,122.3450704,0,109.4791667,0.013888889,71.42253521,0.076388889,63.12781955,0.0625,60.48148148,0.0625,76.37777778,0.048611111,65.05839416,0.006944444,77.16083916,0.034722222,64.90647482,0.069444444,63.96268657,0.465277778,73.1038961,0.076388889,68.56390977,0.104166667,74.82170543,0.423611111,71.60240964,0.089655172,1406,0.089655172,1420,0.675862069,0.606896552,0.068965517,0.013793103,0.027586207,0.506944444,0,0.013888889,0.006944444,0,0.006944444,0.006944444,0,0.479166667,0.027777778,67.46428571,0.069444444,64.56716418,0.041666667,65.95652174,0.069444444,57.80597015,0.104166667,0.048611111,0,0.013888889,0.854166667,0.097222222,0.034722222,0,0.006944444,0.881944444,0,0.041666667,0,0.013888889,0.951388889,0,2,0,0,2,0,1,0,0,0,0,0,0,0,145,5,0.082758621,0.393103448,0.468965517,0.055172414,0.055172414,0.013793103,0.027586207,0.903448276,0.972413793,0.027586207,0,0.722222222,0.277777778
KECH DISTRICT,BALOCHISTAN,MEKRAN DIVISION,0.851724138,0.1,0.003448276,0,0.044827586,937,0.620938628,0.176895307,0.064981949,0,0.014440433,0,0.321299639,0.306859206,0.061371841,0.003610108,0.371841155,0.249097473,0.346570397,0.42599278,0.21299639,0.014440433,0.007142857,3,3,1000,0,0,0,1,162.1798561,0.079422383,0.877256318,10.05882353,0.245487365,0.151624549,0,0.003610108,0.003610108,0.545126354,0.097472924,0.259927798,0.018050542,0.010830325,3.862815884,3.884476534,0.23465704,43.88207547,0.249097473,41.34134615,0.158844765,50.24463519,0.064981949,68.003861,0.02166065,66.50553506,0.068592058,73.7248062,0.111913357,59.31300813,0.111913357,73.30081301,0.898916968,14.67857143,0.393501805,16.54761905,0.155234657,22.8974359,0.025270758,59.92592593,0.014440433,72.26373626,0.267148014,55.51231527,0.711191336,13.4625,0.350180505,19.05555556,0.137184116,31.39330544,0.028880866,68.85501859,0.007220217,71.61818182,0.187725632,72.63111111,0.277978339,0,0.209386282,0.111913357,0,0.007220217,0.620938628,0.010830325,0.003610108,0.014440433,0.003610108,0,0.010830325,0.971119134,0.025270758,76.22592593,0.02166065,76.5498155,0.046931408,0.996389892,0,0,1,4,0,0.252707581,0.007220217,0.061371841,0.010830325,0.722021661,0.018050542,0.039711191,0.046931408,0.985559567,0.010830325,Unmetalled,52.8907563,0.646209386,0.108303249,0.151624549,0.007220217,0.23465704,0.104693141,50.11290323,0.050541516,73.5513308,0.061371841,75.48076923,0.0433213,67.94716981,0.097472924,63.624,0.202166065,53.74208145,0.097472924,69.808,0.083032491,78.11811024,0.050541516,72.82889734,0.039711191,70.53007519,0.108303249,70.59919028,0.584837545,64.76521739,0.075812274,71.48828125,0.072202166,69.6770428,0.285198556,78.46969697,0.675090253,44498,0.685920578,52864,0.895306859,0.805054152,0.097472924,0.007220217,0.046931408,0.137184116,0,0.014440433,0,0.014440433,0,0.064981949,0.068592058,0.754512635,0.018050542,79.80882353,0.0433213,81.33962264,0.057761733,63.61302682,0.064981949,45.02702703,0.187725632,0.018050542,0,0.003610108,0.812274368,0.126353791,0.010830325,0,0,0.873646209,0,0.003610108,0,0,0.996389892,2,2,0,0,2,2,2,0,0,0,0,0,0,0,284,6,0.046931408,0.671480144,0.267148014,0.014440433,0.036101083,0.003610108,0,0.960288809,0.920577617,0.054151625,0.025270758,0.740072202,0.259927798
PANJGUR DISTRICT,BALOCHISTAN,MEKRAN DIVISION,0.465686275,0.534313725,0,0,0,1407,0.828431373,0.009803922,0.009803922,0,0.009803922,0.210784314,0.524509804,0.612745098,0.019607843,0.019607843,0.661764706,0.098039216,0.485294118,0.240196078,0.088235294,0.044117647,0,0,0,0,0,0,0,1,138.0882353,0.019607843,0.970588235,31.66666667,0.029411765,0.421568627,0,0,0.06372549,0.892156863,0.049019608,0.200980392,0,0.004901961,3.960784314,4,0.044117647,39.12307692,0.200980392,30.26380368,0.029411765,39.62121212,0.019607843,76.82,0.12254902,43.87150838,0.166666667,79.1,0.289215686,43.64137931,0.166666667,46.24117647,0.823529412,25.69444444,0.495098039,18.21359223,0.362745098,29.74615385,0.049019608,43.67010309,0.093137255,73.55135135,0.450980392,37.91071429,0.705882353,23.68333333,0.446078431,25.23893805,0.323529412,40.52898551,0.058823529,44.22916667,0.093137255,74.27027027,0.274509804,44.27027027,0.367647059,0.004901961,0.485294118,0.235294118,0.004901961,0.034313725,0.5,0,0,0,0,0.009803922,0,0.990196078,0,39.35294118,0.004901961,39.5320197,0,0.965686275,13,2,0,4,0,0.666666667,0.009803922,0.465686275,0.009803922,0.181372549,0,0.093137255,0.151960784,1,0.004901961,Unmetalled,30.27777778,0.632352941,0.470588235,0.151960784,0.137254902,0.230392157,0.107843137,46.65934066,0.004901961,42.84236453,0.044117647,44.33333333,0.004901961,42.73891626,0.004901961,42.37438424,0.053921569,45.0880829,0.024509804,71.51758794,0.014705882,40.66169154,0.053921569,43.75129534,0.068627451,42.87894737,0.024509804,50.93467337,0.588235294,47.16666667,0.181372549,49.47904192,0.147058824,66.31034483,0.254901961,80.53289474,0.073529412,134764,0.107843137,1559,0.955882353,0.901960784,0.446078431,0.019607843,0.004901961,0.323529412,0,0.024509804,0,0,0,0,0,0.666666667,0.053921569,43.15544041,0.049019608,42.60309278,0.068627451,42.23684211,0.220588235,32.68553459,0.049019608,0,0,0.024509804,0.926470588,0.009803922,0,0,0,0.990196078,0,0,0.024509804,0.004901961,0.970588235,2,2,2,0,2,2,2,2,0,0,0,0,0,0,202,4,0.034313725,0.808823529,0.151960784,0.004901961,0.058823529,0.039215686,0,0.901960784,0.980392157,0.004901961,0.014705882,0.745098039,0.254901961
JAFFARABAD DISTRICT,BALOCHISTAN,NASIRABAD DIVISION,0.972826087,0,0.027173913,0,0,769,0.994565217,0.880434783,0.010869565,0.010869565,0,0.086956522,0.005434783,0.086956522,0.934782609,0.086956522,0,0.059782609,0,0,0,0.02173913,0.043478261,13,11,10300,0,0,0,1,176.4728261,0.027173913,0.157608696,4.819354839,0.043478261,0.114130435,0.02173913,0,0.010869565,0,0.625,0.010869565,0.875,0.038043478,3.918478261,3.940217391,0.086956522,16.43452381,0.10326087,13.73939394,0.081521739,15.43786982,0.043478261,22.71590909,0.027173913,23.53072626,0.02173913,22.27222222,0.092391304,16.41317365,0.163043478,20.26623377,0.717391304,5.230769231,0.260869565,8.860294118,0.135869565,12.01886792,0.016304348,26.59668508,0.02173913,27.12777778,0.114130435,19.71779141,0.347826087,8.566666667,0.076086957,14.12352941,0.048913043,17.92,0.016304348,26.62430939,0.016304348,27.19889503,0.038043478,24.26553672,0.016304348,0,0.016304348,0,0,0,0.983695652,0,0,0,0,0,0,1,0.02173913,22.72777778,0.02173913,22.36111111,0.016304348,0.951086957,5,69,6,2,0,0.798913043,0.038043478,0,0,0.163043478,0.05952381,0.023809524,0.035714286,0.976190476,0.029761905,Unmetalled,6.710280374,0.402173913,0.739130435,0.032608696,0.059782609,0.206521739,0.070652174,17.19298246,0.016304348,72.98342541,0.032608696,22.76966292,0.048913043,19.86285714,0.260869565,9.830882353,0.364130435,9.136752137,0.027173913,26.12290503,0.016304348,26.4640884,0.048913043,25.36571429,0.02173913,25.8,0.076086957,22.85882353,0.875,18.52173913,0.043478261,23.72727273,0.016304348,23.35911602,0.706521739,21.33333333,0.027173913,13,0,0,0.266304348,0.10326087,0,0,0.163043478,0.418478261,0,0.086956522,0.163043478,0,0.005434783,0,0.679347826,0.070652174,0.02173913,26.78333333,0.016304348,26.19889503,0.038043478,15.28813559,0.315217391,8.031746032,0.02173913,0.016304348,0.010869565,0.005434783,0.97826087,0.02173913,0.005434783,0,0,0.97826087,0,0,0.005434783,0.005434783,0.989130435,2,1,0,0,2,0,2,0,2,0,0,0,0,0,170,3,0.032608696,0.288043478,0.668478261,0.010869565,0.027173913,0.010869565,0,0.961956522,0.972826087,0.02173913,0.005434783,0.64673913,0.35326087
JHAL MAGSI DISTRICT,BALOCHISTAN,NASIRABAD DIVISION,0.915,0.075,0.005,0,0.005,748,0.845,0.085,0.005,0.01,0.005,0.69,0.045,0.075,0.165,0.005,0.24,0.07,0.155,0.69,0.125,0,0.01,2,2,6000,0,0,0,1,420.04,0.010050251,0.648241206,15.1,0.035175879,0.030150754,0.020100503,0,0.010050251,0.195979899,0.170854271,0.195979899,0.447236181,0.020100503,3.969849246,3.979899497,0.025125628,21.54639175,0.035175879,20.65625,0.025125628,22.94845361,0.010050251,34.11675127,0.020100503,21.38974359,0.015075377,21.64795918,0.125628141,16.00574713,0.005025126,80.61616162,0.67839196,10.015625,0.180904523,14.41717791,0.100502513,18.29050279,0.005025126,36.4040404,0,111.6733668,0.150753769,21.52662722,0.331658291,13.80451128,0.105527638,16.88764045,0.040201005,18.39267016,0.005025126,39.2979798,0,111.0502513,0.120603015,24.66857143,0.065326633,0,0.005025126,0.035175879,0,0,0.934673367,0,0,0,0,0,0,1,0.010050251,25.38071066,0.015075377,25.02040816,0,0.974874372,3,0,3,3,0,0.718592965,0,0.005025126,0,0.281407035,0.005025126,0.065326633,0,0.994974874,0,Metaled,11.63736264,0.231155779,0.507537688,0.005025126,0.060301508,0.361809045,0.020100503,23.69230769,0.010050251,43.49746193,0.010050251,43.95431472,0.015075377,28.3622449,0.08040201,16.43715847,0.447236181,16.15454545,0.020100503,29.45128205,0.010050251,25.87817259,0.030150754,41.16062176,0.005025126,45.1010101,0.010050251,23.52791878,0.869346734,13.69230769,0.015075377,23.96428571,0.050251256,23.73544974,0.32160804,23.61481481,0.005025126,15,0.010050251,13,0.984924623,0.904522613,0.045226131,0.010050251,0.592964824,0,0,0,0,0,0,0.010050251,1,0.040201005,0,117.3366834,0,110.2663317,0.010050251,23.73604061,0.145728643,8.852941176,0.005025126,0,0,0,0.994974874,0.005025126,0,0,0,0.994974874,0,0,0,0,1,2,2,0,0,2,0,1,0,0,0,0,0,0,2,198,3,0.005025126,0.879396985,0.115577889,0,0.005025126,0,0,0.994974874,0.989949749,0.010050251,0,0.366834171,0.633165829
KACHHI DISTRICT,BALOCHISTAN,NASIRABAD DIVISION,0.884615385,0.019230769,0.016025641,0,0.080128205,421,0.717041801,0,0.106109325,0.311897106,0.022508039,0.627009646,0.003215434,0.067524116,0.01607717,0,0.118971061,0.729903537,0.025723473,0.051446945,0.067524116,0.196141479,0.009646302,3,3,2100,0,0,0,1,600.1661238,0.027303754,0.311418685,7.100502513,0.023890785,0.102389078,0.003412969,0,0.003412969,0.19112628,0.058020478,0.09556314,0.781569966,0.068259386,3.969387755,3.972789116,0.051903114,15.12773723,0.055172414,11.89781022,0.055172414,13.98905109,0.051724138,17.98545455,0.027586207,19.55673759,0.010344828,28.30313589,0.082758621,14.27067669,0.214532872,20.51982379,0.776632302,7.061538462,0.124137931,11,0.072164948,12.58888889,0.020618557,26.22807018,0.003436426,46.99655172,0.12371134,27.33333333,0.345890411,12.07853403,0.051546392,17.43478261,0.02739726,25.37323944,0.006849315,39.65517241,0.003436426,54.66896552,0.102739726,28.72137405,0.051194539,0,0.027303754,0.006825939,0.006825939,0,0.945392491,0.003448276,0,0,0,0,0,0.996551724,0.027586207,16.71276596,0.020689655,22.06338028,0.017123288,0.982876712,0,4,1,1,0,0.636986301,0,0.003424658,0.023972603,0.335616438,0.027777778,0,0.003472222,0.993055556,0.010416667,Unmetalled,8.568181818,0.460750853,0.204778157,0.023890785,0.146757679,0.409556314,0.030716724,18.67605634,0.013651877,51.27681661,0,39.56313993,0.006825939,38.17869416,0.030716724,18.91197183,0.249146758,15.82727273,0.013651877,40.2733564,0.017064846,31.70138889,0.023890785,20.37762238,0.020477816,23.16376307,0.010238908,33.9,0.658703072,26.22,0.034129693,33.14134276,0.023890785,33.68881119,0.447098976,29.21604938,0,0,0,0,0.873720137,0.750853242,0.375426621,0.003412969,0.177474403,0.580756014,0,0.013745704,0,0,0,0,0.006872852,0.505154639,0.030716724,37.03169014,0.133105802,16.44488189,0.027303754,19.86315789,0.064846416,16.75182482,0.006849315,0,0,0.003424658,0.989726027,0,0,0,0,1,0,0,0.003460208,0.003460208,0.996539792,2,1,2,0,2,0,2,0,0,0,0,0,0,2,305,6,0.01369863,0.859589041,0.116438356,0.010273973,0.048109966,0.010309278,0,0.941580756,0.972696246,0.013651877,0.013651877,0.424657534,0.575342466
NASIRABAD DISTRICT,BALOCHISTAN,NASIRABAD DIVISION,0.988023952,0.005988024,0.005988024,0,0,746,0.874251497,0.137724551,0,0.011976048,0,0.041916168,0.023952096,0.179640719,0.538922156,0.023952096,0.137724551,0.035928144,0,0.389221557,0.02994012,0,0.005988024,2,1,800,0,0,0,1,533.8502994,0.011976048,0.652694611,6.982758621,0.017964072,0.065868263,0.005988024,0,0.005988024,0.071856287,0.083832335,0.54491018,0.826347305,0.047904192,3.916167665,3.958083832,0.065868263,18.68589744,0.02994012,18.72222222,0.02994012,21.66666667,0.053892216,23.05063291,0.02994012,22.17901235,0.041916168,20.9375,0.035928144,21.64596273,0.083832335,20.05882353,0.407185629,12.12121212,0.089820359,20.39473684,0.041916168,29.8625,0.011976048,46.86060606,0.017964072,41.90853659,0.107784431,24.69127517,0.239520958,14.41732283,0.071856287,23.11612903,0.005988024,28.40361446,0,39.30538922,0,40.25748503,0.017964072,29.94512195,0.005988024,0,0,0,0,0,0.994011976,0,0,0,0,0,0,1,0.02994012,27.96296296,0.053892216,26.91139241,0.065868263,1,0,0,0,4,0,0.526946108,0.005988024,0.017964072,0.02994012,0.437125749,0.006060606,0.012121212,0.012121212,0.981818182,0.006060606,Unmetalled,10.28571429,0.149700599,0.491017964,0.011976048,0.041916168,0.443113772,0.065868263,21.66025641,0.023952096,165.7730061,0.017964072,40.31707317,0.017964072,29.02439024,0.149700599,22.61971831,0.167664671,21.76258993,0.017964072,34.91463415,0.023952096,31.95705521,0.035928144,30.8136646,0.02994012,33.15432099,0.047904192,31.19496855,0.479041916,29.02298851,0.053892216,30.81012658,0.035928144,32.47826087,0.323353293,28.9380531,0.017964072,21,0.017964072,21,0.670658683,0.263473054,0.407185629,0.005988024,0.011976048,0.682634731,0.017964072,0.353293413,0.323353293,0.005988024,0,0.005988024,0.826347305,0,0.011976048,37.12121212,0.053892216,35.51265823,0.02994012,30.04320988,0.161676647,17.66428571,0,0,0,0.005988024,0.994011976,0,0,0,0,1,0.005988024,0.005988024,0,0.005988024,0.982035928,2,1,0,0,2,0,2,0,0,0,0,0,0,0,165,5,0.005988024,0.652694611,0.335329341,0.005988024,0.005988024,0.005988024,0,0.988023952,0.988023952,0.005988024,0.005988024,0.51497006,0.48502994
CHAGAI DISTRICT,BALOCHISTAN,RAKHSHAN DIVISION,1,0,0,0,0,501,0.979166667,0,0,0,0,0,0.270833333,0.708333333,0,0,0.291666667,0.583333333,0.3125,0.625,0.75,0,0,0,0,0,0,0,0,1,146.75,0.041666667,0.958333333,3,0.041666667,0.0625,0,0,0.041666667,0.916666667,0,0.270833333,0.1875,0,3.979166667,3.979166667,0.041666667,66.7826087,0.3125,56.24242424,0.208333333,63.52631579,0.041666667,96.69565217,0.083333333,63.81818182,0.083333333,63.81818182,0.25,59.02777778,0.020833333,93.31914894,0.979166667,6,0.645833333,56.64705882,0.25,64.58333333,0.041666667,69.39130435,0.020833333,133.1702128,0.729166667,48.53846154,0.875,51.66666667,0.541666667,62.63636364,0.145833333,60.90243902,0.041666667,67.69565217,0.020833333,123.5531915,0.291666667,63.82352941,0.0625,0,0.104166667,0.020833333,0,0.020833333,0.895833333,0,0,0,0,0,0,1,0.041666667,91.08695652,0.041666667,91.08695652,0.020833333,0.895833333,9,15,0,4,0,0.895833333,0,0.041666667,0,0.104166667,0.020833333,0.645833333,0,1,0,Unmetalled,58.9,0.916666667,0.083333333,0.083333333,0.125,0.0625,0.1875,69.76923077,0,221.0416667,0.020833333,140.9787234,0.041666667,86.41304348,0.145833333,68.09756098,0.770833333,27.63636364,0.083333333,119.6590909,0.104166667,68.74418605,0.041666667,127.3043478,0.041666667,127.2391304,0.125,58.9047619,0.895833333,61.6,0.104166667,76.02325581,0.083333333,63.31818182,0.916666667,62,0.604166667,66700,0.541666667,65600,1,1,0.0625,0,0.354166667,0.854166667,0,0.041666667,0,0,0,0,0,0.125,0.0625,71.46666667,0.375,66.4,0.125,57.28571429,0.041666667,74.84782609,0.625,0,0,0,0.375,0.625,0,0,0,0.375,0,0,0,0,1,2,2,2,0,2,0,2,0,0,0,0,0,0,0,48,4,0,0.791666667,0.208333333,0,0,0,0,1,0.958333333,0.020833333,0.020833333,0.854166667,0.145833333
KILLA ABDULLAH DISTRICT,BALOCHISTAN,QUETTA DIVISION,0.901960784,0.029411765,0.058823529,0,0.009803922,509,0.702970297,0,0.00990099,0,0.03960396,0.00990099,0.891089109,0.445544554,0.00990099,0.01980198,0.881188119,0.059405941,0.148514851,0.178217822,0.01980198,0.00990099,0,0,0,0,0,0,0,1,561.3663366,0.00990099,0.99009901,5,0.445544554,0.108910891,0,0,0.00990099,0.485148515,0,0.158415842,0.435643564,0,3.891089109,4,0.158415842,18.43529412,0.168316832,15.27380952,0.148514851,15.3255814,0.01980198,41.35353535,0.148514851,20.41860465,0.178217822,31.51807229,0.188118812,31.13414634,0.158415842,16.84705882,0.821782178,9.611111111,0.465346535,10.59259259,0.227722772,11.70512821,0.03960396,27.30927835,0.03960396,30.29896907,0.445544554,22.53571429,0.663366337,9.411764706,0.297029703,10.70422535,0.079207921,11.31182796,0.01980198,32.87878788,0.01980198,31.39393939,0.277227723,19.97260274,0.00990099,0.00990099,0.069306931,0,0,0,0.930693069,0,0,0,0,0,0,1,0.148514851,28.40697674,0.108910891,27.76666667,0.168316832,0.95049505,3,25,0,4,0,0.603960396,0,0.504950495,0,0.00990099,0,0.099009901,0,0.99009901,0.237623762,Unmetalled,14.5,0.514851485,0.306930693,0.02970297,0.168316832,0.465346535,0.168316832,17.22619048,0.04950495,18.11458333,0.01980198,25.1010101,0.128712871,17.25,0.118811881,17.56179775,0.326732673,17.92647059,0.059405941,25.73684211,0.059405941,16.57894737,0.00990099,29.8,0.00990099,29.87,0.158415842,16.35294118,0.415841584,18.30508475,0.158415842,17.08235294,0.00990099,29.75,0.405940594,18.21666667,0.03960396,1450,0,0,0.96039604,0.900990099,0.059405941,0,0,0.435643564,0,0.00990099,0,0,0,0,0,0.564356436,0.04950495,17.4375,0.059405941,29.83157895,0.059405941,16.55789474,0.247524752,16.38157895,0.108910891,0.00990099,0,0.01980198,0.881188119,0.01980198,0.00990099,0,0.00990099,0.97029703,0,0,0,0,1,0,2,2,0,0,0,2,0,0,0,0,0,0,0,101,4,0,0.742574257,0.217821782,0.03960396,0.03960396,0.03960396,0.01980198,0.900990099,0.99009901,0.00990099,0,0.465346535,0.534653465
NUSHKI DISTRICT,BALOCHISTAN,RAKHSHAN DIVISION,0.733333333,0.155555556,0,0,0.111111111,131,0.977777778,0,0.244444444,0.044444444,0.533333333,0.022222222,0.066666667,0.311111111,0,0.022222222,0.644444444,0,0.022222222,0.311111111,0.644444444,0,0,0,0,0,0,0,0,1,263.5555556,0.05,0.65,19.85714286,0.15,0.4,0.1,0,0,0.85,0,0.025,0,0,3.65,4,0.125,33.02857143,0.3,33.28571429,0.3,32.60714286,0.075,36.78378378,0.05,37.92105263,0.1,38.25,0.225,36.32258065,0.075,38,0.825,52.14285714,0.55,38.61111111,0.35,31.84615385,0.025,36.46153846,0.05,37,0.5,40.85,0.65,36.35714286,0.425,34.13043478,0.15,30.26470588,0.025,36.46153846,0.025,36.46153846,0.225,34.25806452,0.55,0,0.525,0.55,0.025,0,0.4,0,0,0,0,0,0,1,0.1,14.55555556,0.05,13.97368421,0.05,0.675,102,20,2,2,0,0.075,0,0.1,0.05,0.85,0.025,0.05,0.025,1,0,Metaled,46.17647059,0.25,0.25,0.175,0.2,0.725,0.075,39.10810811,0.05,38.60526316,0.025,37.87179487,0.025,38.64102564,0.1,38.30555556,0.95,80,0.025,37.1025641,0.025,37.17948718,0.025,36.94871795,0.025,37.17948718,0.05,38.34210526,0.4,61.20833333,0.075,38.56756757,0.125,41.17142857,0.4,44.125,0,0,0,0,0.775,0.05,0.7,0.025,0,0,0,0.025,0,0,0,0.025,0.225,0.775,0.025,38.12820513,0.05,39.05263158,0.025,46.58974359,0.075,38.7027027,0.05,0.05,0.025,0.05,0.95,0,0,0,0,1,0,0,0,0,1,2,1,0,0,2,0,2,0,0,0,0,0,0,0,45,2,0,0.325,0.575,0.1,0.3,0.1,0.025,0.575,0.95,0.025,0.025,0.525,0.475
PISHIN DISTRICT,BALOCHISTAN,QUETTA DIVISION,0.833333333,0.0390625,0.013020833,0,0.114583333,593,0.917647059,0.005882353,0.002941176,0,0.005882353,0.005882353,0.908823529,0.935294118,0.005882353,0.020588235,0.220588235,0.029411765,0.755882353,0.035294118,0.002941176,0.008823529,0.002941176,3,0,0,0,0,0,1,407.0117647,0.047058824,0.973529412,27.88888889,0.097058824,0.073529412,0.032352941,0,0.020588235,0.1,0.011764706,0.735294118,0.747058824,0.055882353,3.805882353,3.917647059,0.188235294,14.5615942,0.194117647,14.59854015,0.161764706,14.57894737,0.073529412,50.63809524,0.108823529,20.19471947,0.158823529,51.22377622,0.138235294,34.15017065,0.258823529,15.54761905,0.661764706,3.504347826,0.332352941,8.511013216,0.152941176,12.15972222,0.029411765,46.3969697,0.391176471,44.52173913,0.25,14.23137255,0.452941176,10.18817204,0.232352941,14.36015326,0.144117647,22.07560137,0.041176471,49.08282209,0.252941176,41.13385827,0.238235294,14.5019305,0.041176471,0,0.05,0.005882353,0,0,0.938235294,0,0,0,0,0,0,1,0.15,23.53633218,0.220588235,23.94716981,0.15,0.985294118,16,2,2,3,0,0.232352941,0.014705882,0.076470588,0.023529412,0.732352941,0.111111111,0.013468013,0.02020202,0.925925926,0.080808081,Metaled,11.89473684,0.805882353,0.205882353,0.023529412,0.155882353,0.138235294,0.038235294,12.75840979,0.008823529,19.00296736,0.011764706,18.64583333,0.026470588,16.45015106,0.132352941,14.34915254,0.25,13.71764706,0.061764706,16.89341693,0.182352941,50.93884892,0.185294118,50.78700361,0.052941176,19.09006211,0.314705882,54.50643777,0.452941176,14.56989247,0.279411765,53.28571429,0.279411765,53.41632653,0.405882353,14.28217822,0,0,0.002941176,1,0.002941176,0.002941176,0,0,0,0.502941176,0,0.005882353,0,0.011764706,0,0,0.014705882,0.482352941,0.011764706,14.83035714,0.205882353,12.6,0.026470588,13.41691843,0.123529412,13.93288591,0.191176471,0.011764706,0.014705882,0,0.802941176,0.097058824,0,0.005882353,0,0.902941176,0.020588235,0.002941176,0.026470588,0.120588235,0.838235294,0,0,0,0,0,0,1,0,0,0,0,0,0,0,374,5,0.011764706,0.182352941,0.802941176,0.002941176,0.785294118,0.008823529,0.005882353,0.2,0.952941176,0.029411765,0.017647059,0.797058824,0.202941176
QUETTA DISTRICT,BALOCHISTAN,QUETTA DIVISION,0.647058824,0.132352941,0.205882353,0,0.014705882,328,0.865671642,0.014925373,0.014925373,0,0.029850746,0,0.343283582,0.76119403,0,0.014925373,0.820895522,0.089552239,0.119402985,0.074626866,0.104477612,0.029850746,0,0,0,0,0,0,0,1,663.5147059,0.208955224,0.925373134,28.8,0.567164179,0.23880597,0.029850746,0.074626866,0.014925373,0.358208955,0,0.119402985,0.074626866,0.059701493,2.985074627,3.23880597,0.597014925,10.44444444,0.656716418,8.739130435,0.552238806,9.133333333,0.432835821,12.28947368,0.447761194,10.05405405,0.507462687,18.54545455,0.52238806,10.78125,0.388059701,11.80487805,0.940298507,11.25,0.731343284,6.777777778,0.567164179,8.379310345,0.23880597,15.76470588,0.298507463,16.85106383,0.731343284,9.222222222,0.880597015,11.375,0.776119403,8.933333333,0.52238806,12.59375,0.28358209,16.39583333,0.298507463,17.63829787,0.47761194,13.74285714,0.343283582,0.044776119,0.253731343,0.119402985,0.014925373,0.014925373,0.582089552,0.044776119,0.029850746,0.029850746,0.029850746,0,0,0.955223881,0.358208955,10,0.343283582,16.15909091,0.134328358,0.671641791,57,54,1,1,0,0.597014925,0.104477612,0.119402985,0.029850746,0.223880597,0.666666667,0.242424242,0.090909091,0.545454545,0.212121212,Metaled,4.2,0.835820896,0.776119403,0.447761194,0.626865672,0.044776119,0.552238806,9.3,0.134328358,17.15517241,0.044776119,16.984375,0.253731343,17.9,0.597014925,19.59259259,0.925373134,8.8,0.417910448,19.46153846,0.119402985,17.37288136,0.208955224,18.28301887,0.134328358,16.87931034,0.641791045,19.95833333,0.955223881,11.66666667,0.52238806,19.375,0.626865672,19.28,0.835820896,13.81818182,0.149253731,425,0.134328358,334,0.014925373,0.014925373,0,0,0,0.223880597,0.074626866,0.164179104,0.014925373,0.014925373,0,0.149253731,0.014925373,0.611940299,0.253731343,14.58,0.134328358,15.18965517,0.328358209,10.97777778,0.656716418,7.652173913,0.044776119,0.029850746,0.059701493,0.014925373,0.910447761,0.014925373,0,0.014925373,0,0.970149254,0,0,0,0,1,2,2,2,0,2,0,2,0,0,0,0,0,0,0,68,3,0.119402985,0.313432836,0.567164179,0,0.47761194,0.059701493,0,0.462686567,0.791044776,0.149253731,0.059701493,0.089552239,0.910447761
DERA BUGTI DISTRICT,BALOCHISTAN,SIBI DIVISION,0.933035714,0.049107143,0.017857143,0,0,765,0.991071429,0.03125,0.348214286,0,0.004464286,0.004464286,0.004464286,0.040178571,0.035714286,0.004464286,0.339285714,0.017857143,0.084821429,0.589285714,0.379464286,0.017857143,0.008928571,8,5,4300,0,0,0,1,442.2232143,0.03125,0.84375,6.971428571,0.080357143,0.071428571,0.008928571,0,0.044642857,0.330357143,0.035714286,0.227678571,0.772321429,0.017857143,3.964285714,3.977678571,0.040178571,42.6744186,0.169642857,17.71505376,0.107142857,32.785,0.03125,44.25345622,0.008928571,50.31531532,0.013392857,34.11764706,0.098214286,29.26732673,0.28125,40.39751553,0.558035714,14.4040404,0.165178571,16.06951872,0.098214286,21.36138614,0.013392857,45.97285068,0.004464286,74.10313901,0.035714286,29.2962963,0.200892857,20.24581006,0.053571429,25.47169811,0.026785714,29.30733945,0.008928571,63.81081081,0.008928571,77.71171171,0.017857143,32.23181818,0.013392857,0,0.008928571,0,0,0.004464286,0.977678571,0,0,0,0,0,0.004464286,0.995535714,0.120535714,18.37055838,0.013392857,33.34841629,0.008928571,0.96875,3,21,4,4,0,0.379464286,0,0.09375,0.008928571,0.611607143,0.017857143,0.004464286,0,1,0.004464286,Unmetalled,14.68027211,0.834821429,0.116071429,0.017857143,0.004464286,0.111607143,0.026785714,33.74770642,0,275.7678571,0.004464286,66.16591928,0.008928571,71,0.017857143,35.67727273,0.232142857,25.88953488,0.008928571,84.36936937,0.013392857,50.2760181,0.017857143,45.36818182,0.017857143,44.78636364,0.035714286,32.37037037,0.580357143,36.28723404,0.035714286,30.09722222,0.022321429,33.89954338,0.517857143,35.9537037,0.004464286,1100,0.008928571,154,0.959821429,0.59375,0.602678571,0.008928571,0.580357143,0.004464286,0,0,0.004464286,0,0,0.013392857,0.049107143,0.941964286,0.004464286,73.60538117,0.022321429,46.32876712,0.008928571,45.43243243,0.0625,35.64285714,0.013392857,0,0,0,0.986607143,0,0,0,0,1,0,0.004464286,0.013392857,0.040178571,0.959821429,2,1,0,0,0,0,2,0,0,0,0,0,0,0,222,8,0.022321429,0.584821429,0.160714286,0.232142857,0.044642857,0.017857143,0,0.9375,0.96875,0.008928571,0.022321429,0.955357143,0.044642857
HARNAI DISTRICT,BALOCHISTAN,SIBI DIVISION,0.84375,0.072916667,0.020833333,0,0.0625,230,0.956043956,0.021978022,0,0.230769231,0.318681319,0,0.054945055,0.879120879,0.098901099,0.010989011,0.153846154,0.692307692,0.505494505,0.054945055,0.021978022,0,0,0,0,0,0,0,0,1,78.35555556,0.011111111,1,0,0.066666667,0.288888889,0,0.055555556,0,0.544444444,0.066666667,0.711111111,0.055555556,0,3.955555556,4,0.088888889,16.20731707,0.088888889,13.63414634,0.088888889,15.13414634,0.055555556,16.36470588,0.044444444,16.27906977,0.055555556,16.74117647,0.188888889,11.23287671,0.055555556,15.38823529,0.688888889,13.67857143,0.211111111,11.49295775,0.122222222,13.12658228,0.033333333,21.49425287,0.033333333,28.27586207,0.311111111,11.17741935,0.5,20.46666667,0.155555556,16.28947368,0.055555556,15.61176471,0.022222222,28.02272727,0.011111111,27.68539326,0.2,19.70833333,0,0,0,0,0,0,1,0,0,0,0,0,0,1,0.011111111,17.69662921,0.033333333,14.67816092,0.022222222,0.988888889,0,7,0,1,0,0.555555556,0,0.011111111,0,0.444444444,0,0,0,1,0.466666667,Metaled,17.80769231,0.555555556,0.455555556,0.022222222,0.288888889,0.366666667,0.044444444,14.02325581,0,26.26666667,0.022222222,17.80681818,0.033333333,16.66666667,0.088888889,14.19512195,0.755555556,20.63636364,0.022222222,16.38636364,0.033333333,17.36781609,0,26.3,0.044444444,16.63953488,0.044444444,17.37209302,0.822222222,22.5,0.033333333,17.35632184,0.033333333,17.35632184,0.811111111,24.58823529,0.311111111,44360,0.1,28100,0.411111111,0.377777778,0.333333333,0.333333333,0.355555556,0.044444444,0,0.022222222,0,0,0,0,0.333333333,0.677777778,0.022222222,17.71590909,0.033333333,26.4137931,0.044444444,16.1744186,0.111111111,15.975,0,0.033333333,0,0,0.966666667,0,0.033333333,0,0,0.966666667,0,0.011111111,0,0,0.988888889,2,1,2,0,2,0,2,0,0,0,0,0,0,0,96,3,0.055555556,0.6,0.266666667,0.077777778,0.077777778,0,0.011111111,0.911111111,0.988888889,0.011111111,0,0.722222222,0.277777778
KOHLU DISTRICT,BALOCHISTAN,SIBI DIVISION,0.914141414,0.015151515,0.005050505,0,0.065656566,929,0.969230769,0.005128205,0.056410256,0,0.276923077,0.030769231,0.015384615,0.051282051,0,0.01025641,0.056410256,0.020512821,0.025641026,0.912820513,0.046153846,0.005128205,0,0,0,0,0,0,0,1,303.7487179,0.010362694,0.865284974,10.73076923,0.03626943,0.051813472,0.005181347,0.005181347,0.015544041,0.077720207,0.015544041,0.259067358,0.901554404,0.202072539,3.968911917,4,0.067357513,64.53888889,0.10880829,64.48255814,0.082901554,69.83050847,0.077720207,91.23033708,0.031088083,88.89304813,0.03626943,90.67204301,0.191709845,86.46153846,0.191709845,110.0769231,0.502590674,40.71875,0.155440415,61.69325153,0.067357513,73,0.005181347,95.13020833,0.020725389,119.7354497,0.082901554,95.1299435,0.248704663,60.17241379,0.082901554,73.37288136,0.031088083,81.92513369,0.015544041,103.0631579,0.010362694,113.3350785,0.056994819,100.5,0.010362694,0,0.005181347,0,0,0,0.989637306,0,0,0,0,0,0,1,0.14507772,76.69090909,0.041450777,87.12972973,0.046632124,0.994818653,0,1,0,4,100,0.051813472,0.005181347,0,0.025906736,0.922279793,0.005181347,0.005181347,0.005181347,0.96373057,0.025906736,Unmetalled,63.15384615,0.29015544,0.03626943,0.010362694,0.015544041,0.704663212,0.005181347,112.4947917,0,210.611399,0,175.388601,0.005181347,161.640625,0.067357513,94.06111111,0.129533679,92.95833333,0.015544041,112.4526316,0.010362694,90.90575916,0.020725389,155.6031746,0.015544041,158.2421053,0.025906736,93.63297872,0.124352332,94.88757396,0.025906736,90.4893617,0.015544041,92.21052632,0.07253886,95.24022346,0.367875648,28334,0.222797927,4780,0.92746114,0.85492228,0.005181347,0.005181347,0.202072539,0.015544041,0,0,0,0,0,0.025906736,0.170984456,0.803108808,0.005181347,91.01041667,0,157.4145078,0.005181347,88.60416667,0.015544041,90.83684211,0.005181347,0,0,0,0.994818653,0,0,0,0,1,0,0,0,0.005181347,0.994818653,2,2,0,0,0,0,1,0,0,0,0,0,0,0,197,5,0.005181347,0.497409326,0.051813472,0.445595855,0.031088083,0.015544041,0,0.953367876,0.989637306,0.010362694,0,0.979274611,0.020725389
SIBI DISTRICT,BALOCHISTAN,SIBI DIVISION,0.79375,0.01875,0.00625,0.00625,0.175,344,0.774193548,0.019354839,0.361290323,0,0.109677419,0.103225806,0,0.051612903,0.148387097,0.006451613,0.322580645,0.529032258,0,0.458064516,0.109677419,0.012903226,0.070967742,28,17,19300,0,0,0,1,396.2967742,0.022727273,0.439393939,12.82432432,0.181818182,0.106060606,0,0,0,0.007575758,0.136363636,0.037878788,0.340909091,0.340909091,3.924242424,3.977272727,0.145038168,17.47321429,0.122137405,16.04347826,0.13740458,16.60176991,0.076335878,45.1322314,0.038167939,48.84920635,0.091603053,70.32773109,0.160305344,35.66363636,0.121212121,41.19827586,0.575757576,10.125,0.174242424,16.37614679,0.121212121,17.21551724,0.022727273,46.63565891,0.03030303,61.8671875,0.083333333,48.76859504,0.363636364,14.96428571,0.174242424,16.8440367,0.098484848,20.23529412,0.022727273,49.6124031,0.022727273,62,0.045454545,49.07142857,0.114503817,0.007633588,0.053435115,0.022900763,0.007633588,0,0.885496183,0.007633588,0.007633588,0,0.007633588,0,0,0.992366412,0.129770992,37.69298246,0.076335878,62.55371901,0.06870229,0.992424242,4,1,0,4,0,0.772727273,0,0.007575758,0.007575758,0.227272727,0.069230769,0.007692308,0.107692308,0.946153846,0.007692308,Unmetalled,12.14285714,0.378787879,0.265151515,0.03030303,0.053030303,0.492424242,0.045454545,20.41269841,0.007575758,69.41984733,0.007575758,60.08396947,0.015151515,61.93846154,0.022727273,30.96899225,0.21969697,21.49514563,0.045454545,65.4047619,0.037878788,57.46456693,0.037878788,56.82677165,0.007575758,58.9389313,0.037878788,30.36220472,0.03030303,53.6953125,0.265151515,31.28865979,0.060606061,29.21774194,0.045454545,43.30952381,0.052238806,981,0.059701493,3741,0.71641791,0.656716418,0.179104478,0.007462687,0.23880597,0.480916031,0.007633588,0.007633588,0,0,0,0.015267176,0,0.549618321,0.022727273,26.6744186,0.204545455,65.06666667,0.113636364,19.03418803,0.045454545,18.03174603,0.007575758,0,0,0,0.992424242,0.007575758,0,0,0,0.992424242,0,0,0,0,1,2,2,0,0,0,0,2,0,0,0,0,0,0,0,159,4,0,0.818181818,0.166666667,0.015151515,0.053030303,0.045454545,0.007575758,0.893939394,0.977272727,0.015151515,0.007575758,0.78030303,0.21969697
ZIARAT DISTRICT,BALOCHISTAN,SIBI DIVISION,0.913043478,0.032608696,0,0,0.054347826,232,0.404494382,0,0,0,0,0,0.741573034,0.101123596,0,0,0.573033708,0.011235955,0.595505618,0.112359551,0.123595506,0.011235955,0,0,0,0,0,0,0,1,613.4831461,0.011494253,0.988505747,4,0.057471264,0.068965517,0.011494253,0.011494253,0.011494253,0.528735632,0,0.563218391,0.264367816,0,3.965517241,3.965517241,0.16091954,13.56164384,0.183908046,11.77464789,0.172413793,12.26388889,0.137931034,14.74666667,0.114942529,15.7012987,0.114942529,15.46753247,0.149425287,14.35135135,0.126436782,14.94736842,0.67816092,9.678571429,0.252873563,10.86153846,0.229885057,11.97014925,0.022988506,21.07058824,0.045977011,27.30120482,0.264367816,10.859375,0.471264368,10.43478261,0.24137931,13.37878788,0.114942529,14.09090909,0.011494253,21.30232558,0.022988506,28.44705882,0.172413793,16.93055556,0.045977011,0,0.034482759,0.011494253,0.011494253,0,0.931034483,0,0,0,0,0.011494253,0,0.988505747,0.08045977,18.1125,0.022988506,18.68235294,0.011494253,0.988505747,1,0,0,1,0,0.666666667,0,0.068965517,0.011494253,0.333333333,0.149425287,0,0,0.83908046,0.264367816,Metaled,11.92307692,0.632183908,0.091954023,0.022988506,0.16091954,0.333333333,0.149425287,17.27027027,0.011494253,252.1046512,0.011494253,54.43023256,0.068965517,26.49382716,0.114942529,17.37662338,0.402298851,15.11538462,0.045977011,40.87951807,0.057471264,40.37804878,0.034482759,84.47619048,0.022988506,51.68235294,0.16091954,17.78082192,0.528735632,15.75609756,0.172413793,20.125,0.252873563,27.72307692,0.632183908,17.9375,0.632183908,45433,0.540229885,54936,0.942528736,0.91954023,0.034482759,0,0.206896552,0.448275862,0,0.034482759,0,0,0,0,0.91954023,0.022988506,0.068965517,21.69135802,0.091954023,18.87341772,0.057471264,16.85365854,0.149425287,16.86486486,0.034482759,0,0,0,0.965517241,0.011494253,0,0,0,0.988505747,0,0,0,0,1,2,1,0,0,2,0,2,0,0,0,0,0,0,0,91,2,0.022988506,0.896551724,0.08045977,0,0.126436782,0,0,0.873563218,0.988505747,0.011494253,0,0.83908046,0.16091954
BARKHAN DISTRICT,BALOCHISTAN,ZHOB DIVISION,0.916666667,0.015151515,0.060606061,0,0.007575758,612,0.992366412,0.007633588,0.755725191,0.007633588,0.053435115,0.007633588,0.114503817,0.770992366,0.007633588,0.038167939,0.877862595,0.061068702,0.022900763,0.503816794,0.366412214,0.114503817,0,0,0,0,0,0,0,1,339.6870229,0.015267176,0.992424242,15,0.015151515,0.431818182,0,0.007575758,0.257575758,0.810606061,0,0.053030303,0.295454545,0.007575758,3.954545455,3.992424242,0.068181818,29.15447154,0.128787879,27.8173913,0.068181818,26.47154472,0.037878788,26.81889764,0.060606061,29.58064516,0.128787879,26.37391304,0.060606061,26.22580645,0.060606061,30.68548387,0.962121212,10.4,0.348484848,15.91860465,0.151515152,18.91964286,0.007575758,38.19083969,0.007575758,50.11450382,0.045454545,29,0.621212121,19.7,0.174242424,26.55963303,0.045454545,30.84126984,0.015151515,38.16923077,0.037878788,49.30708661,0.053030303,31.096,0.098484848,0,0.007575758,0.007575758,0,0.015151515,0.886363636,0,0,0,0,0,0.007575758,0.992424242,0.053030303,28.36,0.060606061,27.42741935,0.378787879,0.992424242,30,30,0,3,0,0.954545455,0.015151515,0.015151515,0.007575758,0.022727273,0.022900763,0.015267176,0.022900763,0.977099237,0.015267176,Metaled,9.958333333,0.938931298,0.236641221,0.007633588,0.038167939,0.015267176,0.068181818,32.96747967,0,145.1590909,0,134.8863636,0.015151515,29.13076923,0.295454545,15.01075269,0.757575758,16.78125,0.022727273,47.72868217,0.015267176,33.15503876,0.030534351,121.8661417,0.030534351,129.9370079,0.037878788,28.93700787,0.916666667,23.63636364,0.068181818,29.84552846,0.068181818,30.43902439,0.871212121,24.52941176,0.477272727,8945,0.151515152,3790,0.977272727,0.742424242,0.340909091,0.007575758,0.25,0.636363636,0.007575758,0.015151515,0,0,0,0,0.363636364,0.5,0.015151515,42.03846154,0.03030303,35.1796875,0.03030303,29.5234375,0.136363636,15.56140351,0.015151515,0,0,0,0.984848485,0.007575758,0,0,0,0.992424242,0,0,0.007633588,0.374045802,0.618320611,2,2,2,0,2,0,2,0,2,0,0,2,0,2,132,1,0.022900763,0.694656489,0.27480916,0.007633588,0.015267176,0.038167939,0.022900763,0.923664122,0.984732824,0,0.015267176,0.458015267,0.541984733
KILLA SAIFULLAH DISTRICT,BALOCHISTAN,ZHOB DIVISION,0.847560976,0.134146341,0.006097561,0,0.012195122,678,0.67721519,0.006329114,0,0,0.056962025,0,0.753164557,0.430379747,0,0,0.746835443,0.025316456,0.525316456,0.044303797,0.113924051,0.018987342,0,0,0,0,0,0,0,1,455.8024691,0.018518519,0.981481481,7.666666667,0.080246914,0.067901235,0.012345679,0,0.037037037,0.413580247,0.00617284,0.611111111,0.5,0.203703704,3.944444444,3.950617284,0.024691358,26.65189873,0.049382716,24.9025974,0.067901235,24.45033113,0.024691358,26.70253165,0.043209877,26.3483871,0.030864198,27.12738854,0.080246914,27.20134228,0.024691358,27.03164557,0.808641975,15.74193548,0.240740741,20.60162602,0.086419753,22.10810811,0.018518519,28.00628931,0.018518519,28.73584906,0.166666667,20.01481481,0.419753086,22.29787234,0.067901235,21.72847682,0.024691358,22.48734177,0.018518519,28.27672956,0.012345679,29.13125,0.080246914,22.81879195,0.061728395,0,0.061728395,0.012345679,0,0.00617284,0.932098765,0,0,0,0,0,0,1,0.018518519,26.49685535,0.018518519,25.19496855,0.012345679,0.981481481,19,13,210,1,0,0.919753086,0.037037037,0.018518519,0.012345679,0.030864198,0.00617284,0.030864198,0.24691358,0.75308642,0.265432099,Metaled,32.41176471,0.87037037,0.216049383,0.024691358,0.166666667,0.111111111,0.043209877,24.21290323,0.024691358,30.31012658,0.024691358,29.03797468,0.030864198,27.21656051,0.067901235,24.68211921,0.864197531,47,0.024691358,28.79746835,0.012345679,27.68125,0.018518519,25.47169811,0.018518519,26.88050314,0.012345679,26.4625,0.858024691,51.65217391,0.037037037,26.74358974,0.018518519,27.72327044,0.611111111,30.57142857,0.561728395,115281,0.222222222,44640,0.518518519,0.518518519,0,0,0,0.388888889,0,0.012345679,0,0,0,0.00617284,0,0.660493827,0.024691358,28.75949367,0.055555556,28.79738562,0.030864198,22.06369427,0.154320988,16.58394161,0.018518519,0,0,0,0.981481481,0,0,0,0,1,0,0,0.00617284,0.00617284,0.99382716,2,2,0,0,2,0,2,0,0,0,0,0,0,0,164,6,0.012345679,0.944444444,0.043209877,0,0.074074074,0.00617284,0,0.919753086,0.981481481,0.012345679,0.00617284,0.87037037,0.12962963
LORALAI DISTRICT,BALOCHISTAN,ZHOB DIVISION,0.911111111,0.022222222,0.005555556,0,0.061111111,600,0.890909091,0,0.084848485,0,0.272727273,0.103030303,0.56969697,0.763636364,0.024242424,0.024242424,0.878787879,0.018181818,0.078787879,0.272727273,0.060606061,0.084848485,0,0,0,0,0,0,0,1,242.3641618,0.01734104,0.953757225,55,0.063583815,0.329479769,0.046242775,0,0.132947977,0.722543353,0.028901734,0.046242775,0.190751445,0.034682081,3.87283237,3.936416185,0.098837209,32.97419355,0.110465116,30.45098039,0.139534884,31.27702703,0.034883721,38.65060241,0.034883721,42.80722892,0.046511628,39.10365854,0.075581395,29.94339623,0.104651163,37.56493506,0.598837209,8.492753623,0.180232558,16.20567376,0.063583815,18.91975309,0.011560694,33.80701754,0.01734104,40.22352941,0.173410405,17.74125874,0.329411765,18.76315789,0.134502924,24.97297297,0.040697674,27.2969697,0.023255814,37.74404762,0.029069767,39.63473054,0.110465116,29.5751634,0.138728324,0,0.104046243,0,0,0.005780347,0.843930636,0,0,0,0,0,0,1,0.104046243,24.10322581,0.034883721,32.4939759,0.023255814,0.861271676,114,34,1,4,0,0.878612717,0,0.040462428,0.011560694,0.10982659,0.005882353,0.1,0.082352941,0.982352941,0.194117647,Unmetalled,18.77586207,0.843930636,0.260115607,0.01734104,0.034682081,0.144508671,0.080924855,33.62264151,0,141.849711,0.01734104,49.34705882,0.011560694,40.29239766,0.184971098,25.18439716,0.624277457,30.15384615,0.040462428,83.63253012,0.028901734,39.91071429,0.034682081,86.5988024,0.011560694,42.33918129,0.052023121,38.15243902,0.826589595,24.96666667,0.069364162,40.42236025,0.063583815,47.32716049,0.583815029,39.23611111,0.421965318,7510,0.144508671,1237,0.722543353,0.664739884,0.138728324,0.069364162,0.034682081,0.306358382,0.005780347,0.005780347,0,0.005780347,0.005780347,0,0.497109827,0.225433526,0.005780347,40.86046512,0.421965318,34.79,0.01734104,34.34705882,0.086705202,20.92405063,0.10982659,0.132947977,0.023121387,0.005780347,0.791907514,0.023121387,0.028901734,0.005780347,0.005780347,0.959537572,0,0,0.005847953,0.01754386,0.98245614,2,2,0,0,2,0,2,0,0,0,0,0,0,0,177,3,0.011560694,0.919075145,0.063583815,0.005780347,0.080924855,0.005780347,0.011560694,0.901734104,0.98265896,0.011560694,0.005780347,0.907514451,0.092485549
DUKI DISTRICT,BALOCHISTAN,ZHOB DIVISION,0.965517241,0.011494253,0,0,0.022988506,371,1,0,0.011904762,0,0.380952381,0,0.035714286,0.238095238,0.011904762,0,0.726190476,0.130952381,0.119047619,0.476190476,0.238095238,0.05952381,0,0,0,0,0,0,0,1,225.3529412,0.011764706,0.941176471,10,0.576470588,0.729411765,0.035294118,0,0.117647059,0.482352941,0.294117647,0.329411765,0.294117647,0.070588235,3.905882353,3.952941176,0.047058824,39.85185185,0.047058824,37.40740741,0.058823529,40.075,0.035294118,43.76829268,0.023529412,43.38554217,0.058823529,39.5875,0.270588235,27.14516129,0.164705882,33.78873239,0.847058824,5.230769231,0.294117647,13.5,0.129411765,27.59459459,0.023529412,44.98795181,0.035294118,44.75609756,0.105882353,28.22368421,0.341176471,16.83928571,0.141176471,31.63013699,0.023529412,39.55421687,0.011764706,46.53571429,0.023529412,44.87951807,0.035294118,42.54878049,0,0,0.011764706,0,0,0,0.988235294,0,0,0,0,0,0,1,0.105882353,24.39473684,0.270588235,19.62903226,0.035294118,0.976470588,0,4,0,4,0,0.941860465,0,0.023255814,0,0.058139535,0,0,0,1,0.220930233,Unmetalled,15.67857143,0.988372093,0.418604651,0,0.023255814,0.011627907,0.034883721,42.59036145,0,222.0232558,0.011627907,60.68235294,0.011627907,42.68235294,0.093023256,24.15384615,0.058139535,43.82716049,0.011627907,195.3529412,0.023255814,44.3452381,0.011627907,47.04705882,0.023255814,44.46428571,0.046511628,44.58536585,0.837209302,22.85714286,0.034883721,46.12048193,0,75.27906977,0.872093023,22.09090909,0.186046512,1100,0.023255814,2,0.720930233,0.720930233,0,0,0,1,0,0,0,0.058139535,0.034883721,0,0,0,0.011627907,43.89411765,0.011627907,43.89411765,0.034883721,32.39759036,0.046511628,24.76829268,0.139534884,0,0,0.011627907,0.860465116,0.011627907,0,0,0,0.988372093,0,0,0,0,1,2,2,0,0,2,0,2,0,0,0,0,0,0,0,87,1,0,0.929411765,0.070588235,0,0.011764706,0,0.011764706,0.976470588,0.988235294,0.011764706,0,0.870588235,0.129411765
MUSAKHEL DISTRICT,BALOCHISTAN,ZHOB DIVISION,0.901408451,0.070422535,0.028169014,0,0,510,0.985915493,0,0,0,0.661971831,0.225352113,0.014084507,0.211267606,0.014084507,0,0.23943662,0.323943662,0.281690141,0.492957746,0.38028169,0.070422535,0,0,0,0,0,0,0,1,178.3380282,0.014084507,0.845070423,28.36363636,0.183098592,0.281690141,0,0,0.028169014,0.408450704,0.014084507,0.422535211,0.450704225,0.126760563,3.915492958,3.971830986,0.098591549,31.0625,0.338028169,26.57446809,0.211267606,26.46428571,0.042253521,37.30882353,0.056338028,44.52238806,0.042253521,38.82352941,0.211267606,26.17857143,0.169014085,37.6440678,0.845070423,31.27272727,0.338028169,21.25531915,0.183098592,29.63793103,0.056338028,39.34328358,0.028169014,93.37681159,0.352112676,26.91304348,0.23943662,41.18518519,0.112676056,33.11111111,0.084507042,32.66153846,0.028169014,46.85507246,0.014084507,87.77142857,0.154929577,52.15,0.056338028,0,0.014084507,0,0,0.014084507,0.943661972,0,0,0,0,0,0,1,0.14084507,31.52459016,0.126760563,34.25806452,0.028169014,0.985915493,4,3,2,4,0,0.85915493,0.028169014,0,0.056338028,0.098591549,0,0.09375,0.140625,1,0,Unmetalled,22.63636364,0.816901408,0.028169014,0.014084507,0.014084507,0.183098592,0.084507042,28.18461538,0.028169014,140.1884058,0.014084507,130.0571429,0.042253521,70.48529412,0.098591549,29.875,0.788732394,48.66666667,0.042253521,91,0.070422535,65.89393939,0.126760563,124.9032258,0.042253521,121.3970588,0.183098592,47.43103448,0.957746479,94,0.225352113,49.67272727,0.154929577,59.88333333,0.985915493,5,0.901408451,103215,0.901408451,107802,0.492957746,0.014084507,0.084507042,0.014084507,0.450704225,0.492957746,0,0,0,0.014084507,0,0,0,0.563380282,0.056338028,80.8358209,0.183098592,80.06896552,0.112676056,40.25396825,0.126760563,31.53225806,0.028169014,0,0,0,0.971830986,0,0,0,0,1,0,0,0,0,1,2,2,2,0,2,0,2,0,0,0,0,0,0,0,71,5,0,0.408450704,0.563380282,0.028169014,0.070422535,0.028169014,0.014084507,0.887323944,0.985915493,0.014084507,0,0.901408451,0.098591549
SHERANI DISTRICT,BALOCHISTAN,ZHOB DIVISION,0.988950276,0.011049724,0,0,0,607,0.983425414,0.005524862,0,0,0.535911602,0.060773481,0.016574586,0.110497238,0.016574586,0.038674033,0.104972376,0.116022099,0.397790055,0.690607735,0,0.027624309,0.005524862,1,1,1000,0,0,0,1,177.2651934,0.011049724,0.994475138,5,0.027624309,0.552486188,0.027624309,0.005524862,0.121546961,0.723756906,0.049723757,0.38121547,0.149171271,0.066298343,3.867403315,3.972375691,0.055248619,45.8128655,0.082872928,24.36746988,0.066298343,31.87573964,0.016574586,46.3988764,0.011049724,52.51955307,0.005524862,55.67777778,0.060773481,32.9,0.038674033,48.55747126,0.850828729,4.888888889,0.127071823,16.59493671,0.038674033,25.09195402,0.005524862,42.25,0.005524862,83.4,0.149171271,26.49350649,0.132596685,22.54140127,0.027624309,30.90340909,0.016574586,36.15168539,0,62.33149171,0.005524862,85.57777778,0.016574586,53.28089888,0.060773481,0.005524862,0.022099448,0,0,0,0.91160221,0,0,0,0,0,0,1,0.127071823,35.75316456,0,57.19889503,0.071823204,0.994475138,0,30,0,3,0,0.740331492,0.022099448,0.027624309,0.038674033,0.237569061,0,0,0.171270718,0.988950276,0.022099448,Unmetalled,40.33136095,0.690607735,0,0,0.011049724,0.309392265,0.033149171,44.23428571,0,320.8121547,0,70.38674033,0,64.92265193,0.011049724,38.66480447,0.591160221,37.90540541,0.016574586,65.68539326,0.022099448,57.02259887,0.011049724,58.03910615,0,63.65745856,0.022099448,58.2259887,0.685082873,41.9122807,0.016574586,58.55617978,0.005524862,62.31111111,0.712707182,55.19230769,0.066298343,230,0.071823204,5906,0.403314917,0.370165746,0,0,0.033149171,0.005524862,0,0,0,0,0,0,0,1,0.005524862,67.75555556,0.70718232,66.01886792,0.060773481,39.05294118,0.110497238,25.7826087,0,0,0.005524862,0,0.994475138,0,0,0.005524862,0,0.994475138,0,0.005524862,0.005524862,0,0.988950276,2,2,2,0,2,2,1,0,0,0,0,0,0,0,179,1,0.011049724,0.756906077,0.220994475,0.011049724,0,0,0.011049724,0.988950276,0.988950276,0.005524862,0.005524862,0.574585635,0.425414365
ZHOB DISTRICT,BALOCHISTAN,ZHOB DIVISION,0.951456311,0.009708738,0,0,0.038834951,562,0.929292929,0,0.01010101,0.01010101,0.171717172,0,0.303030303,0.424242424,0.141414141,0.04040404,0.353535354,0.080808081,0.464646465,0.565656566,0.262626263,0,0.03030303,4,4,1500,0,0,0,1,88.4040404,0.02020202,0.98989899,3,0.131313131,0.747474747,0.151515152,0,0.212121212,0.676767677,0.070707071,0.222222222,0.181818182,0,3.929292929,3.95959596,0.313131313,41.02941176,0.454545455,37.12962963,0.303030303,38.14492754,0.262626263,41.94520548,0.212121212,47.47435897,0.212121212,48.15384615,0.353535354,44.21875,0.141414141,48.12941176,0.888888889,18.54545455,0.414141414,26.68965517,0.262626263,38.8630137,0.050505051,54.70212766,0.060606061,54.37634409,0.242424242,45.2,0.585858586,30.90243902,0.323232323,36.50746269,0.171717172,43.91463415,0.121212121,52.79310345,0.131313131,54.1627907,0.161616162,47.77108434,0.232323232,0,0.080808081,0,0,0.02020202,0.727272727,0,0,0,0,0,0,1,0.333333333,33.72727273,0.242424242,50.49333333,0.03030303,0.949494949,86,3,0,1,0,0.888888889,0,0.03030303,0.03030303,0.050505051,0,0.01010101,0.272727273,0.98989899,0.02020202,Unmetalled,19.77777778,0.909090909,0.373737374,0.02020202,0.232323232,0.060606061,0.060606061,46.1827957,0,56.31313131,0.01010101,52.90816327,0.02020202,53.09278351,0.060606061,48.61290323,0.494949495,59.96,0.060606061,50.94623656,0.060606061,52.79569892,0.02020202,52.91752577,0.04040404,53.16842105,0.101010101,48.56179775,0.505050505,58.65306122,0.141414141,50.05882353,0.090909091,54.05555556,0.545454545,63.53333333,0.262626263,1132,0.262626263,738,0.050505051,0.050505051,0,0,0,0.95959596,0,0,0,0,0,0,0.03030303,0.02020202,0.02020202,55.5257732,0.03030303,57.38541667,0.02020202,46.04123711,0.070707071,41.40217391,0.070707071,0,0,0.01010101,0.929292929,0.01010101,0,0,0,0.98989899,0,0,0,0.01010101,0.98989899,2,2,0,0,0,0,2,0,0,0,0,0,0,0,103,4,0.03030303,0.717171717,0.222222222,0.03030303,0.03030303,0.02020202,0,0.949494949,0.97979798,0.02020202,0,0.848484848,0.151515152
BAJAUR DISTRICT,KHYBER PAKHTUNKHWA,MALAKAND DIVISION,0.991624791,0.003350084,0.005025126,0,0,3178,0.994957983,0.105882353,0.003361345,0.013445378,0.853781513,0.006722689,0.038655462,0.14789916,0.010084034,0.010084034,0.157983193,0.092436975,0.124369748,0.924369748,0.010084034,0.003361345,0.006700168,9,7,4600,0,0,0,1,163.0921273,0.008375209,0.991624791,6,0.093802345,0.314907873,0,0.003350084,0.011725293,0.738693467,0.005025126,0.27638191,0.005025126,0.005025126,3.859296482,3.948073702,0.050251256,18.65961199,0.043551089,11.1821366,0.046901173,12.456942,0.02680067,23.33218589,0.015075377,16.33163265,0.075376884,12.48550725,0.031825796,10.80795848,0.068676717,16.45683453,0.472361809,4.174603175,0.127303183,5.339731286,0.058626466,7.204626335,0.010050251,18.42978003,0.013400335,27.02886248,0.420435511,9.907514451,0.231155779,6.413943355,0.065326633,9.037634409,0.028475712,12.74482759,0.006700168,23.00168634,0.005025126,34.77609428,0.269681742,12.62155963,0.011725293,0,0.001675042,0.005025126,0,0,0.984924623,0,0,0,0,0,0,1,0.050251256,9.500881834,0.202680067,9.294117647,0.127303183,0.968174204,73,48,47,1,0,0.718592965,0.001675042,0.015075377,0.008375209,0.271356784,0.003448276,0.089655172,0.006896552,0.986206897,0.001724138,Unmetalled,4.479166667,0.961474037,0.281407035,0.001675042,0.130653266,0.030150754,0.123953099,8.051625239,0.008375209,80.50844595,0.011725293,46.19491525,0.016750419,17.9011925,0.068676717,8.940647482,0.656616415,10.06341463,0.058626466,54.75266904,0.016750419,26.58603066,0.018425461,27.8003413,0.020100503,23.65470085,0.038525963,17.33797909,0.569514238,13.17509728,0.365159129,20.10026385,0.033500838,25.63604853,0.530988275,13.43571429,0.311557789,21941,0.227805695,33671,0.48241206,0.306532663,0.036850921,0.239530988,0.088777219,0.326633166,0,0.001675042,0,0.011725293,0.006700168,0.018425461,0.058626466,0.58961474,0.018425461,26.10238908,0.172529313,25.44534413,0.025125628,14.45532646,0.110552764,7.139359699,0.001675042,0.005025126,0,0,0.993299832,0.001675042,0,0,0,0.998324958,0.001675042,0,0.008375209,0.003350084,0.988274707,2,1,2,0,2,2,2,0,0,0,0,0,0,0,570,7,0.008375209,0.638190955,0.351758794,0.001675042,0.048576214,0.073701843,0.001675042,0.876046901,0.991624791,0.001675042,0.006700168,0.355108878,0.644891122
KHYBER DISTRICT,KHYBER PAKHTUNKHWA,PESHAWAR DIVISION,0.973684211,0.01754386,0.00877193,0,0,704,0.695652174,0.119565217,0.010869565,0,0.695652174,0.043478261,0.130434783,0.304347826,0.184782609,0.097826087,0.25,0.195652174,0.206521739,0.510869565,0.010869565,0.010869565,0.078947368,120,95,64103,0,0,0,1,194.9649123,0.00877193,0.98245614,53,0.096491228,0.149122807,0.026315789,0.00877193,0.061403509,0.570175439,0.070175439,0.49122807,0.052631579,0.00877193,3.824561404,3.894736842,0.140350877,53.19387755,0.210526316,39.41111111,0.149122807,37.50515464,0.114035088,43.7029703,0.070175439,39.70754717,0.254385965,38.2,0.201754386,42.02197802,0.210526316,38.74444444,0.771929825,7.346153846,0.438596491,26.046875,0.280701754,40.86585366,0.035087719,43.9,0.052631579,49.19444444,0.535087719,31.66037736,0.48245614,35.40677966,0.210526316,39.48888889,0.105263158,52.01960784,0.035087719,54.42727273,0.035087719,53.08181818,0.289473684,40.22222222,0.105263158,0.00877193,0.035087719,0.00877193,0,0.00877193,0.885964912,0,0,0,0,0,0,1,0.201754386,40.18681319,0.342105263,30.8,0.289473684,0.885964912,29,1,2,1,0,0.912280702,0.00877193,0.026315789,0.052631579,0.052631579,0.036036036,0.153153153,0.045045045,0.954954955,0.009009009,Unmetalled,8.982758621,0.973684211,0.394736842,0.00877193,0.359649123,0.00877193,0.192982456,18.82608696,0.026315789,56.33333333,0.035087719,56.08181818,0.122807018,43.35,0.254385965,19.92941176,0.815789474,21.95238095,0.078947368,63.44761905,0.114035088,45.53465347,0.061403509,47.20560748,0.105263158,26.23529412,0.236842105,26.79310345,0.219298246,43.66292135,0.236842105,49.83908046,0.070175439,53.35849057,0.078947368,49.34285714,0.50877193,200226,0.49122807,365223,0.271929825,0.01754386,0.043859649,0.035087719,0.201754386,0.105263158,0,0.01754386,0,0.052631579,0,0.087719298,0.035087719,0.771929825,0.043859649,51.0733945,0.385964912,42.21428571,0.061403509,42.19626168,0.333333333,25.15789474,0.114035088,0.096491228,0.00877193,0.00877193,0.842105263,0.035087719,0.00877193,0,0,0.964912281,0,0.01754386,0.026315789,0.026315789,0.947368421,2,2,2,0,2,2,2,0,0,0,0,0,0,0,112,4,0.00877193,0.649122807,0.289473684,0.052631579,0,0.01754386,0.00877193,0.973684211,0.99122807,0.00877193,0,0.377192982,0.622807018
KURRAM DISTRICT,KHYBER PAKHTUNKHWA,KOHAT DIVISION,0.970684039,0.009771987,0,0,0.019543974,1211,0.809210526,0.486842105,0.006578947,0.003289474,0.809210526,0.009868421,0.279605263,0.552631579,0.055921053,0.082236842,0.078947368,0.434210526,0.279605263,0.575657895,0,0.013157895,0.003289474,3,1,500,0,0,0,1,178.7631579,0.016611296,0.953488372,2.714285714,0.219269103,0.11627907,0.003322259,0.003322259,0.03986711,0.551495017,0.112956811,0.644518272,0.029900332,0,3.873754153,3.943521595,0.043189369,24.52083333,0.079734219,18.40072202,0.066445183,28.5658363,0.056478405,35.66901408,0.049833887,18.95104895,0.043189369,21.0625,0.126245847,18.80608365,0.112956811,19.53558052,0.657807309,8.446601942,0.279069767,12.11981567,0.146179402,17.11673152,0.019933555,21.67118644,0.013289037,22.8013468,0.122923588,17.56818182,0.445182724,12.41916168,0.172757475,13.9437751,0.059800664,19.42402827,0.016611296,21.84459459,0.023255814,48.10544218,0.096345515,23.87867647,0.089700997,0,0.066445183,0.053156146,0.003322259,0.013289037,0.877076412,0.006644518,0,0,0,0.003322259,0.003322259,0.986710963,0.11627907,20.09022556,0.056478405,17.15140845,0.109634551,0.953488372,317,378,4,1,0,0.734219269,0.019933555,0.069767442,0.003322259,0.23255814,0.016778523,0.342281879,0.134228188,0.989932886,0.087248322,Metaled,10.94160584,0.860465116,0.372093023,0.013289037,0.265780731,0.122923588,0.049833887,18.17482517,0.003322259,129.4633333,0.006644518,122.9230769,0.023255814,32.03061224,0.093023256,11.9010989,0.777408638,21.73134328,0.139534884,63.15444015,0.016611296,23.31756757,0.019933555,27.69152542,0.013289037,22.81818182,0.049833887,18.24475524,0.518272425,29.55862069,0.106312292,29.05204461,0.069767442,45.20357143,0.089700997,59.66058394,0.627906977,572061,0.584717608,754839,0.49833887,0.096345515,0.083056478,0.093023256,0.368770764,0.099667774,0,0.03986711,0.003322259,0.176079734,0,0.003322259,0.033222591,0.681063123,0.026578073,25.18088737,0.149501661,24.29296875,0.026578073,22.30716724,0.189368771,8.508196721,0.029900332,0.016611296,0,0.003322259,0.953488372,0.009966777,0,0,0,0.990033223,0,0.003322259,0.026578073,0.019933555,0.96345515,2,1,2,0,2,2,2,0,0,0,0,0,0,0,304,3,0.029900332,0.707641196,0.255813953,0.006644518,0.056478405,0.026578073,0,0.916943522,0.983388704,0.009966777,0.006644518,0.322259136,0.677740864
MOHMAND DISTRICT,KHYBER PAKHTUNKHWA,PESHAWAR DIVISION,0.98630137,0,0,0,0.01369863,535,1,0,0,0.055555556,0.347222222,0.013888889,0.125,0.541666667,0.166666667,0.013888889,0.597222222,0,0.055555556,0.777777778,0.013888889,0.013888889,0.054794521,18,13,9500,0,0,0,1,195.2328767,0,0.945205479,5.75,0.01369863,0.410958904,0,0,0.02739726,0.863013699,0,0.082191781,0,0,3.821917808,3.945205479,0.219178082,27.26315789,0.410958904,14.58139535,0.232876712,21.33928571,0.054794521,26.65217391,0.178082192,21.23333333,0.109589041,27.96923077,0.205479452,26.53448276,0.219178082,28.47368421,0.931506849,21.8,0.479452055,12.42105263,0.301369863,19.45098039,0.04109589,24.51428571,0.01369863,45.34722222,0.465753425,16.66666667,0.684931507,15.04347826,0.315068493,14.7,0.164383562,34.67213115,0.01369863,40.44444444,0.02739726,46.43661972,0.178082192,20.73333333,0.04109589,0,0,0.01369863,0,0,0.945205479,0,0,0,0,0,0,1,0.301369863,22.07843137,0.465753425,17.28205128,0.465753425,0.753424658,463,9,1,1,0,0.712328767,0,0.01369863,0,0.287671233,0,0.246575342,0.123287671,0.97260274,0.01369863,Metaled,14.04761905,1,0.397260274,0.01369863,0.315068493,0,0.246575342,14.03636364,0,61.93150685,0,64.68493151,0.123287671,29.359375,0.410958904,13.95348837,0.712328767,18.28571429,0.191780822,41.57627119,0.02739726,29.63380282,0.02739726,45.69014085,0.01369863,48.22222222,0.136986301,24.11111111,0.821917808,24.84615385,0.123287671,31.640625,0.068493151,43.11764706,0.260273973,34.09259259,0.205479452,62793,0.178082192,65603,0.671232877,0.534246575,0.068493151,0.082191781,0.150684932,0.054794521,0,0.02739726,0,0,0,0.01369863,0.02739726,0.876712329,0.01369863,32.52777778,0.109589041,30.27692308,0.095890411,24.66666667,0.438356164,21.63414634,0.01369863,0.01369863,0,0,0.97260274,0,0,0,0,1,0,0.01369863,0.054794521,0,0.931506849,2,1,2,0,2,2,2,0,0,0,0,0,0,0,72,8,0.02739726,0.657534247,0.315068493,0,0.01369863,0.01369863,0.01369863,0.95890411,1,0,0,0.534246575,0.465753425
NORTH WAZIRISTAN DISTRICT,KHYBER PAKHTUNKHWA,BANNU DIVISION,0.976331361,0.01183432,0.01183432,0,0,491,0.845238095,0.273809524,0,0.029761905,0.80952381,0.005952381,0.291666667,0.553571429,0.101190476,0.267857143,0.125,0.613095238,0.196428571,0.291666667,0,0.071428571,0.023668639,4,2,1600,0,0,0,1,167.3668639,0,0.952662722,6.75,0.076923077,0.366863905,0,0,0.053254438,0.781065089,0.071005917,0.414201183,0.023668639,0.00591716,3.775147929,3.852071006,0.094674556,70.09150327,0.189349112,65.31386861,0.153846154,71.25874126,0.124260355,103.8108108,0.147928994,71.17361111,0.159763314,55.35915493,0.295857988,73.88235294,0.118343195,57.43624161,0.698224852,23.05882353,0.437869822,23.87368421,0.195266272,35.83823529,0.029585799,51.02439024,0.041420118,62.84567901,0.769230769,16.23076923,0.591715976,21.5942029,0.319526627,22.27826087,0.071005917,43.10191083,0.035502959,57.38650307,0.047337278,79.63354037,0.455621302,32.38043478,0.124260355,0,0.047337278,0.017751479,0,0.01183432,0.869822485,0,0,0.00591716,0,0,0,0.99408284,0.272189349,79.04065041,0.213017751,76.60150376,0.112426036,0.934911243,22,0,1,4,0,0.822485207,0.00591716,0.053254438,0.023668639,0.159763314,0.018181818,0.315151515,0.066666667,0.993939394,0.012121212,Unmetalled,22.90833333,0.976331361,0.698224852,0.017751479,0.106508876,0.01183432,0.24852071,56.19685039,0.017751479,120.9337349,0.023668639,133.4060606,0.053254438,139.53125,0.159763314,65.27464789,0.633136095,109.4516129,0.071005917,110.3121019,0.053254438,84.875,0.065088757,116.4493671,0.153846154,77.9020979,0.147928994,60.05555556,0.390532544,96.08737864,0.047337278,74.26086957,0.041420118,93.4382716,0.065088757,104.2341772,0.585798817,159936,0.449704142,139342,0.520710059,0.142011834,0.071005917,0,0.349112426,0,0,0.00591716,0,0.017751479,0.017751479,0.053254438,0.130177515,0.775147929,0.029585799,89.7804878,0.408284024,127.66,0.041420118,58.88271605,0.100591716,57.97368421,0.035502959,0,0,0.00591716,0.958579882,0.00591716,0,0,0.00591716,0.98816568,0.01183432,0,0.041420118,0.207100592,0.74556213,2,2,2,0,2,2,1,0,0,0,0,0,0,0,168,9,0,0.680473373,0.319526627,0,0.082840237,0.00591716,0.00591716,0.905325444,1,0,0,0.715976331,0.284023669
ORAKZAI DISTRICT,KHYBER PAKHTUNKHWA,KOHAT DIVISION,0.98630137,0,0.01369863,0,0,386,0.890410959,0.123287671,0,0.068493151,0.98630137,0.602739726,0.589041096,0.671232877,0.01369863,0.095890411,0.01369863,0.465753425,0.123287671,0.849315068,0,0.02739726,0,0,0,0,0,0,0,1,179.9315068,0,0.98630137,10,0.712328767,0.342465753,0,0,0.02739726,0.452054795,0.04109589,0.698630137,0.136986301,0.01369863,3.97260274,4,0.287671233,27.51923077,0.273972603,17.18867925,0.287671233,14.05769231,0.068493151,25.14705882,0.068493151,33.23529412,0.068493151,38.72058824,0.356164384,15.85106383,0.260273973,34.5,0.904109589,1.428571429,0.616438356,3.321428571,0.356164384,5.425531915,0.054794521,18,0.054794521,26.05797101,0.342465753,14.9375,0.767123288,4.882352941,0.369863014,6.934782609,0.136986301,11.07936508,0.01369863,30.94444444,0.02739726,59.02816901,0.109589041,51.98461538,0.095890411,0,0,0.01369863,0.01369863,0,0.876712329,0,0,0,0,0,0,1,0.410958904,6.813953488,0.082191781,11.92537313,0.95890411,0.890410959,16,0,0,1,0,0.342465753,0,0,0.178082192,0.479452055,0,0.095890411,0,1,0.01369863,Unmetalled,7.979166667,0.863013699,0.232876712,0.02739726,0.095890411,0.095890411,0.136986301,11.42857143,0.01369863,71.29166667,0.01369863,61.77777778,0.01369863,57.77777778,0.095890411,19.21212121,0.684931507,5.739130435,0.02739726,59.6056338,0.01369863,50.48611111,0,55.75342466,0.01369863,60.40277778,0.082191781,28.32835821,0.643835616,33.69230769,0.082191781,42.56716418,0.068493151,52.44117647,0.191780822,53.30508475,0.794520548,29483,0.767123288,43155,0.356164384,0.136986301,0.054794521,0,0.191780822,0,0,0.01369863,0,0,0,0,0,0.98630137,0.01369863,44.91666667,0.109589041,34.96923077,0.178082192,24.15,0.438356164,6,0.068493151,0.068493151,0,0,0.863013699,0,0.01369863,0,0,0.98630137,0,0,0,0.095890411,0.904109589,2,2,2,0,2,2,1,0,0,0,0,0,0,0,72,4,0.01369863,0.931506849,0.054794521,0,0.04109589,0.01369863,0,0.945205479,1,0,0,0.397260274,0.602739726
SOUTH WAZIRISTAN DISTRICT,KHYBER PAKHTUNKHWA,DERA ISMAIL KHAN DIVISION,0.978835979,0.007936508,0.013227513,0,0,926,0.909620991,0.029154519,0,0.005830904,0.909620991,0.008746356,0.472303207,0.586005831,0.002915452,0.005830904,0.250728863,0.539358601,0.335276968,0.311953353,0.008746356,0.017492711,0,0,0,0,0,0,0,1,243.452381,0.013227513,0.973544974,5,0.097883598,0.253968254,0.002645503,0,0.03968254,0.243386243,0.03968254,0.69047619,0.034391534,0.021164021,3.962962963,3.965608466,0.007936508,95.10133333,0.047619048,52.16388889,0.018518519,55.09433962,0.018518519,81.26145553,0.010582011,52.80481283,0.031746032,24.81967213,0.092592593,20.90379009,0.005291005,64.17553191,0.584656085,5.866242038,0.227513228,8.078767123,0.079365079,15.22413793,0.005291005,35.21010638,0,66.91005291,0.235449735,30.1384083,0.296296296,11.2593985,0.076719577,16.29226361,0.034391534,29.2109589,0.002645503,49.12997347,0,75.45238095,0.137566138,38.9601227,0.087301587,0,0.058201058,0.029100529,0,0,0.907407407,0,0,0,0,0,0,1,0.063492063,27.46892655,0.068783069,28.92329545,0.013227513,0.984126984,80,24,100,4,0,0.775132275,0,0.058201058,0.015873016,0.198412698,0,0,0.008,0.994666667,0.013333333,Unmetalled,9.006578947,0.96031746,0.185185185,0,0.010582011,0.034391534,0.066137566,19.39376771,0,143.6058201,0.007936508,67.664,0.013227513,48.43967828,0.076719577,21.14613181,0.560846561,14.89759036,0.03968254,105.1928375,0.018518519,41.33153639,0.03968254,46.26446281,0.052910053,48.03910615,0.087301587,23.88115942,0.452380952,32.74396135,0.002645503,104.1830239,0.002645503,114.9469496,0.037037037,103.9972527,0.791005291,223602,0.677248677,492891,0.306878307,0.03968254,0.142857143,0.005291005,0.17989418,0,0,0,0,0,0,0,0.055555556,0.994708995,0.005291005,79.53191489,0.243386243,47.03146853,0.010582011,27.00802139,0.044973545,25.7700831,0.005291005,0,0,0,0.994708995,0.002645503,0,0,0,0.997354497,0,0.002645503,0,0.005291005,0.992063492,2,2,2,0,2,2,2,0,0,0,0,0,0,0,372,8,0.005291005,0.96031746,0.029100529,0.005291005,0,0.007936508,0,0.992063492,0.986772487,0,0.013227513,0.685185185,0.314814815
ISLAMABAD DISTRICT,ISLAMABAD CAPITAL TERRITORY,FEDERAL CAPITAL AREA,0.323076923,0.528205128,0.107692308,0.041025641,0,529,0.990654206,0,0,0,0.934579439,0.074766355,0.018691589,0.037383178,0,0.009345794,0.112149533,0.018691589,0.028037383,0.981308411,0,0.018691589,0,0,0,0,0,0,0,0.577540107,99.27807487,0.222222222,0.972222222,1.666666667,0.026737968,0.556149733,0.010695187,0,0.005347594,0.342245989,0,0.032085561,0,0,2.907407407,3.444444444,0.240740741,5.5,0.222222222,5.75,0.185185185,6.443181818,0.12962963,9.074468085,0.101851852,9,0.425925926,8.016129032,0.203703704,7.26744186,0.240740741,6.829268293,0.759259259,2.615384615,0.490740741,4.181818182,0.333333333,4.708333333,0.055555556,10.28431373,0.037037037,12.83653846,0.416666667,9.793650794,0.703703704,2.65625,0.425925926,5.161290323,0.296296296,4.526315789,0.074074074,9.69,0.046296296,12.37864078,0.240740741,11.70731707,0.037037037,0.009259259,0.009259259,0.009259259,0,0,0.953703704,0,0,0,0,0,0,1,0.157407407,7.296703297,0.194444444,7.793103448,0.203703704,0.262032086,431,168,2,1,0,0.222222222,0,0.25,0.027777778,0.592592593,0.518518519,0.722222222,0.12037037,0.722222222,0.092592593,Metaled,2,0.49197861,0.56684492,0.395721925,0.347593583,0.422459893,0.388888889,7.984848485,0.018518519,17.48113208,0.018518519,17.1509434,0.166666667,8.522222222,0.277777778,6,0.768518519,4.72,0.333333333,6.819444444,0.064814815,10.7029703,0.027777778,20.21904762,0.046296296,19,0.28342246,7.909090909,0.561497326,18.66666667,0.320855615,6.583333333,0.35828877,6.634146341,0.556149733,4.5,0.069518717,2785,0.07486631,3504,0,0,0,0,0,0.213903743,0.010695187,0.363636364,0.010695187,0.026737968,0,0,0,0.22459893,0.212962963,6.682352941,0.37962963,8.343283582,0.314814815,5.054054054,0.166666667,7.855555556,0.053475936,0,0,0.010695187,0.513368984,0.032085561,0,0,0.005347594,0.540106952,0.027777778,0.027777778,0.037037037,0.027777778,0.907407407,2,2,2,0,2,2,2,0,0,0,0,0,0,0,195,1,0.805555556,0.009259259,0.185185185,0,0.37037037,0.444444444,0.046296296,0.138888889,0.777777778,0,0.222222222,0,1
BALTISTAN DISTRICT,GILGIT BALTISTAN,BALTISTAN DIVISION,0.97260274,0.02739726,0,0,0,373,0.98630137,0,0,0,0.438356164,0,0.178082192,0.712328767,0.04109589,0,0,0.97260274,0.136986301,0.01369863,0,0.01369863,0,0,0,0,0,0,0,1,385.6164384,0.04109589,1,0,0.410958904,0.109589041,0,0,0,0.054794521,0.123287671,0.904109589,0.04109589,0,3.97260274,3.191780822,0.273972603,29.03773585,0.534246575,15.79411765,0.397260274,48.43181818,0.136986301,52.14285714,0.287671233,22.23076923,0.109589041,55.06153846,0.479452055,10.42105263,0.589041096,15.96666667,0.945205479,2,0.671232877,8.333333333,0.287671233,44.32692308,0.054794521,59.33333333,0.04109589,58.92857143,0.123287671,31.859375,0.917808219,4,0.561643836,8.6875,0.150684932,30.59677419,0.054794521,56.72463768,0.068493151,56.77941176,0.068493151,46.69117647,0.273972603,0.054794521,0.287671233,0.342465753,0,0.082191781,0.506849315,0,0,0.01369863,0.02739726,0,0,0.97260274,0.397260274,12.38636364,0.164383562,38.01639344,0.643835616,0.931506849,0,3,40,1,0,0.260273973,0.136986301,0.273972603,0.01369863,0.643835616,0,0.328767123,0.438356164,1,0.01369863,Unmetalled,16.02173913,0.98630137,0.821917808,0.397260274,0.136986301,0,0.260273973,41.66666667,0.02739726,306.3802817,0.068493151,357.4705882,0.04109589,47.58571429,0.178082192,35.93333333,0.835616438,5.916666667,0.054794521,424.884058,0.068493151,271.4264706,0.04109589,313.7428571,0.054794521,268.1304348,0.287671233,16.17307692,0.287671233,45.82692308,0.767123288,38.82352941,0.287671233,42.40384615,0.260273973,31.92592593,0.95890411,42942,0.397260274,8902,0.315068493,0.068493151,0.260273973,0,0.054794521,0.835616438,0.931506849,0.424657534,0.780821918,0.082191781,0.246575342,0.561643836,0,0.01369863,0.04109589,39.51428571,0.876712329,29.33333333,0.232876712,11.57142857,0.191780822,11.86440678,0.150684932,0.767123288,0.054794521,0.068493151,0.178082192,0.082191781,0.123287671,0.01369863,0.01369863,0.849315068,0,0,0.095890411,0.04109589,0.904109589,2,1,2,0,2,2,2,2,1,0,0,0,0,0,73,1,0,0.520547945,0.479452055,0,0.02739726,0.01369863,0,0.95890411,0.95890411,0.02739726,0.01369863,0.109589041,0.890410959
GHANCHE DISTRICT,GILGIT BALTISTAN,BALTISTAN DIVISION,0.913793103,0.051724138,0,0,0.034482759,307,0.894736842,0.01754386,0,0,0.01754386,0.01754386,0.315789474,0.912280702,0.01754386,0.245614035,0,0.754385965,0.298245614,0.035087719,0,0,0.01754386,3,3,40,0,0,0,1,288.9824561,0.034482759,1,0,0.789473684,0,0,0,0,0,0.052631579,0.561403509,0,0,4,4,0.362068966,20.24324324,0.603448276,24.2173913,0.344827586,29.34210526,0.293103448,50.48780488,0.24137931,30.15909091,0.103448276,52,0.74137931,10.2,0.534482759,16.81481481,0.948275862,3.333333333,0.689655172,4.555555556,0.465517241,16.35483871,0.017241379,37.07017544,0.068965517,51.37037037,0.74137931,33.33333333,0.896551724,9.666666667,0.620689655,5.772727273,0.396551724,18.31428571,0.017241379,36.10526316,0.086206897,52.28301887,0.74137931,67.8,0.120689655,0.034482759,0.25862069,0.362068966,0,0.068965517,0.482758621,0,0,0.017241379,0.086206897,0,0,0.913793103,0.310344828,7.15,0.172413793,37.91666667,0.120689655,1,0,0,0,1,0,0.206896552,0.017241379,0,0,0.793103448,0.01754386,0.175438596,0.035087719,0.98245614,0,Unmetalled,4.586206897,0.701754386,0.964912281,0.192982456,0.052631579,0.035087719,0.473684211,26.36666667,0.01754386,468.1785714,0.315789474,241.3846154,0.157894737,38.02083333,0.122807018,36.76,0.912280702,29.2,0.228070175,96.29545455,0.052631579,499.8518519,0.175438596,538.4042553,0.070175439,171.490566,0.175438596,32.34042553,0.824561404,11.3,0.315789474,26.35897436,0.210526316,39.75555556,0.789473684,16.75,0.98245614,16597,0.035087719,29,0.649122807,0.140350877,0.561403509,0,0,0.403508772,0.350877193,0.01754386,0.421052632,0,0,0.01754386,0,0.50877193,0.052631579,46.25925926,0.701754386,65.05882353,0.350877193,8.459459459,0.228070175,9.431818182,0.245614035,0.122807018,0,0.122807018,0.561403509,0.01754386,0.035087719,0,0,0.947368421,0,0,0,0,1,2,1,2,0,2,2,2,2,1,0,0,0,0,0,58,2,0.017241379,0.25862069,0.724137931,0,0,0,0,1,0.965517241,0.034482759,0,0.034482759,0.965517241
ASTORE DISTRICT,GILGIT BALTISTAN,ASTORE DIVISION,0.844444444,0,0.022222222,0.133333333,0,200,0.955555556,0,0,0,0.333333333,0.022222222,0.066666667,0.844444444,0,0.288888889,0,0.822222222,0.266666667,0,0,0.044444444,0,0,0,0,0,0,0,1,240.4888889,0.044444444,1,0,0.466666667,0,0.022222222,0,0,0,0.488888889,0.488888889,0,0.044444444,3.955555556,4,0.355555556,25.75862069,0.488888889,25.95652174,0.311111111,28.35483871,0.155555556,42.31578947,0.2,21.02777778,0.177777778,24.35135135,0.666666667,16.46666667,0.333333333,24.3,0.955555556,6.5,0.622222222,15.29411765,0.444444444,40.56,0.088888889,45.80487805,0.066666667,106.8333333,0.688888889,42.28571429,0.844444444,11.14285714,0.533333333,13.66666667,0.266666667,36.24242424,0.066666667,52,0.044444444,109.8139535,0.666666667,39.86666667,0,0,0.022222222,0.022222222,0,0.044444444,0.911111111,0,0,0,0,0,0.022222222,0.977777778,0.377777778,15.14285714,0.022222222,25.5,0.044444444,1,0,0,0,1,0,0.6,0,0.088888889,0.044444444,0.266666667,0,0.377777778,0.022222222,0.955555556,0,Unmetalled,60.94285714,0.8,0.711111111,0.022222222,0.066666667,0,0.333333333,88.5,0.022222222,533.6136364,0.111111111,411.225,0.066666667,77.95238095,0.222222222,37.4,0.888888889,27,0.244444444,203.9705882,0,482.2444444,0.044444444,441.4186047,0.044444444,499.255814,0.133333333,29.02564103,0.666666667,69.73333333,0.2,36.58333333,0.088888889,33.17073171,0.555555556,47.8,0.777777778,28549,0.8,6875,0.222222222,0.022222222,0.066666667,0.133333333,0,0.022222222,0.088888889,0,0.022222222,0.022222222,0.022222222,0,0,0.911111111,0.022222222,41.47727273,0.622222222,32.94117647,0.333333333,21.76666667,0.266666667,15.90909091,0,0.022222222,0,0,0.977777778,0,0,0,0,1,0,0,0,0,1,2,2,2,0,2,0,1,0,0,0,0,0,0,0,45,2,0.066666667,0.4,0.533333333,0,0,0,0,1,0.955555556,0.044444444,0,0.177777778,0.822222222
DIAMIR DISTRICT,GILGIT BALTISTAN,ASTORE DIVISION,0.849557522,0.10619469,0.026548673,0,0.017699115,235,0.72972973,0.009009009,0.009009009,0.027027027,0.972972973,0.324324324,0.576576577,0.954954955,0.216216216,0.027027027,0,0.747747748,0.297297297,0.009009009,0.009009009,0.027027027,0.378378378,114,1,5466,0,0,0,1,212.1261261,0.081081081,0.990990991,7,0.18018018,0,0.009009009,0,0,0,0.576576577,0.783783784,0,0,3.918918919,3.990990991,0.171171171,64.16304348,0.261261261,15.09756098,0.306306306,45.11688312,0.207207207,107.3636364,0.153153153,37.32978723,0.207207207,60.93181818,0.468468468,7.220338983,0.252252252,41.34939759,0.783783784,3.041666667,0.36036036,5.549295775,0.198198198,13.21348315,0.054054054,40.9047619,0.144144144,85.65263158,0.63963964,7.5,0.486486486,25.59649123,0.288288288,58.64556962,0.216216216,70.63218391,0.171171171,92.91304348,0.234234234,152.4941176,0.486486486,93.35087719,0.171171171,0,0.153153153,0.198198198,0,0.027027027,0.747747748,0,0,0,0,0,0,1,0.234234234,6.588235294,0.189189189,45.53333333,0.063063063,0.954954955,1,0,5,1,0,0.630630631,0.009009009,0.099099099,0.036036036,0.333333333,0,0.081081081,0.009009009,0.981981982,0.027027027,Unmetalled,9.369047619,0.90990991,0.189189189,0.009009009,0.036036036,0.063063063,0.477477477,9.913793103,0.108108108,221.1010101,0.171171171,257.2391304,0.099099099,93.35,0.144144144,30.12631579,0.855855856,8.5625,0.153153153,172.6595745,0.126126126,205.7216495,0.225225225,290.1395349,0.216216216,279.0344828,0.27027027,23.0617284,0.225225225,28.29069767,0.612612613,32.53488372,0.234234234,132,0.207207207,73.92045455,0.81981982,87543,0.792792793,75355,0.27027027,0.027027027,0.261261261,0.018018018,0,0.18018018,0.198198198,0,0,0,0,0,0.009009009,0.783783784,0.036036036,64.51401869,0.693693694,180.4117647,0.072072072,24.61165049,0.144144144,9.810526316,0.027027027,0.018018018,0,0,0.954954955,0,0,0,0,1,0,0,0.009009009,0,0.990990991,2,1,2,0,2,0,2,0,0,0,0,0,0,0,113,2,0.018018018,0.756756757,0.216216216,0.009009009,0.027027027,0,0,0.972972973,0.918918919,0.081081081,0,0.369369369,0.630630631
GHIZER DISTRICT,GILGIT BALTISTAN,GILGIT DIVISION,0.942857143,0.047619048,0.00952381,0,0,377,0.942857143,0.00952381,0,0.00952381,0.923809524,0.085714286,0.428571429,0.552380952,0.019047619,0.171428571,0.019047619,0.828571429,0.152380952,0.028571429,0,0.00952381,0,0,0,0,0,0,0,1,232.2571429,0.076190476,1,0,0.514285714,0,0,0,0,0.047619048,0.180952381,0.580952381,0.00952381,0.171428571,4,3.980952381,0.152380952,37.28089888,0.314285714,29.38888889,0.447619048,8.25862069,0.142857143,13.72222222,0.238095238,8.375,0.076190476,25.86597938,0.542857143,10.25,0.295238095,11.36486486,0.857142857,2.333333333,0.533333333,5.428571429,0.238095238,8.1375,0.066666667,14.36734694,0.047619048,33.58,0.361904762,16.01492537,0.828571429,6.388888889,0.533333333,5.632653061,0.266666667,8.181818182,0.076190476,14.3814433,0.085714286,33.95833333,0.333333333,19.94285714,0.00952381,0,0.314285714,0.085714286,0,0.114285714,0.580952381,0,0,0,0,0,0,1,0.142857143,8.788888889,0.161904762,16.65909091,0.085714286,0.80952381,80,1,39,1,0,0.352380952,0.00952381,0.142857143,0.019047619,0.552380952,0.038095238,0.761904762,0.333333333,0.952380952,0,Metaled,9.069767442,0.857142857,0.628571429,0.60952381,0.133333333,0.00952381,0.39047619,11.953125,0.038095238,277.009901,0.028571429,346.5490196,0.057142857,23.52525253,0.561904762,18.95652174,0.885714286,10.5,0.733333333,22.78571429,0.028571429,104.2647059,0.142857143,340.4777778,0.019047619,90.59223301,0.142857143,16.28888889,0.8,17.80952381,0.314285714,23.625,0.238095238,44.6375,0.714285714,24.83333333,0.542857143,15897,0.285714286,4101,0.523809524,0.019047619,0.152380952,0.457142857,0.019047619,0.047619048,0.104761905,0.019047619,0.066666667,0.019047619,0.00952381,0,0,0.904761905,0.047619048,50.59,0.685714286,12.09090909,0.228571429,9.12345679,0.095238095,9.863157895,0.266666667,0.352380952,0.019047619,0.028571429,0.533333333,0.171428571,0.238095238,0.00952381,0.028571429,0.638095238,0,0,0.104761905,0.171428571,0.79047619,2,1,2,0,2,2,2,2,0,0,0,0,0,0,105,3,0.2,0.095238095,0.676190476,0.028571429,0,0.028571429,0.028571429,0.942857143,0.923809524,0.076190476,0,0.066666667,0.933333333
GILGIT DISTRICT,GILGIT BALTISTAN,GILGIT DIVISION,0.79245283,0.169811321,0.037735849,0,0,139,0.962264151,0,0,0,0.924528302,0.018867925,0.867924528,0.943396226,0.566037736,0.056603774,0.056603774,0.471698113,0.113207547,0,0,0.018867925,0.094339623,20,14,17000,0,0,0,1,257.0754717,0.283018868,1,0,0.660377358,0.132075472,0.226415094,0,0.056603774,0.169811321,0.320754717,0.58490566,0,0.018867925,3.830188679,4,0.509433962,31.15384615,0.566037736,23.39130435,0.471698113,20.07142857,0.339622642,32.68571429,0.264150943,25.43589744,0.20754717,26.64285714,0.716981132,19.53333333,0.433962264,27.13333333,0.962264151,15.5,0.698113208,13.5625,0.433962264,12.56666667,0.132075472,32,0.169811321,36.63636364,0.660377358,21.11111111,0.867924528,19,0.679245283,14.52941176,0.377358491,16.60606061,0.245283019,28.575,0.226415094,37.65853659,0.566037736,31.52173913,0.113207547,0.037735849,0.264150943,0.301886792,0,0.094339623,0.603773585,0,0,0,0.018867925,0,0,0.981132075,0.509433962,18.57692308,0.20754717,24.64285714,0.264150943,0.754716981,9,8,5,1,0,0.226415094,0.018867925,0.150943396,0.037735849,0.660377358,0.018867925,0.641509434,0.509433962,0.981132075,0,Metaled,19.625,0.867924528,0.622641509,0.528301887,0.358490566,0.037735849,0.471698113,19.28571429,0.113207547,32.61702128,0.188679245,114.9302326,0.113207547,35.42553191,0.377358491,20,0.79245283,22.81818182,0.509433962,32.80769231,0.037735849,34.66666667,0.20754717,102.8333333,0.188679245,45.53488372,0.245283019,24.675,0.830188679,17,0.339622642,33.45714286,0.433962264,33.13333333,0.773584906,17.33333333,0.377358491,22901,0.358490566,8437,0.339622642,0,0.150943396,0.20754717,0.150943396,0.358490566,0.471698113,0.094339623,0.075471698,0.150943396,0.037735849,0.094339623,0,0.433962264,0.075471698,26.67346939,0.905660377,18.8,0.301886792,15.2972973,0.339622642,13.17142857,0.283018868,0.339622642,0,0.037735849,0.566037736,0.113207547,0.113207547,0,0.018867925,0.830188679,0,0.018867925,0.132075472,0.150943396,0.79245283,2,1,2,0,2,0,2,2,1,0,0,0,0,0,53,1,0.132075472,0.283018868,0.58490566,0,0.037735849,0.018867925,0,0.943396226,0.716981132,0.283018868,0,0.20754717,0.79245283
HUNZA DISTRICT,GILGIT BALTISTAN,GILGIT DIVISION,0.891304348,0,0.086956522,0,0.02173913,132,0.8,0,0,0,0.355555556,0,0.777777778,0.977777778,0,0,0,1,0.044444444,0,0,0,0,0,0,0,0,0,0,1,2955.133333,0.177777778,1,0,0.355555556,0,0.066666667,0,0,0,0,0.733333333,0,0.044444444,3.933333333,3.644444444,0.466666667,12.08333333,0.422222222,11.34615385,0.311111111,8.935483871,0.333333333,17.63333333,0.244444444,9.647058824,0.2,34.08333333,0.511111111,9.272727273,0.355555556,39.65517241,0.866666667,5.5,0.711111111,9.615384615,0.311111111,43.25806452,0.177777778,45.16216216,0.222222222,71.42857143,0.733333333,12.91666667,0.822222222,5.125,0.688888889,10.57142857,0.333333333,42.13333333,0.222222222,41.05714286,0.222222222,71.71428571,0.711111111,20,0.244444444,0.044444444,0.244444444,0.444444444,0,0,0.466666667,0.066666667,0.044444444,0.088888889,0.133333333,0,0,0.844444444,0.2,7.555555556,0.133333333,16.38461538,0,1,0,0,0,1,0,0.488888889,0.111111111,0.111111111,0,0.422222222,0.044444444,0.711111111,0.044444444,0.977777778,0.022222222,Unmetalled,16.85185185,0.577777778,0.844444444,0.444444444,0.244444444,0.133333333,0.266666667,18.72727273,0.088888889,372.2682927,0.111111111,227.1,0.111111111,33.775,0.088888889,15.7804878,0.8,10,0.311111111,17.77419355,0.066666667,177.047619,0.222222222,131.4571429,0.266666667,113.1212121,0.2,46.47222222,0.8,24.66666667,0.355555556,26.31034483,0.377777778,29.46428571,0.666666667,21.73333333,0.511111111,12652,0.044444444,1000,0.4,0.044444444,0.177777778,0.022222222,0.222222222,0.466666667,0.444444444,0.088888889,0.444444444,0.088888889,0.222222222,0.022222222,0,0.444444444,0.044444444,17.58139535,0.511111111,16.13636364,0.222222222,9.657142857,0.111111111,16.675,0.244444444,0.711111111,0,0.111111111,0.222222222,0.222222222,0.688888889,0,0.111111111,0.244444444,0,0.022222222,0.022222222,0.044444444,0.911111111,2,1,2,0,2,2,2,2,1,0,0,0,0,2,46,2,0.355555556,0.422222222,0.222222222,0,0.044444444,0,0,0.955555556,0.822222222,0.177777778,0,0,1
KHARMANG DISTRICT,GILGIT BALTISTAN,BALTISTAN DIVISION,0.976190476,0,0,0,0.023809524,236,0.976190476,0,0,0,0,0,0.166666667,0.69047619,0,0,0,0.952380952,0.023809524,0,0,0.023809524,0,0,0,0,0,0,0,1,695.0714286,0,1,0,0.87804878,0,0,0,0,0,0,0.414634146,0,0.024390244,4,4,0.219512195,19.15625,0.390243902,21.72,0.463414634,13.59090909,0.146341463,47.51428571,0.170731707,27.23529412,0.097560976,49.45945946,0.829268293,5.714285714,0.463414634,43.13636364,0.975609756,2,0.609756098,4.9375,0.170731707,13.41176471,0.024390244,35.05,0.024390244,92.525,0.87804878,8.2,0.87804878,2.2,0.56097561,7.722222222,0.146341463,16.82857143,0.048780488,41.15384615,0.024390244,92.525,0.853658537,16.66666667,0,0,0.024390244,0.024390244,0,0,0.975609756,0,0,0,0,0,0,1,0.292682927,9.586206897,0,77.41463415,0,1,0,0,0,1,0,0,0,0,0,1,0,0,0,1,0,Unmetalled,9.681818182,0.512195122,0.243902439,0.487804878,0.073170732,0.024390244,0.536585366,10.89473684,0.024390244,92.475,0.487804878,21.76190476,0,91.85365854,0.024390244,44.1,0.975609756,2,0.048780488,91.25641026,0,173.804878,0.048780488,133,0.024390244,90.5,0.292682927,17.27586207,0.512195122,11.55,0.268292683,25.16666667,0.292682927,31.89655172,0.487804878,11.23809524,0,0,0,0,0.341463415,0,0.317073171,0.024390244,0,0,0.048780488,0,0.024390244,0,0,0,0,0.951219512,0.024390244,51.85,0.487804878,72.42857143,0.268292683,7.266666667,0.073170732,13.26315789,0.073170732,0.024390244,0,0,0.902439024,0.024390244,0,0,0,0.975609756,0,0,0,0,1,2,1,2,0,2,2,2,2,2,0,0,0,0,0,42,1,0,1,0,0,0.024390244,0,0,0.975609756,1,0,0,1,0
SHIGAR DISTRICT,GILGIT BALTISTAN,BALTISTAN DIVISION,1,0,0,0,0,208,1,0,0,0,0.01754386,0,0.140350877,0.789473684,0.245614035,0.01754386,0,0.789473684,0.035087719,0,0,0,0,0,0,0,0,0,0,1,131.2280702,0,1,0,0.701754386,0.035087719,0.01754386,0,0,0.122807018,0.140350877,0.596491228,0,0.01754386,4,4,0.087719298,45.55769231,0.228070175,50.68181818,0.052631579,39.66666667,0.175438596,38.23404255,0.01754386,51.19642857,0.01754386,63.30357143,0.315789474,19.35897436,0.245614035,37.39534884,0.929824561,1.75,0.438596491,5.46875,0.175438596,11.19148936,0.01754386,43.30357143,0,66.77192982,0.298245614,30.875,0.807017544,3.454545455,0.385964912,6.542857143,0.157894737,12.89583333,0.01754386,42.96428571,0.035087719,68.69090909,0.263157895,53.04761905,0,0,0.01754386,0.01754386,0,0,0.98245614,0,0,0,0,0,0,1,0.140350877,25.93877551,0.035087719,50.49090909,0.087719298,0.98245614,0,2,0,1,0,0.035087719,0,0,0,0.964912281,0,0,0,1,0,Unmetalled,37.11627907,0.964912281,0.789473684,0.035087719,0.122807018,0.01754386,0.210526316,48.86666667,0.035087719,68.23636364,0,75.84210526,0.052631579,58.55555556,0.087719298,64,0.859649123,7.25,0.035087719,53.49090909,0,77.59649123,0,78.47368421,0,66.64912281,0.210526316,39.64444444,0.719298246,10.5,0.087719298,45.59615385,0.105263158,48.8627451,0.578947368,35.83333333,0.789473684,14777,0.052631579,2402,0.578947368,0.087719298,0.421052632,0,0.140350877,0.122807018,0.140350877,0,0.140350877,0.01754386,0,0,0,0.842105263,0.01754386,46.89285714,0.210526316,31.48888889,0.175438596,10.34042553,0.087719298,13.71153846,0.070175439,0.087719298,0,0,0.859649123,0.01754386,0,0,0,0.98245614,0,0,0.01754386,0,0.98245614,2,1,0,0,0,0,2,0,1,0,0,0,0,0,57,1,0,1,0,0,0,0,0,1,1,0,0,0.01754386,0.98245614
BHIMBER DISTRICT,AZAD JAMMU AND KASHMIR,MIRPUR DIVISION,0.845794393,0.03271028,0.03271028,0.004672897,0.08411215,1219,1,0.184615385,0.005128205,0.133333333,0.507692308,0.323076923,0.015384615,0.138461538,0.025641026,0,0.425641026,0.01025641,0.015384615,0.892307692,0,0.01025641,0.01025641,9,9,2800,0,0,0,1,177.8307692,0.056410256,0.979487179,64.25,0.112820513,0.984615385,0.015384615,0,0.020512821,0.230769231,0.01025641,0.061538462,0.025641026,0,3.38974359,3.846153846,0.21025641,12.92207792,0.297435897,5.481751825,0.2,6.41025641,0.087179487,14.9494382,0.087179487,12.35393258,0.133333333,10.02366864,0.251282051,6.431506849,0.476923077,7.509803922,0.882051282,2,0.487179487,3.13,0.230769231,4.78,0.066666667,8.989010989,0.015384615,16.5,0.261538462,6.152777778,0.866666667,2.269230769,0.492307692,3.313131313,0.292307692,4.427536232,0.061538462,10.15846995,0.025641026,14.85263158,0.143589744,9.053892216,0.030769231,0.005128205,0.01025641,0.005128205,0.005128205,0,0.969230769,0.005128205,0.005128205,0.005128205,0.005128205,0.005128205,0,0.994871795,0.225641026,5.119205298,0.18974359,8.132911392,0.523076923,0.702564103,56,84,22,1,0,0.656410256,0.020512821,0.415384615,0.051282051,0.261538462,0.020512821,0.743589744,0.046153846,0.984615385,0.005128205,Metaled,2.588235294,0.538461538,0.938461538,0.358974359,0.379487179,0.01025641,0.158974359,7.048780488,0,47.46153846,0.005128205,41.2371134,0.056410256,13.08152174,0.251282051,6.863013699,0.784615385,4.666666667,0.235897436,25.67785235,0.005128205,34.62886598,0.015384615,38.34895833,0.035897436,20,0.097435897,8.659090909,0.897435897,11.4,0.241025641,11.58783784,0.317948718,11.45112782,0.912820513,14.05882353,0.076923077,6257,0.282051282,45774,0.179487179,0.056410256,0,0.107692308,0.015384615,0.38974359,0.005128205,0.215384615,0,0.071794872,0.025641026,0.015384615,0,0.543589744,0.133333333,8.562130178,0.102564103,24.45714286,0.21025641,5.850649351,0.046153846,10.11290323,0.056410256,0.01025641,0,0,0.938461538,0.020512821,0,0,0,0.979487179,0.005128205,0.01025641,0.102564103,0.138461538,0.753846154,2,1,2,0,2,2,2,2,2,0,0,0,0,0,210,3,0.466666667,0.005128205,0.528205128,0,0.369230769,0.220512821,0.076923077,0.333333333,0.943589744,0.030769231,0.025641026,0.005128205,0.994871795
KOTLI DISTRICT,AZAD JAMMU AND KASHMIR,MIRPUR DIVISION,0.91025641,0.051282051,0.038461538,0,0,1292,0.991452991,0.034188034,0,0,1,0.021367521,0.094017094,0.521367521,0,0,0.008547009,0.068376068,0.05982906,0.974358974,0.004273504,0.008547009,0,0,0,0,0,0,0,1,140.491453,0.072649573,0.995726496,1,0.081196581,0.829059829,0,0,0.012820513,0.670940171,0,0.636752137,0.021367521,0.008547009,3.790598291,3.931623932,0.136752137,8.366336634,0.260683761,5.49132948,0.192307692,7.195767196,0.098290598,15.1042654,0.123931624,9.219512195,0.094017094,9.391509434,0.316239316,5.98125,0.264957265,8.552325581,0.841880342,2.216216216,0.521367521,3.223214286,0.363247863,3.993288591,0.102564103,8.376190476,0.025641026,17.79824561,0.123931624,21.18536585,0.803418803,2.413043478,0.461538462,3.698412698,0.341880342,4.88961039,0.123931624,8.414634146,0.042735043,16.40625,0.068376068,19.69266055,0.179487179,0.004273504,0.008547009,0.11965812,0.004273504,0,0.764957265,0.004273504,0,0,0,0,0.004273504,0.991452991,0.217948718,6.50273224,0.183760684,7.565445026,0.487179487,0.820512821,94,59,12,1,0,0.012820513,0,0.495726496,0.329059829,0.35042735,0.008547009,0.730769231,0.051282051,0.982905983,0.004273504,Metaled,3.8,0.705128205,0.987179487,0.581196581,0.431623932,0,0.401709402,5.564285714,0,142.6025641,0.004273504,139.5579399,0.102564103,19.89047619,0.183760684,6.759162304,0.948717949,9,0.286324786,69.32934132,0.025641026,16.48245614,0.008547009,132.2025862,0.004273504,131.9742489,0.175213675,10.22279793,0.978632479,56.6,0.329059829,10.19745223,0.397435897,22.53191489,0.978632479,8.6,0.068376068,478,0.64957265,142796,0.021367521,0,0.004273504,0,0.017094017,0.632478632,0.004273504,0.247863248,0.047008547,0.05982906,0.179487179,0.153846154,0.106837607,0.196581197,0.196581197,9.319148936,0.35042735,33.24342105,0.235042735,6.189944134,0.076923077,8.828703704,0.051282051,0.004273504,0,0,0.948717949,0.025641026,0.004273504,0,0,0.974358974,0,0,0.038461538,0.012820513,0.948717949,2,2,2,0,2,2,2,2,0,0,0,0,0,0,227,6,0.461538462,0,0.538461538,0,0.085470085,0.068376068,0.008547009,0.837606838,0.927350427,0.042735043,0.02991453,0.042735043,0.957264957
MIRPUR DISTRICT,AZAD JAMMU AND KASHMIR,MIRPUR DIVISION,0.75708502,0.157894737,0.048582996,0,0.036437247,897,1,0.181434599,0,0,0.523206751,0.025316456,0.004219409,0.312236287,0.206751055,0.008438819,0.194092827,0.004219409,0,0.789029536,0.181434599,0.008438819,0.109243697,27,27,19029,0,0,0,1,168.2352941,0.121848739,0.995798319,1,0.218487395,0.903361345,0.033613445,0,0,0.31512605,0,0,0,0,2.819327731,3.210084034,0.117647059,5.971428571,0.226890756,4.614130435,0.155462185,5.52238806,0.113445378,7.559241706,0.075630252,6.736363636,0.121848739,6.980861244,0.193277311,5.458333333,0.222689076,5.956756757,0.592436975,1.628865979,0.331932773,2.408805031,0.201680672,3.889473684,0.037815126,8.104803493,0.021008403,14.527897,0.268907563,5.775862069,0.617647059,1.791208791,0.352941176,2.350649351,0.214285714,3.764705882,0.067226891,7.13963964,0.037815126,11.44104803,0.109243697,7.127358491,0.058823529,0,0.008403361,0.021008403,0.008403361,0,0.932773109,0.004201681,0,0,0.004201681,0,0,0.995798319,0.142857143,4.455882353,0.163865546,5.331658291,0.457983193,0.638655462,169,187,19,1,0,0.029411765,0.033613445,0.588235294,0.050420168,0.357142857,0.042016807,0.907563025,0.075630252,0.886554622,0.004201681,Metaled,3.2,0.424369748,0.983193277,0.668067227,0.529411765,0.008403361,0.357142857,5.503267974,0.012605042,42.65531915,0.012605042,47.87234043,0.058823529,17.84821429,0.147058824,5.21182266,0.521008403,3.763157895,0.121848739,22.12440191,0.025210084,17.78448276,0.012605042,46.01702128,0.021008403,36.99141631,0.134453782,7.067961165,0.987394958,10.33333333,0.445378151,7.803030303,0.516806723,7.434782609,0.953781513,5.363636364,0.012605042,20,0.025210084,1081,0.609243697,0,0,0.609243697,0,0.121848739,0,0.155462185,0.004201681,0.004201681,0.004201681,0.012605042,0.008403361,0.760504202,0.226890756,5.043478261,0.672268908,7.756410256,0.138655462,4.580487805,0.06302521,7.01793722,0.037815126,0.008403361,0,0.004201681,0.953781513,0.008403361,0.004201681,0,0.004201681,0.987394958,0.012605042,0.016806723,0.016806723,0.021008403,0.945378151,2,1,2,0,2,2,2,2,0,0,0,0,2,0,244,2,0.781512605,0.021008403,0.193277311,0.004201681,0.441176471,0.390756303,0.088235294,0.079831933,0.878151261,0.088235294,0.033613445,0.004201681,0.995798319
HATTIAN BALA DISTRICT,AZAD JAMMU AND KASHMIR,MUZAFARABAD DIVISION,0.904191617,0.077844311,0,0,0.017964072,535,0.707317073,0.097560976,0.006097561,0.085365854,0.865853659,0.115853659,0.054878049,0.304878049,0.018292683,0,0,0.115853659,0.262195122,0.87195122,0.018292683,0,0,0,0,0,0,0,0,1,207.1646341,0.024390244,0.993902439,50,0.048780488,0.006097561,0.006097561,0,0,0,0.012195122,0.963414634,0.006097561,0,3.93902439,3.920731707,0.115853659,9.793103448,0.134146341,7.014084507,0.073170732,10.85526316,0.06097561,23.33766234,0.036585366,17.08227848,0.030487805,22.26415094,0.170731707,7.647058824,0.12804878,15.76223776,0.835365854,1.925925926,0.426829268,3.372340426,0.207317073,3.846153846,0.030487805,9.79245283,0.054878049,22.77419355,0.109756098,15.62328767,0.792682927,2.352941176,0.292682927,3.646551724,0.146341463,4.521428571,0.030487805,9.559748428,0.054878049,23.33548387,0.048780488,17.88461538,0.067073171,0,0,0.006097561,0,0,0.932926829,0,0,0,0,0,0,1,0.085365854,7.353333333,0.073170732,14.77631579,0.079268293,0.804878049,86,3,1,1,0,0.006097561,0,0.024390244,0.103658537,0.87195122,0.012195122,0.06097561,0.030487805,0.981707317,0.012195122,Metaled,5.785714286,0.865853659,0.926829268,0.073170732,0.048780488,0,0.182926829,7.119402985,0,176.2621951,0.012195122,75.88888889,0.006097561,72.74233129,0.054878049,19.05806452,0.798780488,6.272727273,0.006097561,63.34969325,0.079268293,83.83443709,0.073170732,111.8684211,0.048780488,94.21794872,0.109756098,9.445205479,0.786585366,8.8,0.140243902,14.58865248,0.115853659,23.04827586,0.591463415,12.37313433,0.81097561,4989,0.018292683,508,0.103658537,0,0,0,0.103658537,0.713414634,0.109756098,0.298780488,0.286585366,0.006097561,0,0.079268293,0.006097561,0.146341463,0.018292683,19.37888199,0.018292683,156.5652174,0.048780488,7.743589744,0.030487805,8.628930818,0.006097561,0.006097561,0,0,0.987804878,0,0,0,0.006097561,0.993902439,0,0,0.012195122,0,0.987804878,2,2,2,0,2,2,2,2,0,0,0,0,0,0,165,3,0.097560976,0.140243902,0.75,0.012195122,0.006097561,0.030487805,0.012195122,0.951219512,0.975609756,0.012195122,0.012195122,0.006097561,0.993902439
MUZAFFARABAD DISTRICT,AZAD JAMMU AND KASHMIR,MUZAFARABAD DIVISION,0.896634615,0.086538462,0.014423077,0,0.002403846,1760,0.905569007,0.072639225,0,0.002421308,0.98062954,0.147699758,0.140435835,0.462469734,0.012106538,0,0.01937046,0.11622276,0.263922518,0.85472155,0,0.024213075,0.009615385,5,0,0,0,0,0,1,175.8317308,0.103365385,0.997596154,1,0.490384615,0.016826923,0.036057692,0.002403846,0.004807692,0.055288462,0.014423077,0.894230769,0.002403846,0.004807692,3.826923077,3.846153846,0.125,11.14285714,0.151442308,9.218130312,0.129807692,9.696132597,0.052884615,14.79187817,0.079326923,12.67101828,0.081730769,14.04712042,0.141826923,10.89915966,0.1875,12.07988166,0.858173077,2.762711864,0.403846154,4.358870968,0.235576923,5.034591195,0.038461538,10.69,0.028846154,21.0990099,0.276442308,16.9269103,0.764423077,3.43877551,0.346153846,4.588235294,0.206730769,5.887878788,0.048076923,11.51010101,0.03125,20.76426799,0.233173077,18.50470219,0.026442308,0.002403846,0.009615385,0.024038462,0.002403846,0.007211538,0.966346154,0,0,0,0,0,0.004807692,0.995192308,0.117788462,9.449591281,0.122596154,11.91780822,0.228365385,0.822115385,231,37,2,1,0,0.084134615,0.004807692,0.072115385,0,0.870192308,0.009638554,0.448192771,0.028915663,0.951807229,0.009638554,Metaled,4.261363636,0.625,0.949519231,0.216346154,0.259615385,0.009615385,0.266826923,9.57704918,0.028846154,73.07920792,0.028846154,62.36633663,0.03125,24.94044665,0.072115385,13.71502591,0.814903846,10.31168831,0.137019231,24.46796657,0.024038462,37.45320197,0.036057692,66.9276808,0.045673077,27.40806045,0.100961538,15.6684492,0.96875,14,0.122596154,18.38082192,0.223557692,16.92260062,0.867788462,11.94545455,0.8125,15224,0.1875,4916,0.038461538,0.03125,0,0.004807692,0.002403846,0.831730769,0.055288462,0.055288462,0.103365385,0.043269231,0.057692308,0.021634615,0.007211538,0.125,0.043269231,17.87688442,0.189903846,40.53115727,0.079326923,9.603133159,0.060096154,10.61381074,0.026442308,0.028846154,0.002403846,0.002403846,0.947115385,0.007211538,0.004807692,0,0,0.987980769,0,0,0,0.004819277,0.995180723,2,2,2,0,2,2,2,2,0,0,0,0,0,0,400,2,0.454326923,0.021634615,0.512019231,0.012019231,0.086746988,0.009638554,0.009638554,0.893975904,0.896634615,0.045673077,0.057692308,0.036144578,0.963855422
NEELUM DISTRICT,AZAD JAMMU AND KASHMIR,MUZAFARABAD DIVISION,0.943181818,0.045454545,0,0,0.011363636,369,0.056818182,0.011363636,0,0,1,0,0.170454545,0.147727273,0,0,0,0.102272727,0.670454545,0.863636364,0.034090909,0,0,0,0,0,0,0,0,1,63.23863636,0.022727273,1,0,0.147727273,0,0.011363636,0,0,0.034090909,0,0.965909091,0,0,4,4,0.193181818,13.36619718,0.272727273,5.296875,0.193181818,15.92957746,0.022727273,73.41860465,0.079545455,16.72839506,0.045454545,51.11904762,0.340909091,9.293103448,0.443181818,23.2244898,0.943181818,1.6,0.534090909,2.975609756,0.306818182,3.655737705,0.102272727,10.20253165,0.056818182,34.26506024,0.511363636,21.58139535,0.897727273,1.777777778,0.465909091,3.574468085,0.272727273,4.765625,0.102272727,10.55696203,0.045454545,34.21428571,0.454545455,29.08333333,0.011363636,0,0,0.034090909,0.034090909,0,0.954545455,0,0,0,0,0,0,1,0.159090909,8.864864865,0.079545455,33.45679012,0.306818182,1,0,0,0,1,0,0.011363636,0,0,0.079545455,0.909090909,0,0,0,1,0,Unmetalled,16.46808511,0.965909091,0.715909091,0.090909091,0.147727273,0,0.340909091,3.982758621,0.056818182,128.2771084,0,155.9772727,0,100.125,0.090909091,27.6,0.829545455,58.06666667,0.022727273,156.1744186,0.011363636,120.3333333,0.011363636,104.1724138,0.022727273,112.744186,0.227272727,16.23529412,0.647727273,5.161290323,0.170454545,21.71232877,0.136363636,16.35526316,0.636363636,5.3125,0.056818182,969,0.011363636,50,0.670454545,0,0.056818182,0.022727273,0.636363636,0.090909091,0,0.011363636,0,0,0.113636364,0.022727273,0,0.829545455,0.045454545,65.6547619,0.125,188.5454545,0.227272727,4.573529412,0.068181818,7.073170732,0.011363636,0.034090909,0.011363636,0,0.965909091,0.011363636,0.034090909,0.011363636,0,0.965909091,0,0,0,0,1,2,0,0,0,2,2,2,2,0,0,0,0,0,0,88,2,0,0.693181818,0.306818182,0,0.011363636,0,0,0.988636364,0.977272727,0.022727273,0,0.034090909,0.965909091
BAGH DISTRICT,AZAD JAMMU AND KASHMIR,RAWALAKOT DIVISION,0.914285714,0.057142857,0.021428571,0,0.007142857,739,0.784172662,0.007194245,0,0,0.985611511,0.014388489,0.172661871,0.503597122,0,0,0,0.014388489,0.446043165,0.856115108,0,0.028776978,0,0,0,0,0,0,0,1,156,0.085714286,1,0,0.264285714,0.007142857,0,0,0.007142857,0.307142857,0,0.792857143,0.014285714,0.007142857,3.678571429,3.778571429,0.192857143,9.424778761,0.242857143,6.575471698,0.25,7.657142857,0.114285714,11.77419355,0.121428571,8.886178862,0.114285714,9.814516129,0.164285714,8.051282051,0.235714286,13.35514019,0.914285714,2.833333333,0.785714286,3.6,0.421428571,6.740740741,0.078571429,8.953488372,0.028571429,18.125,0.385714286,7.744186047,0.85,3.428571429,0.771428571,3.96875,0.357142857,6.122222222,0.085714286,7.4140625,0.028571429,18.11764706,0.264285714,11.13592233,0.157142857,0.007142857,0.05,0.128571429,0.014285714,0.014285714,0.728571429,0,0,0,0,0,0,1,0.171428571,8.232758621,0.164285714,10.63247863,0.421428571,0.85,110,3,0,1,0,0.15,0.021428571,0.178571429,0,0.757142857,0.007142857,0.678571429,0.385714286,1,0.221428571,Metaled,6.727272727,0.814285714,0.928571429,0.064285714,0.45,0.007142857,0.421428571,5.703703704,0.007142857,119.2086331,0.05,62.07518797,0.035714286,59.37037037,0.128571429,12.79508197,0.928571429,9.5,0.4,35.8452381,0.021428571,73.20437956,0.128571429,84.6557377,0.092857143,79.67716535,0.092857143,15.62204724,0.985714286,6,0.171428571,24.25,0.078571429,19.49612403,0.9,14.21428571,0.564285714,13757,0.692857143,40813,0.128571429,0.121428571,0,0.007142857,0,0.764285714,0,0.192857143,0.007142857,0.385714286,0.307142857,0.092857143,0.007142857,0.085714286,0.078571429,11.66666667,0.228571429,75.62962963,0.192857143,6.805309735,0.107142857,8.336,0.157142857,0.078571429,0.028571429,0.007142857,0.828571429,0.114285714,0.092857143,0.028571429,0.007142857,0.857142857,0,0,0,0,1,2,2,2,0,2,2,2,2,0,0,0,0,0,0,140,3,0.378571429,0.028571429,0.592857143,0,0.121428571,0,0.028571429,0.85,0.914285714,0.028571429,0.057142857,0.007142857,0.992857143
HAVELI DISTRICT,AZAD JAMMU AND KASHMIR,RAWALAKOT DIVISION,0.989010989,0.010989011,0,0,0,689,0.032967033,0,0,0,0.989010989,0.010989011,0,0.076923077,0,0,0,0,0.10989011,0.934065934,0.010989011,0.010989011,0,0,0,0,0,0,0,1,139.4505495,0.087912088,1,0,0.450549451,0,0,0,0,0.010989011,0,0.934065934,0,0.010989011,3.956043956,3.989010989,0.076923077,13.82142857,0.164835165,5.763157895,0.120879121,10.0625,0.032967033,47.80681818,0.021978022,18.23595506,0.010989011,17.4,0.274725275,6.666666667,0.571428571,9.205128205,0.945054945,1.8,0.43956044,2.843137255,0.263736264,3.910447761,0.010989011,16.24444444,0.043956044,18.7816092,0.351648352,16,0.846153846,3.214285714,0.340659341,3.8,0.175824176,5.453333333,0.010989011,17.35555556,0.043956044,17.50574713,0.230769231,18.75714286,0.120879121,0.021978022,0.054945055,0.131868132,0,0,0.78021978,0,0,0,0.010989011,0,0,0.989010989,0.054945055,6.73255814,0.032967033,11.76136364,0.076923077,0.978021978,3,13,2,1,0,0.351648352,0,0,0.186813187,0.461538462,0.010989011,0.021978022,0,1,0,Metaled,5.952380952,0.868131868,0.934065934,0.021978022,0.208791209,0,0.241758242,9.202898551,0.054945055,116.2325581,0.076923077,106.4880952,0.043956044,72.01149425,0.065934066,13.30588235,0.934065934,4.666666667,0.043956044,18.63218391,0,63.9010989,0.098901099,10.79268293,0.098901099,88.85365854,0.087912088,13.43373494,0.967032967,13,0.021978022,15.75280899,0.021978022,15.7752809,0.945054945,12.2,0.21978022,5487,0.604395604,14430,0.197802198,0,0.021978022,0,0.175824176,0.43956044,0,0.010989011,0,0.274725275,0.318681319,0.021978022,0.021978022,0.571428571,0.021978022,21.4494382,0.516483516,15.59090909,0.076923077,6.785714286,0.054945055,6.697674419,0.175824176,0.065934066,0,0.010989011,0.824175824,0.054945055,0,0,0,0.945054945,0,0,0,0,1,2,1,2,0,2,2,2,2,0,0,0,0,0,0,90,3,0.021978022,0.021978022,0.945054945,0.010989011,0.010989011,0.010989011,0.010989011,0.967032967,0.912087912,0.021978022,0.065934066,0.318681319,0.681318681
POONCH DISTRICT,AZAD JAMMU AND KASHMIR,RAWALAKOT DIVISION,0.772058824,0.205882353,0.022058824,0,0,912,0.925925926,0.014814815,0,0,0.992592593,0.192592593,0.111111111,0.822222222,0.007407407,0,0.014814815,0.007407407,0.296296296,0.97037037,0,0,0,0,0,0,0,0,0,1,216.1029412,0.066176471,1,0,0.257352941,0.213235294,0.007352941,0,0.014705882,0.485294118,0,0.919117647,0,0,3.941176471,3.963235294,0.110294118,9.41322314,0.198529412,7.504587156,0.139705882,9.41025641,0.095588235,11.31707317,0.088235294,9.782258065,0.073529412,9.912698413,0.330882353,7.769230769,0.183823529,9.720720721,0.838235294,2.5,0.698529412,4.243902439,0.448529412,5.506666667,0.088235294,9.637096774,0.036764706,28.61832061,0.301470588,8.873684211,0.852941176,2.7,0.661764706,4.586956522,0.419117647,5.848101266,0.095588235,9.105691057,0.014705882,27.86567164,0.191176471,10.34545455,0.132352941,0.029411765,0.080882353,0.161764706,0,0,0.808823529,0,0,0,0,0,0,1,0.176470588,8.526785714,0.088235294,10.12096774,0.198529412,0.882352941,70,34,0,1,0,0.029411765,0.007352941,0.426470588,0,0.573529412,0,0.882352941,0.183823529,0.977941176,0.080882353,Metaled,2.545454545,0.977941176,1,0.558823529,0.705882353,0,0.529411765,8.75,0.014705882,128.238806,0.029411765,70.89393939,0.044117647,29.71538462,0.198529412,8.486238532,0.948529412,6.571428571,0.272058824,14.24242424,0.036764706,26.03816794,0.029411765,58.16666667,0.058823529,54.8515625,0.139705882,8.717948718,0.897058824,9,0.205882353,9.12962963,0.433823529,10.25974026,0.845588235,7.571428571,0.411764706,14123,0.566176471,24467,0.029411765,0.022058824,0,0.007352941,0.014705882,0.514705882,0.022058824,0.301470588,0.029411765,0.183823529,0.095588235,0.029411765,0.125,0.448529412,0.095588235,8.398373984,0.433823529,9.454545455,0.227941176,7.323809524,0.102941176,8.483606557,0.183823529,0.036764706,0.007352941,0.014705882,0.816176471,0.176470588,0.022058824,0.007352941,0.007352941,0.816176471,0,0.007352941,0.007352941,0.014705882,0.977941176,2,2,2,0,2,2,2,2,0,0,0,0,0,0,134,4,0.389705882,0,0.610294118,0,0.095588235,0.007352941,0.029411765,0.867647059,0.933823529,0.036764706,0.029411765,0,1
SUDHNOTI DISTRICT,AZAD JAMMU AND KASHMIR,RAWALAKOT DIVISION,0.950819672,0.032786885,0.016393443,0,0,380,1,0,0,0,1,0,0.081967213,0.081967213,0,0,0,0,0,1,0,0,0,0,0,0,0,0,0,1,184.4262295,0,1,0,0,0.360655738,0,0,0,0.426229508,0,0.786885246,0,0,3.983606557,4,0.163934426,17.05882353,0.409836066,20.30555556,0.327868852,17.70731707,0.163934426,52.94117647,0.180327869,13.2,0.213114754,14.25,0.508196721,8,0.180327869,42.7,0.983606557,4,0.803278689,3.583333333,0.540983607,7.857142857,0.163934426,11.07843137,0.081967213,43.03571429,0.590163934,9.28,0.950819672,2.666666667,0.770491803,4.714285714,0.475409836,10.28125,0.147540984,13.82692308,0.049180328,21.46551724,0.409836066,13.38888889,0.016393443,0,0.016393443,0.032786885,0,0,0.950819672,0,0,0,0,0,0,1,0.278688525,9.5,0.229508197,11.25531915,0.62295082,1,0,0,0,1,0,0,0,0.016393443,0,0.983606557,0,0.360655738,0,1,0,Metaled,2.5,0.754098361,1,0.114754098,0.393442623,0,0.68852459,7.368421053,0.016393443,122.7,0,121.8688525,0,84.52459016,0.245901639,11.2826087,0.950819672,1.666666667,0.114754098,67.48148148,0.114754098,14.74074074,0.06557377,113.9298246,0.049180328,112.7931034,0.049180328,62.93103448,1,0,0.196721311,17.14285714,0.229508197,22.04255319,0.983606557,3,0.737704918,16361,0.819672131,25830,0,0,0,0,0,0.459016393,0.016393443,0.081967213,0,0.180327869,0.016393443,0,0,0.524590164,0.131147541,11.96226415,0.360655738,73.1025641,0.327868852,9.853658537,0.180327869,10.06,0.032786885,0,0,0,0.967213115,0.016393443,0,0,0,0.983606557,0,0,0,0,1,2,2,2,0,2,2,1,2,0,0,0,0,0,0,61,4,0,0,1,0,0.016393443,0,0,0.983606557,1,0,0,0.098360656,0.901639344
MALIR DISTRICT,SINDH,KARACHI DIVISION,0.849056604,0,0.150943396,0,0,568,0.735849057,0,0.056603774,0,0.641509434,0.018867925,0.566037736,0.754716981,0,0.018867925,0.471698113,0.094339623,0.037735849,0.811320755,0,0,0,0,0,0,0,0,0,1,390.9433962,0.566037736,0.811320755,4.1,0.396226415,0.41509434,0.150943396,0.377358491,0.018867925,0.716981132,0,0,0,0,3.20754717,3.132075472,0.433962264,31.13333333,0.41509434,33.5483871,0.433962264,23.43333333,0.283018868,29.94736842,0.20754717,30.5952381,0.471698113,31.21428571,0.358490566,34.05882353,0.264150943,31.87179487,0.981132075,4,0.716981132,17.93333333,0.377358491,31.21212121,0.188679245,28.6744186,0.150943396,33.11111111,0.660377358,29.88888889,0.867924528,20.57142857,0.641509434,18.73684211,0.339622642,29.74285714,0.188679245,28.23255814,0.113207547,32.12765957,0.452830189,21.68965517,0.264150943,0.037735849,0.226415094,0.037735849,0.018867925,0.056603774,0.735849057,0,0,0,0,0,0,1,0.132075472,30.58695652,0.301886792,29.7027027,0.169811321,0.358490566,622,1828,4,2,0,0.377358491,0,0.641509434,0,0.264150943,0.369565217,0.326086957,0.608695652,0.956521739,0.304347826,Metaled,13.16666667,0.603773585,0.603773585,0.226415094,0.603773585,0.283018868,0.301886792,30.83783784,0.113207547,28.38297872,0.150943396,30.95555556,0.377358491,31.84848485,0.471698113,34.53571429,0.58490566,44,0.188679245,30.60465116,0.150943396,30.08888889,0.169811321,31.04545455,0.452830189,48.06896552,0.377358491,32.78787879,0.698113208,22,0.264150943,34.17948718,0.264150943,32.48717949,0.698113208,24.5,0.396226415,21720,0.377358491,27500,0.188679245,0.132075472,0.056603774,0,0,0.132075472,0,0.245283019,0.018867925,0,0,0.150943396,0.566037736,0.20754717,0.226415094,30.90243902,0.283018868,30.65789474,0.226415094,30.3902439,0.301886792,29.75675676,0.433962264,0.150943396,0.094339623,0.264150943,0.452830189,0.377358491,0.056603774,0.018867925,0.094339623,0.603773585,0.094339623,0.094339623,0.094339623,0.037735849,0.773584906,0,2,2,0,2,0,1,0,2,0,0,2,0,2,53,5,0.018867925,0.018867925,0.943396226,0.018867925,0.490566038,0.018867925,0,0.490566038,0.433962264,0.547169811,0.018867925,0.377358491,0.622641509
KARACHI WEST DISTRICT,SINDH,KARACHI DIVISION,0.923076923,0,0.076923077,0,0,97,0.461538462,0,0,0,0,0,0.538461538,0.153846154,0,0,0.692307692,0,0,0.384615385,0,0.076923077,0,0,0,0,0,0,0,1,100.7692308,0.461538462,0.384615385,23.125,0,0.076923077,0.384615385,0,0,0.307692308,0,0,0,0.615384615,3.692307692,3.692307692,0.153846154,15.09090909,0.153846154,15.09090909,0.307692308,17.33333333,0.230769231,16.6,0.230769231,16.1,0.384615385,17.625,0.230769231,16.1,0.153846154,15.54545455,0.846153846,15,0.384615385,16.375,0.153846154,13.27272727,0.076923077,13.58333333,0.153846154,14.09090909,0.538461538,15.5,0.846153846,15,0.384615385,16.375,0.153846154,13.27272727,0.076923077,13.58333333,0.076923077,13.58333333,0.153846154,12.63636364,0.307692308,0,0.076923077,0,0,0,0.615384615,0,0,0,0,0,0,1,0.076923077,14.58333333,0.153846154,15.36363636,0.461538462,0.230769231,82,11,0,3,0,0.307692308,0.076923077,0.307692308,0,0.615384615,0.307692308,0.307692308,0.076923077,0.692307692,0,Metaled,6,0.538461538,0.769230769,0.307692308,0.923076923,0,0.230769231,30,0.153846154,15.18181818,0.076923077,16.91666667,0.230769231,17.1,0.384615385,16.375,0.538461538,12.66666667,0.153846154,14.54545455,0.153846154,16,0.230769231,15.2,0.230769231,14.8,0.153846154,15.54545455,0.538461538,15.16666667,0.153846154,17.81818182,0.230769231,18.1,0.538461538,16.33333333,0.307692308,85,0,0,0,0,0,0,0,0,0,0.153846154,0,0,0,0,0.846153846,0,0.153846154,17.09090909,0.153846154,15.45454545,0.153846154,15.72727273,0.230769231,13.8,0.076923077,0.230769231,0,0.230769231,0.769230769,0,0,0,0,1,0,0.076923077,0.153846154,0.076923077,0.846153846,2,0,0,0,2,0,2,0,0,0,0,0,0,0,13,2,0.384615385,0,0.615384615,0,0.230769231,0,0,0.769230769,0.538461538,0.307692308,0.153846154,0.538461538,0.461538462
LAHORE DISTRICT,PUNJAB,LAHORE DIVISION,0,1,0,0,0,873,0.910071942,0.78057554,0.010791367,0.028776978,0.514388489,0.003597122,0.115107914,0.26618705,0.622302158,0.043165468,0.748201439,0.035971223,0,0.003597122,0,0.032374101,0.229916898,369,163,115956,0,0,0,1,186.6446281,0.638176638,0.877492877,3.302325581,0.267806268,0.831908832,0.532763533,0.01994302,0.102564103,0,0.014245014,0,0.005698006,0.008547009,2.165242165,2.621082621,0.358974359,5.373333333,0.319088319,5.138075314,0.287749288,4.74,0.273504274,5.890196078,0.290598291,5.658634538,0.413105413,5.402912621,0.336182336,5.527896996,0.376068376,6.146118721,0.903133903,3.382352941,0.564102564,4.130718954,0.37037037,4.719457014,0.156695157,7.908783784,0.145299145,9.326666667,0.558404558,6.574193548,0.829059829,3.8,0.535612536,4.312883436,0.339031339,5.034482759,0.165242165,7.699658703,0.148148148,9.558528428,0.498575499,6.670454545,0.142450142,0.042735043,0.071225071,0.034188034,0.014245014,0.017094017,0.837606838,0.025641026,0.01994302,0.014245014,0.008547009,0.002849003,0.008547009,0.968660969,0.131054131,5.973770492,0.267806268,5.342412451,0.353276353,0.754985755,490,452,42,1,0,0.282051282,0.017094017,0.213675214,0.03988604,0.598290598,0.742774566,0.401734104,0.193641618,0.601156069,0.144508671,Metaled,2.266666667,0.564102564,0.937321937,0.823361823,0.62962963,0.002849003,0.341880342,6.16017316,0.074074074,10.58153846,0.03988604,9.703264095,0.156695157,7.054054054,0.452991453,4.604166667,0.618233618,4.798507463,0.356125356,6.150442478,0.005698006,22.91117479,0.042735043,10.29166667,0.056980057,11.6102719,0.481481481,6.049450549,0.891737892,4.657894737,0.555555556,6.525641026,0.675213675,6.368421053,0.88034188,5.047619048,0.014245014,10,0.01994302,307,0.014204545,0.005681818,0.005681818,0.002840909,0.002840909,0.435897436,0.082621083,0.492877493,0.0997151,0.022792023,0.002849003,0.045584046,0.028490028,0.230769231,0.321937322,5.857142857,0.341880342,6.147186147,0.239316239,5.745318352,0.270655271,5.05078125,0.03988604,0.005698006,0.002849003,0.014245014,0.945868946,0.025641026,0,0,0.008547009,0.965811966,0.085470085,0.133903134,0.216524217,0.096866097,0.675213675,2,1,2,0,2,2,2,0,0,0,0,0,0,2,363,5,0.914529915,0,0.076923077,0.008547009,0.552706553,0.316239316,0.094017094,0.037037037,0.361823362,0.52991453,0.108262108,0.008547009,0.991452991
SOHBATPUR DISTRICT,BALOCHISTAN,NASIRABAD DIVISION,0.934782609,0.02173913,0.043478261,0,0,312,1,1,0,0,0,0.217391304,0,0.02173913,1,0.043478261,0,0,0,0,0,0,0,0,0,0,0,0,0,1,55.47826087,0.065217391,0.413043478,11.07407407,0.108695652,0.5,0.02173913,0.130434783,0.217391304,0.086956522,0.02173913,0.195652174,0.326086957,0.043478261,3.956521739,3.956521739,0.282608696,14.63636364,0.347826087,12.63333333,0.347826087,12.33333333,0,27.13043478,0.108695652,18.07317073,0.043478261,18.79545455,0.434782609,9.730769231,0.369565217,16.65517241,0.956521739,7,0.565217391,6.4,0.434782609,6.961538462,0.065217391,17.48837209,0,27.63043478,0.282608696,10.18181818,0.847826087,19.71428571,0.304347826,9.28125,0.152173913,13.20512821,0.02173913,17.73333333,0,29.82608696,0,28.06521739,0.695652174,0,0,0,0,0,0.304347826,0,0,0,0,0,0,1,0.391304348,12.71428571,0.02173913,20.66666667,0,0.804347826,0,0,47,2,0,0.97826087,0,0,0.02173913,0.02173913,0.130434783,0.02173913,0,1,0.043478261,Metaled,10.875,0.673913043,1,0,0.02173913,0,0.152173913,14.28205128,0,38.95652174,0,30,0.02173913,20.68888889,0.260869565,9.941176471,0.717391304,21.07692308,0.02173913,31.08888889,0,36.41304348,0,29.52173913,0,36.08695652,0.02173913,17.08888889,0.956521739,11,0.02173913,18.13333333,0.02173913,17.75555556,0.934782609,5,0,0,0,0,0,0,0,0,0,0.152173913,0,0,0,0,0,0,0.173913043,0.673913043,0.02173913,16.73333333,0.52173913,19.68181818,0.304347826,10.1875,0.847826087,3.857142857,0,0,0,0,1,0,0,0,0,1,0,0,0.108695652,0,0.891304348,2,1,2,0,2,0,2,2,1,0,0,0,0,0,46,6,0,0.086956522,0.847826087,0.065217391,0,0.065217391,0.02173913,0.913043478,0.934782609,0.02173913,0.043478261,0.065217391,0.934782609
NAUSHAHRO FEROZE DISTRICT,SINDH,SHAHEED BENAZIRABAD DIVISION,0.857142857,0.034632035,0.073593074,0.034632035,0,1191,0.995670996,0.38961039,0.909090909,0.645021645,0.082251082,0.082251082,0.649350649,0.402597403,0.800865801,0.177489177,0.688311688,0,0,0,0.03030303,0,0.558441558,458,445,180610,0,0,0,1,69.70995671,0.12987013,0.930735931,3.25,0.012987013,0.995670996,0.069264069,0.077922078,0.047619048,0.021645022,0.038961039,0,0.008658009,0,3.32034632,3.67965368,0.151515152,9.005102041,0.220779221,8.55,0.142857143,8.025252525,0.060606061,10.51612903,0.125541126,8.653465347,0.19047619,8.22459893,0.268398268,7.75739645,0.298701299,8.382716049,0.861471861,8.03125,0.411255411,6.889705882,0.212121212,7.379120879,0.038961039,12.3018018,0.025974026,12.85777778,0.307359307,9.1875,0.61038961,7.755555556,0.294372294,7.82208589,0.125541126,7.841584158,0.03030303,12.40625,0.021645022,12.87168142,0.082251082,10.16037736,0.03030303,0,0,0.012987013,0.004329004,0.004329004,0.965367965,0,0,0,0,0,0,1,0.112554113,9.517073171,0.220779221,9.277777778,0.584415584,0.731601732,197,50,103,1,0,0.978354978,0.004329004,0.294372294,0.008658009,0.017316017,0.277056277,0.03030303,0.073593074,0.978354978,0.060606061,Metaled,7.29787234,0.796536797,0.917748918,0.316017316,0.562770563,0.03030303,0.12987013,8.298507463,0.043290043,12.53846154,0.121212121,9.216748768,0.116883117,9.029411765,0.411255411,7.485294118,0.848484848,9.371428571,0.047619048,12.92727273,0.051948052,12.1826484,0.064935065,11.83796296,0.082251082,10.72169811,0.082251082,9.382075472,0.956709957,9.8,0.082251082,9.900943396,0.095238095,9.61722488,0.952380952,8.727272727,0.056277056,727,0.017316017,810,0.03030303,0.017316017,0.03030303,0.012987013,0.004329004,0.982683983,0.051948052,0.978354978,0.692640693,0.077922078,0.073593074,0.298701299,0.372294372,0.012987013,0.069264069,9.046511628,0.069264069,9.790697674,0.199134199,7.816216216,0.277056277,6.25748503,0.025974026,0.004329004,0,0.012987013,0.961038961,0.021645022,0,0,0,0.978354978,0.03030303,0.038961039,0.021645022,0.008658009,0.904761905,2,1,2,0,2,0,2,0,2,0,0,0,0,0,230,5,0.060606061,0.121212121,0.813852814,0.004329004,0.095238095,0.012987013,0.194805195,0.696969697,0.87012987,0.082251082,0.047619048,0.038961039,0.961038961
NAGAR DISTRICT,GILGIT BALTISTAN,GILGIT DIVISION,1,0,0,0,0,160,0.948717949,0,0,0,0.846153846,0.58974359,0.871794872,0.948717949,0.076923077,0,0,0.846153846,0.256410256,0.025641026,0.051282051,0.051282051,0,0,0,0,0,0,0,1,1045.589744,0.179487179,0.923076923,16,0.846153846,0,0.025641026,0,0,0.384615385,0.051282051,0.282051282,0.025641026,0,3.974358974,3.974358974,0.307692308,13.92592593,0.333333333,10.5,0.307692308,14.55555556,0.205128205,17.90322581,0.307692308,7.148148148,0.153846154,39.33333333,0.41025641,8.608695652,0.307692308,7.037037037,0.846153846,1.333333333,0.487179487,4.4,0.128205128,11.47058824,0.025641026,18.73684211,0.153846154,29.90909091,0.512820513,15.63157895,0.871794872,1.2,0.58974359,4.6875,0.153846154,7.575757576,0.051282051,14.45945946,0.153846154,22.72727273,0.512820513,19.10526316,0.102564103,0,0.153846154,0.179487179,0,0.025641026,0.717948718,0,0,0,0,0,0,1,0.256410256,7.75862069,0.076923077,20.63888889,0.102564103,0.974358974,0,1,0,1,0,0.153846154,0,0.256410256,0.025641026,0.717948718,0,0.717948718,0.230769231,1,0,Unmetalled,6.909090909,0.820512821,0.871794872,0.58974359,0.025641026,0,0.58974359,41.9375,0.076923077,418.4166667,0.076923077,457.7777778,0.179487179,34.75,0.076923077,17.05555556,1,0,0.512820513,17.63157895,0.153846154,92.72727273,0.179487179,261.125,0.102564103,81.54285714,0.256410256,28.4137931,0.435897436,20.72727273,0.846153846,19,0.461538462,19.04761905,0.461538462,21.9047619,0.923076923,651920,0.538461538,158187,0.358974359,0.205128205,0.128205128,0.076923077,0.076923077,0.358974359,0.384615385,0.025641026,0.179487179,0.025641026,0.025641026,0.102564103,0.051282051,0.538461538,0.102564103,15.94285714,0.923076923,40.33333333,0.256410256,6.827586207,0.179487179,9.25,0.333333333,0.564102564,0,0.128205128,0.333333333,0.179487179,0.307692308,0,0,0.615384615,0.025641026,0,0.102564103,0.128205128,0.846153846,2,1,2,0,2,2,2,2,1,0,0,0,0,0,39,1,0.564102564,0.025641026,0.358974359,0.051282051,0.025641026,0,0,0.974358974,0.820512821,0.179487179,0,0.025641026,0.974358974
KOHISTAN DISTRICT,KHYBER PAKHTUNKHWA,HAZARA DIVISION,0.99009901,0.005940594,0.001980198,0,0.001980198,1258,0.421157685,0.017964072,0.001996008,0.013972056,0.942115768,0.0499002,0.355289421,0.590818363,0.570858283,0.053892216,0.001996008,0.50499002,0.435129741,0.027944112,0.007984032,0.013972056,0.077227723,118,47,59250,0,0,0,1,283.1564356,0.003960396,0.998019802,13,0.067326733,0.013861386,0,0,0.005940594,0.001980198,0.514851485,0.881188119,0.037623762,0.005940594,3.982178218,3.988118812,0.011881188,34.40280561,0.047524752,22.92307692,0.015841584,40.70623742,0.003960396,87.17892644,0,71.86732673,0.005940594,45.84262948,0.021782178,43.47368421,0.015841584,50.02012072,0.348514851,5.732522796,0.081188119,11.69396552,0.027722772,27.61303462,0.001980198,52.70039683,0,141.0059406,0.069306931,36.34893617,0.126732673,13.24943311,0.00990099,38.748,0,71.5029703,0,145.7742574,0,173.3108911,0.033663366,146.5635246,0.003960396,0,0,0,0.001980198,0,0.994059406,0,0,0,0,0.001980198,0,0.998019802,0.02970297,56.62040816,0.011881188,53.34468938,0.005940594,0.998019802,0,0,3,4,0,0.336633663,0.001980198,0.564356436,0.081188119,0.128712871,0.003968254,0.021825397,0.009920635,0.988095238,0.007936508,Unmetalled,27.04,0.792079208,0.263366337,0.003960396,0.013861386,0.17029703,0.053465347,33.29079498,0.001980198,255.8472222,0.001980198,186.3670635,0.007920792,94.8762475,0.015841584,42.06036217,0.295049505,29.57303371,0.015841584,96.68209256,0.003960396,217.6361829,0.00990099,200.406,0.035643564,178.4804928,0.00990099,47.928,0.663366337,28.48235294,0.00990099,47.566,0.011881188,63.34468938,0.582178218,35.31279621,0.720792079,45380,0.774257426,60448,0.372277228,0.005940594,0.295049505,0.16039604,0.00990099,0.027722772,0,0.001980198,0,0.003960396,0,0,0.172277228,0.835643564,0.00990099,64.85,0.081188119,42.08836207,0.007920792,33.49700599,0.031683168,22.5807771,0.001980198,0.005940594,0.005940594,0,0.99009901,0,0,0,0,1,0,0,0,0,1,2,1,2,0,2,0,2,0,0,0,0,0,0,0,476,4,0.015841584,0.887128713,0.091089109,0.005940594,0.013861386,0.007920792,0.001980198,0.976237624,0.996039604,0.003960396,0,0.867326733,0.132673267
LOWER KOHISTAN,KHYBER PAKHTUNKHWA,HAZARA DIVISION,0.964705882,0.014117647,0.018823529,0.002352941,0,2473,0.40521327,0.002369668,0.002369668,0.002369668,0.936018957,0.011848341,0.109004739,0.355450237,0.274881517,0.018957346,0.002369668,0.218009479,0.265402844,0.390995261,0,0.004739336,0.032941176,52,21,15500,0,0,0,1,200.0305882,0.028235294,0.969411765,4.076923077,0.192941176,0.011764706,0,0,0.007058824,0.021176471,0.141176471,0.771764706,0.018823529,0.037647059,3.924705882,3.941176471,0.011764706,37.94285714,0.028235294,18.69249395,0.016470588,34.9784689,0.014117647,38.38663484,0.002352941,34.49528302,0.004705882,38.66193853,0.014117647,30.34128878,0.101176471,24.0052356,0.425882353,8.073770492,0.094117647,13.12727273,0.042352941,21.65847666,0.002352941,49.56132075,0.002352941,88.5259434,0.162352941,42.06460674,0.181176471,10.10057471,0.023529412,29.61445783,0.007058824,87.29383886,0.002352941,160.7358491,0.007058824,163.4834123,0.061176471,137.4536341,0.037647059,0,0,0,0,0,0.962352941,0,0,0,0,0,0,1,0.007058824,33.0971564,0.016470588,33.1507177,0.011764706,0.990588235,22,0,101,4,0,0.842352941,0.002352941,0.16,0.009411765,0.04,0.002358491,0.035377358,0.016509434,0.985849057,0.007075472,Unmetalled,21.12,0.696470588,0.294117647,0.002352941,0.030588235,0.167058824,0.016470588,30.53110048,0.004705882,93.98817967,0.002352941,96.69339623,0,56.44235294,0.007058824,36.16587678,0.174117647,20.08262108,0.021176471,69,0,142.7952941,0.049411765,111.5222772,0.04,91.73039216,0.007058824,39.88862559,0.936470588,26.14814815,0.004705882,51.93617021,0.007058824,43.87203791,0.922352941,25.54545455,0.663529412,55952,0.611764706,38277,0.463529412,0.021176471,0.357647059,0.308235294,0.016470588,0.014117647,0,0,0,0,0,0,0.585882353,0.409411765,0,49.50352941,0.477647059,28.14414414,0.002352941,35.84198113,0.018823529,32.62589928,0.002352941,0.018823529,0,0,0.978823529,0.002352941,0,0,0,0.997647059,0,0,0.002352941,0.056470588,0.941176471,2,2,2,0,2,0,1,0,0,0,0,0,0,0,414,2,0.028235294,0.576470588,0.385882353,0.009411765,0.002352941,0.014117647,0.014117647,0.969411765,0.971764706,0.002352941,0.025882353,0.482352941,0.517647059
KOLAI PALAS KOHISTAN,KHYBER PAKHTUNKHWA,HAZARA DIVISION,0.987226277,0.005474453,0,0.001824818,0.005474453,1508,0.067518248,0,0,0.003649635,0.939781022,0,0.020072993,0.062043796,0.177007299,0.010948905,0.001824818,0.332116788,0.125912409,0.375912409,0,0.003649635,0.009124088,9,4,3100,0,0,0,1,193.8430657,0.001831502,0.998168498,3,0.04587156,0,0,0,0.005504587,0.00733945,0.234862385,0.833027523,0.003669725,0,3.992673993,3.994505495,0.003669725,41.46593002,0.027522936,22.18490566,0.005504587,48.69188192,0,74.89724771,0.003669725,52.45488029,0.00733945,44.58780037,0.011009174,37.07606679,0.025688073,42.24482109,0.228937729,10.00475059,0.064102564,11.81604697,0.018315018,31.18843284,0,60.2967033,0,85.14652015,0.175824176,37.61777778,0.117216117,12.71991701,0.023809524,33.95121951,0.001831502,58.92477064,0,126.7893773,0,140.1300366,0.152014652,85.45572354,0.021978022,0,0,0.003663004,0.003663004,0.003663004,0.970695971,0,0,0,0,0,0,1,0.009174312,49.87592593,0.001834862,47.09375,0.009174312,1,0,0,0,4,0,0.759633028,0,0.124770642,0.020183486,0.106422018,0.001834862,0,0,1,0,Unmetalled,37.10694184,0.816513761,0.012844037,0,0.001834862,0.176146789,0.011009174,46.33024119,0.001834862,154.3915441,0.001834862,145.5128676,0,113.8440367,0.001834862,50.97426471,0.100917431,33.18163265,0.001834862,116.0716912,0,159.306422,0.03853211,149.971374,0.003669725,150.4456722,0.003669725,56.47513812,0.921100917,39.09302326,0.011009174,60.84786642,0.009174312,80.55185185,0.855045872,36.7721519,0.788990826,653486,0.785321101,781054,0.387155963,0.005504587,0.190825688,0.2,0.027522936,0,0,0,0,0.001834862,0,0.012844037,0.227522936,0.757798165,0.001834862,65.81801471,0.482568807,41.09574468,0.00733945,42.32347505,0.014678899,37.67970205,0,0.001834862,0.001834862,0,0.998165138,0,0,0,0,1,0,0,0,0,1,0,1,2,0,2,0,2,0,0,0,0,0,0,0,513,2,0,0.946886447,0.049450549,0.003663004,0.001831502,0,0,0.998168498,0.998168498,0,0.001831502,0.80952381,0.19047619
