Name of District,Name of Province,Name of Division,Total Tehsils,Total Number of Settlements,Total Villages,Ratio of mouzas with Pucca houses,Ratio of mouzas with Kutcha houses,Ratio of mouzas with Pucca/Kutcha houses,Ratio of mouzas with Other houses,Ratio of mouzas having complete electricity supply,Ratio of mouzas having mostly electricity supply,Ratio of mouzas having some electricity supply,Ratio of mouzas having no electricity supply,Average Distance to Electricity in case of unavailability (in km),Ratio of mouzas having Solar as alternate electricity source,Ratio of mouzas having Bio Gas as alternate electricity source,Ratio of mouzas having Generator as alternate electricity source,Ratio of mouzas having Others as alternate electricity source,Ratio of mouzas having no alternate electricity source,Ratio of mouzas having Sui Gas (Natural Gas) as fuel,Ratio of mouzas having LPG as fuel,Ratio of mouzas having Kerosene Oil as fuel,Ratio of mouzas having Wood as fuel,Ratio of mouzas having Coal as fuel,Ratio of mouzas with sweet underground water,Average Distance to Sweet Water in case of unavailability (in km),Average Depth of Water Table (ft),Ratio of mouzas with govt piped supply for drinking water,Ratio of mouzas with personal hand/electric pump for drinking water,Ratio of mouzas with water filtration plant for drinking water,Ratio of mouzas with reverse osmosis plant for drinking water,Ratio of mouzas with pump on canal for drinking water,Ratio of mouzas with well for drinking water,Ratio of mouzas with river/canal for drinking water,Ratio of mouzas with spring/karez for drinking water,Ratio of mouzas with pond/toba for drinking water,Ratio of mouzas with other sources for drinking water,Ratio of mouzas with outside toilet facility,Ratio of mouzas with inside toilet facility,Ratio of mouzas having CNG/LPG Facility,Average Distance to CNG/LPG Facility in case of unavailability (in km),Ratio of mouzas having Fuel Pump,Average Distance to Fuel Pump in case of unavailability (in km),Ratio of mouzas with Metalled Streets,Ratio of mouzas with Cemented Streets,Ratio of mouzas with Bricked Streets,Ratio of mouzas with Unmetalled Streets,Mode - Road Type leading upto mouzas,Average Distance of Unmetalled Road leading up to mouza (km),Ratio of mouzas with no waste management,Ratio of mouzas with any waste management,Ratio of mouzas with government waste management,Ratio of mouzas with private waste management,Ratio of mouzas with all cemented drains,Ratio of mouzas with mostly cemented drains,Ratio of mouzas with some cemented drains,Ratio of mouzas with no cemented drains,Ratio of mouzas with complete sewerage system coverage,Ratio of mouzas with mostly sewerage system coverage,Ratio of mouzas with some sewerage system coverage,Ratio of mouzas with no sewerage system coverage,Ratio of mouzas having Radio as media source,Ratio of mouzas having TV as media source,Ratio of mouzas having Cable as media source,Ratio of mouzas having Newspaper as media source,Ratio of mouzas having No media sources,Ratio of mouzas having PCO,Average Distance to PCO in case of unavailability (in km),Ratio of mouzas having Mobile Signals,Average Distance to Mobile Signals in case of unavailability (in km),Ratio of mouzas with fixed line DSL,Average Distance to Fixed Line DSL in case of unavailability (in km),Ratio of mouzas with cable net,Average Distance to Cable Net in case of unavailability (in km),Ratio of mouzas with mobile net,Average Distance to Mobile Net in case of unavailability (in km),Ratio of mouzas having Transport Facility,Average Distance to Transport Facility in case of unavailability (in km),Ratio of mouzas having Market,Average Distance to Market in case of unavailability (in km),Ratio of mouzas having grains market,Average Distance to Grains Market in case of unavailability (in km),Ratio of mouzas having fruits/vegetables market,Average Distance to Fruits/Vegetables Market in case of unavailability (in km),Ratio of mouzas having Cold Storage,Average Distance to Cold Storage in case of unavailability (in km),Ratio of mouzas having Govt Procurement Centre,Average Distance to Govt Procurement Centre in case of unavailability (in km),Ratio of mouzas having Agricultural Machinery Workshop,Average Distance to Agricultural Machinery Workshop in case of unavailability (in km),Ratio of mouzas having Online Commercial Bank,Average Distance to Online Commercial Bank in case of unavailability (in km),Ratio of mouzas with Commercial Bank as credit source,Ratio of mouzas with Cooperative Bank as credit source,Ratio of mouzas with Micro Finance Bank as credit source,Ratio of mouzas having Post Office,Average Distance to Post Office in case of unavailability (in km),Ratio of mouzas having Police Station/Post,Average Distance to Police Station/Post in case of unavailability (in km),Ratio of mouzas having Reconciliation Committee,Average Distance to Reconciliation Committee in case of unavailability (in km),Ratio of mouzas having Basic Health Unit,Average Distance to Basic Health Unit in case of unavailability (in km),Ratio of mouzas having Rural Health Centre,Average Distance to Rural Health Centre in case of unavailability (in km),Ratio of mouzas having NGO Dispensary,Average Distance to NGO Dispensary in case of unavailability (in km),Ratio of mouzas having Hospital/Dispensary,Average Distance to Hospital/Dispensary in case of unavailability (in km),Ratio of mouzas having Population Welfare Centre,Average Distance to Population Welfare Centre in case of unavailability (in km),Ratio of mouzas having Child/Mother Care Centre,Average Distance to Child/Mother Care Centre in case of unavailability (in km),Ratio of mouzas having Facility of Midwife,Average Distance to Facility of Midwife in case of unavailability (in km),Ratio of mouzas having Private Doctor (MBBS),Average Distance to Private Doctor (MBBS) in case of unavailability (in km),Ratio of mouzas having Dispensary/Veterinary Centre,Average Distance to Dispensary/Veterinary Centre in case of unavailability (in km),Ratio of mouzas having Private Veterinary Facility,Average Distance to Private Veterinary Facility in case of unavailability (in km),Ratio of mouzas having Mobile Veterinary Dispenser
BANNU DISTRICT,KHYBER PAKHTUNKHWA,BANNU DIVISION,5,1719,398,0.057788945,0.291457286432161,0.64572864321608,0.005025126,0.50251256281407,0.233668341708543,0.065326633,0.198492462311558,16.0506329113924,0.819095477386935,0.0100502512562814,0.115577889447236,0.0,0.175879396984925,0.120822622107969,0.267352185089974,0.066838046,0.982005141388175,0.079691517,0.969849246231156,3.8333333333333295,193.358395989975,0.103015075376884,0.675879396984925,0.012562814,0.005025126,0.08040201,0.170854271356784,0.057788945,0.118090452261307,0.095477387,0.0351758793969849,0.351758793969849,0.648241206030151,0.092964824,21.2659279778393,0.306532663316583,13.9891304347826,0.170854271356784,0.012562814,0.135678392,0.680904522613065,Metaled,7.65909090909091,0.972361809045226,0.027638191,0.007537688,0.0201005025125628,0.0100502512562814,0.085427136,0.281407035175879,0.623115577889447,0.005025126,0.040201005,0.067839196,0.886934673366834,0.751256281407035,0.5,0.030150754,0.407035175879397,0.118090452261307,0.113065326633166,16.5568181818182,0.703517587939699,15.5932203389831,0.148241206030151,17.4542772861357,0.087939698,19.5399449035813,0.64321608040201,20.6338028169014,0.748743718592965,13.98,0.148241206030151,16.5604719764012,0.030150754,20.88601036,0.040201005,18.4031413612565,0.0175879396984924,24.3734015345269,0.0201005025125628,83.0179487179487,0.037688442,19.0913838120104,0.0175879396984924,20.2020460358056,0.047738693,0.075376884,0.005025126,0.138190954773869,14.4723032069971,0.128140703517588,9.27953890489914,0.06281407,18.1206434316354,0.135678392,13.1366279069767,0.130653266331658,13.5057803468208,0.067839196,17.8733153638814,0.188442211055276,11.312693498452,0.115577889447236,14.4147727272727,0.123115577889447,15.0573065902579,0.190954773869347,15.1459627329193,0.150753768844221,17.6686390532544,0.170854271356784,8.9969696969697,0.253768844221106,12.3939393939394,0.155778894472362
LAKKI MARWAT DISTRICT,KHYBER PAKHTUNKHWA,BANNU DIVISION,3,429,213,0.033018868,0.278301886792453,0.688679245283019,0.0,0.509433962264151,0.25,0.08490566,0.155660377358491,17.030303030303,0.754716981132076,0.009433962,0.023584906,0.004716981,0.231132075471698,0.028301887,0.051886792,0.0141509433962264,0.976415094339623,0.009433962,0.962264150943396,11.0,329.483568075117,0.311320754716981,0.608490566037736,0.0141509433962264,0.0,0.033018868,0.089622642,0.0141509433962264,0.165094339622642,0.188679245283019,0.0141509433962264,0.226415094339623,0.773584905660377,0.10377358490566,36.2578947368421,0.405660377358491,13.7619047619048,0.155660377358491,0.0188679245283018,0.023584906,0.80188679245283,Metaled,6.67441860465116,0.995283018867924,0.004716981,0.004716981,0.0,0.0141509433962264,0.0141509433962264,0.127358490566038,0.844339622641509,0.004716981,0.004716981,0.047169811,0.943396226415094,0.641509433962264,0.731132075471698,0.0188679245283018,0.264150943396226,0.075471698,0.160377358490566,16.1460674157303,0.655660377358491,13.5479452054795,0.136792452830189,18.7377049180328,0.070754717,24.7106598984772,0.566037735849057,16.0652173913043,0.754716981132076,10.5961538461538,0.080188679,18.3487179487179,0.169811320754717,16.5568181818182,0.113207547169811,20.218085106383,0.037735849,28.0686274509804,0.028301887,23.6407766990291,0.066037736,19.1515151515152,0.037735849,18.4362745098039,0.051886792,0.0,0.0,0.165094339622642,13.5197740112994,0.122641509433962,12.010752688172,0.216981132075472,16.9518072289157,0.212264150943396,10.4131736526946,0.117924528301887,11.4866310160428,0.066037736,14.8787878787879,0.207547169811321,11.0535714285714,0.183962264150943,11.393063583815,0.14622641509434,15.646408839779,0.108490566037736,13.2063492063492,0.094339623,14.484375,0.169811320754717,11.4318181818182,0.150943396226415,13.2555555555556,0.183962264150943
DERA ISMAIL KHAN DISTRICT,KHYBER PAKHTUNKHWA,DERA ISMAIL KHAN DIVISION,6,1152,424,0.0253807106598984,0.357868020304569,0.591370558375635,0.0253807106598984,0.487309644670051,0.261421319796954,0.119289340101523,0.131979695431472,9.15384615384615,0.796992481203008,0.0,0.032581454,0.0,0.195488721804511,0.015831135,0.084432718,0.0263852242744063,0.994722955145119,0.0237467018469656,0.6575,9.70802919708029,273.804878048781,0.19647355163728,0.569269521410579,0.0125944584382871,0.0,0.103274559193955,0.0277078085642317,0.083123426,0.078085642,0.158690176322418,0.047858942,0.254498714652956,0.745501285347044,0.090680101,32.0415512465374,0.231155778894472,12.8169934640523,0.107142857142857,0.084183673,0.091836735,0.716836734693878,Metaled,7.80898876404494,0.967005076142132,0.032994924,0.0279187817258883,0.005076142,0.007575758,0.068181818,0.202020202020202,0.722222222222222,0.002525253,0.0151515151515151,0.073232323,0.909090909090909,0.682619647355164,0.692695214105794,0.032745592,0.168765743073048,0.123425692695214,0.083123426,26.8818681318681,0.879093198992443,12.9375,0.095717884,28.8245125348189,0.073047859,34.4402173913044,0.829145728643216,12.6764705882353,0.459798994974874,10.6279069767442,0.123115577889447,15.865329512894,0.062972292,24.5645161290323,0.04534005,29.8073878627968,0.0100502512562814,43.01269035533,0.0175879396984924,34.2710997442455,0.0527638190954773,22.0822281167109,0.0277078085642317,30.9274611398964,0.27455919395466,0.017632241813602,0.090680101,0.133501259445844,11.6191860465116,0.105793450881612,14.1549295774648,0.171284634760705,23.9848024316109,0.161616161616162,14.0632530120482,0.118686868686869,12.7679083094556,0.073232323,23.2861035422343,0.164141414141414,13.1691842900302,0.121212121212121,15.2385057471264,0.095959596,15.4329608938547,0.138888888888889,17.8152492668622,0.070707071,18.3505434782609,0.113924050632911,13.4428571428571,0.162025316455696,15.4018126888218,0.095959596
TANK DISTRICT,KHYBER PAKHTUNKHWA,DERA ISMAIL KHAN DIVISION,2,251,100,0.032967033,0.32967032967033,0.615384615384615,0.021978022,0.566666666666667,0.155555555555556,0.211111111111111,0.066666667,6.5,0.868131868131868,0.010989011,0.010989011,0.0,0.131868131868132,0.0112359550561797,0.06741573,0.02247191,0.98876404494382,0.0337078651685393,0.634408602150538,13.7352941176471,584.707070707071,0.315217391304348,0.228260869565217,0.0108695652173913,0.0,0.0108695652173913,0.065217391,0.0217391304347826,0.119565217391304,0.391304348,0.141304347826087,0.142857142857143,0.857142857142857,0.066666667,44.6309523809524,0.211111111111111,16.112676056338,0.131868131868132,0.208791208791209,0.0,0.659340659340659,Metaled,15.5862068965517,0.946236559,0.053763440860215,0.043010752688172,0.010752688172043,0.010752688172043,0.053763440860215,0.21505376344086,0.720430107526882,0.010752688172043,0.010752688172043,0.096774194,0.881720430107527,0.714285714285714,0.593406593406593,0.010989011,0.10989010989011,0.208791208791209,0.077777778,17.5903614457831,0.811111111111111,20.2352941176471,0.111111111111111,18.45,0.088888889,26.3536585365854,0.744444444444445,23.304347826087,0.577777777777778,9.60526315789474,0.1,17.283950617284,0.066666667,20.2857142857143,0.0111111111111111,21.3033707865169,0.0111111111111111,51.88764045,0.0111111111111111,41.9325842696629,0.066666667,17.9047619047619,0.0111111111111111,24.5842696629213,0.288888888888889,0.0222222222222222,0.0,0.177777777777778,13.8243243243243,0.144444444444444,11.5194805194805,0.0444444444444444,22.2441860465116,0.2,12.0416666666667,0.122222222222222,13.0759493670886,0.033333333,17.0804597701149,0.333333333333333,12.1833333333333,0.188888888888889,14.5616438356164,0.066666667,13.8452380952381,0.188888888888889,15.6301369863014,0.077777778,15.3373493975904,0.288888888888889,11.359375,0.144444444444444,15.8181818181818,0.055555556
ABBOTTABAD DISTRICT,KHYBER PAKHTUNKHWA,HAZARA DIVISION,4,1594,344,0.174785100286533,0.037249284,0.770773638968481,0.0171919770773638,0.879656160458453,0.117478510028653,0.00286533,0.0,0.0,0.0229226361031518,0.0257879656160458,0.091690544,0.00286533,0.862464183381089,0.160458452722063,0.214899713467049,0.051575931,0.899713467048711,0.0343839541547277,0.98567335243553,55.2,187.406876790831,0.461318051575931,0.40974212034384,0.00286533,0.0,0.051575931,0.100286532951289,0.00286533,0.558739255014327,0.0143266475644699,0.0143266475644699,0.028653295,0.97134670487106,0.171919770773639,22.7162629757785,0.071633238,18.7376543209877,0.177650429799427,0.229226361031519,0.005730659,0.587392550143267,Metaled,7.19148936170213,0.97134670487106,0.028653295,0.0257879656160458,0.00286533,0.020057307,0.088825215,0.269340974212034,0.621776504297994,0.005730659,0.0343839541547277,0.143266475644699,0.816618911174785,0.593123209169055,0.977077363896848,0.146131805157593,0.28080229226361,0.0,0.140401146131805,18.19,0.95702005730659,23.8,0.277936962750716,19.6071428571429,0.200573065902579,21.8494623655914,0.916905444126075,33.5172413793103,0.882521489971347,18.390243902439,0.160458452722063,13.7747440273038,0.080229226,24.7320872274143,0.083094556,23.3625,0.05730659,29.8510638297872,0.040114613,27.2597014925373,0.040114613,24.7671641791045,0.0544412607449856,16.5939393939394,0.074498567,0.0114613180515759,0.00286533,0.289398280802292,7.71370967741936,0.128939828080229,10.8190789473684,0.332378223,12.9527896995708,0.206303724928367,9.29241877256318,0.128939828080229,11.5296052631579,0.048710602,20.5753012048193,0.220630372492837,11.6875,0.180515759312321,10.3426573426573,0.117478510028653,13.8149350649351,0.289398280802292,13.9516129032258,0.166189112,17.786941580756,0.085959885,15.2539184952978,0.140401146131805,17.0366666666667,0.194842406876791
BATAGRAM DISTRICT,KHYBER PAKHTUNKHWA,HAZARA DIVISION,2,586,104,0.067307692,0.451923076923077,0.480769230769231,0.0,0.336538461538462,0.365384615384615,0.221153846153846,0.076923077,7.0,0.625,0.0,0.567307692307692,0.0,0.076923077,0.009708738,0.29126213592233,0.155339805825243,1.0,0.097087379,1.0,0.0,137.317307692308,0.375,0.288461538461538,0.0192307692307692,0.0,0.048076923,0.346153846153846,0.298076923076923,0.836538461538462,0.0,0.0,0.048076923,0.951923076923077,0.192307692307692,47.202380952381,0.076923077,15.0104166666667,0.163461538461538,0.0576923076923076,0.0,0.778846153846154,Metaled,10.1304347826087,1.0,0.0,0.0,0.0,0.0,0.125,0.201923076923077,0.673076923076923,0.0,0.0576923076923076,0.201923076923077,0.740384615384615,0.836538461538462,0.75,0.0384615384615384,0.259615384615385,0.0384615384615384,0.086538462,14.4421052631579,0.894230769230769,6.81818181818182,0.182692307692308,17.1176470588235,0.086538462,31.9263157894737,0.913461538461538,14.2222222222222,0.740384615384615,13.1851851851852,0.288461538461538,11.2432432432432,0.0,35.25,0.048076923,38.8989898989899,0.0288461538461538,60.6831683168317,0.0192307692307692,57.7352941176471,0.0,47.4711538461539,0.0288461538461538,31.5940594059406,0.115384615384615,0.0,0.0,0.423076923076923,7.03333333333333,0.115384615384615,9.04347826086957,0.182692307692308,24.0235294117647,0.317307692307692,7.30985915492958,0.153846153846154,10.5681818181818,0.0,23.7788461538462,0.125,16.5824175824176,0.25,9.71794871794872,0.048076923,13.3838383838384,0.096153846,13.8404255319149,0.0384615384615384,19.0,0.0384615384615384,11.2,0.0192307692307692,12.2254901960784,0.0288461538461538
HARIPUR DISTRICT,KHYBER PAKHTUNKHWA,HAZARA DIVISION,3,1308,352,0.304347826086957,0.0434782608695652,0.649275362318841,0.002898551,0.794797687861272,0.190751445086705,0.00867052,0.005780347,6.0,0.222543352601156,0.0144508670520231,0.274566473988439,0.005780347,0.632947976878613,0.187861271676301,0.26878612716763,0.106936416184971,0.921965317919075,0.0317919075144508,0.994202898550725,5.5,165.956647398844,0.501449275362319,0.434782608695652,0.008695652,0.002898551,0.023188406,0.426086956521739,0.008695652,0.272463768115942,0.0115942028985507,0.0202898550724637,0.098550725,0.901449275362319,0.098265896,21.849358974359,0.135838150289017,19.1137123745819,0.347826086956522,0.402898550724638,0.008695652,0.240579710144928,Metaled,6.93023255813954,0.968115942028986,0.031884058,0.017391304347826,0.0144927536231884,0.063768116,0.228985507246377,0.240579710144928,0.466666666666667,0.017391304347826,0.0579710144927536,0.133333333333333,0.791304347826087,0.563583815028902,0.942196531791908,0.248554913294798,0.245664739884393,0.0173410404624277,0.153179190751445,22.7508532423208,0.921965317919075,23.3703703703704,0.378612716763006,26.4744186046512,0.274566473988439,24.1394422310757,0.864161849710983,22.7234042553192,0.780346820809249,11.4078947368421,0.11849710982659,19.3934426229508,0.069364162,24.5993788819876,0.069364162,23.2204968944099,0.0115606936416184,35.4941520467836,0.0144508670520231,24.9677419354839,0.060693642,24.16,0.063583815,20.3117283950617,0.463768116,0.008695652,0.017391304347826,0.190751445086705,11.05,0.072254335,11.6510903426791,0.210982658959538,17.2197802197802,0.179710144927536,11.5053003533569,0.121739130434783,12.9108910891089,0.04057971,22.1208459214502,0.150724637681159,15.7098976109215,0.176811594202899,13.8591549295775,0.072463768,19.86875,0.208695652173913,16.0842490842491,0.115942028985507,18.7409836065574,0.089855072,13.3949044585987,0.089855072,22.812101910828,0.2
MANSEHRA DISTRICT,KHYBER PAKHTUNKHWA,HAZARA DIVISION,5,1682,391,0.247448979591837,0.048469388,0.701530612,0.00255102,0.729591836734694,0.216836734693878,0.040816327,0.0127551020408163,7.6,0.11734693877551,0.0,0.119897959183673,0.007653061,0.798469388,0.046391753,0.358247422680412,0.082474227,0.974226804123711,0.033505155,0.979591836734694,7.5,132.336734693878,0.426020408163265,0.306122448979592,0.010204082,0.00255102,0.020408163,0.589285714285714,0.0178571428571428,0.505102040816327,0.010204082,0.0255102040816326,0.091836735,0.908163265306122,0.153061224489796,17.0150602409639,0.089285714,12.3641456582633,0.214285714285714,0.329081632653061,0.0127551020408163,0.443877551020408,Metaled,5.16239316239316,0.951530612,0.048469388,0.022959184,0.0255102040816326,0.020408163,0.084183673,0.247448979591837,0.647959183673469,0.00255102,0.043367347,0.127551020408163,0.826530612,0.5,0.908163265306122,0.150510204081633,0.344387755102041,0.0255102040816326,0.137755102040816,13.0,0.943877551020408,10.1363636363636,0.323979591836735,14.3849056603774,0.196428571428571,16.0444444444444,0.933673469387755,9.96153846153846,0.762755102040816,7.2258064516129,0.158163265306122,9.66969697,0.0153061224489795,23.2616580310881,0.0178571428571428,22.9974025974026,0.010204082,45.6288659793814,0.048469388,24.828418230563,0.0306122448979591,19.6289473684211,0.068877551,12.7479452054795,0.035714286,0.048469388,0.005102041,0.221938775510204,7.64590163934426,0.076530612,9.25690607734807,0.229591836734694,11.4337748344371,0.193877551020408,6.99050632911392,0.11734693877551,7.78034682080925,0.053571429,14.1617250673854,0.165816326530612,9.195718654,0.183673469387755,7.90625,0.091836735,10.6039325842697,0.155612244897959,11.416918429003,0.10969387755102,11.5902578796562,0.114795918367347,9.766570605,0.094387755,11.0676056338028,0.068877551
TORGHAR DISTRICT,KHYBER PAKHTUNKHWA,HAZARA DIVISION,2,301,97,0.0,0.778947368421053,0.221052631578947,0.0,0.178947368421053,0.126315789473684,0.031578947368421,0.663157894736842,17.1587301587302,0.778947368421053,0.0210526315789473,0.0210526315789473,0.094736842,0.168421052631579,0.0,0.0,0.0105263157894736,1.0,0.0,0.968421053,5.66666666666667,184.421052631579,0.705263157894737,0.0105263157894736,0.0105263157894736,0.0,0.0105263157894736,0.073684211,0.084210526,0.494736842105263,0.0,0.0210526315789473,0.621052631578947,0.378947368421053,0.0105263157894736,69.7659574468085,0.063157895,28.3370786516854,0.0421052631578947,0.347368421052632,0.031578947368421,0.578947368421053,Unmetalled,10.6376811594203,0.978947368421053,0.0210526315789473,0.0210526315789473,0.0,0.0105263157894736,0.084210526,0.210526315789474,0.694736842105263,0.0,0.0,0.084210526,0.91578947368421,0.8,0.126315789473684,0.0,0.031578947368421,0.157894736842105,0.0105263157894736,44.55319149,0.978947368421053,57.0,0.0210526315789473,45.6559139784946,0.0105263157894736,50.531914893617,0.957894736842105,42.5,0.631578947,15.7428571428571,0.052631579,28.8222222222222,0.0210526315789473,64.1827956989247,0.0,57.7263157894737,0.0210526315789473,106.150537634409,0.0,79.2526315789474,0.0,61.9789473684211,0.031578947368421,32.9456521739131,0.0421052631578947,0.0,0.0,0.0210526315789473,28.5483870967742,0.168421052631579,14.7594936708861,0.221052631578947,35.59459459,0.126315789473684,20.0722891566265,0.031578947368421,32.3804347826087,0.031578947368421,43.7282608695652,0.115789473684211,24.1071428571429,0.063157895,26.7191011235955,0.0421052631578947,31.9010989,0.136842105263158,29.5,0.031578947368421,32.7391304347826,0.0421052631578947,27.1538461538462,0.052631579,30.1222222222222,0.115789473684211
HANGU DISTRICT,KHYBER PAKHTUNKHWA,KOHAT DIVISION,2,195,49,0.306122448979592,0.081632653,0.612244897959184,0.0,0.693877551020408,0.285714285714286,0.020408163,0.0,0.0,0.653061224489796,0.040816327,0.306122448979592,0.081632653,0.183673469387755,0.163265306122449,0.387755102040816,0.102040816326531,0.938775510204082,0.020408163,0.979591836734694,6.0,88.2040816326531,0.26530612244898,0.428571428571429,0.0,0.0,0.081632653,0.755102040816327,0.0,0.346938775510204,0.0612244897959183,0.0,0.040816327,0.959183673469388,0.285714285714286,19.4285714285714,0.326530612244898,12.1818181818182,0.306122448979592,0.469387755102041,0.040816327,0.183673469387755,Metaled,5.0,0.857142857142857,0.142857142857143,0.102040816326531,0.040816327,0.081632653,0.26530612244898,0.306122448979592,0.346938775510204,0.0,0.020408163,0.142857142857143,0.836734693877551,0.591836734693878,0.938775510204082,0.081632653,0.306122448979592,0.0,0.224489795918367,13.1052631578947,0.897959183673469,20.2,0.428571428571429,14.8928571428571,0.183673469387755,17.4,0.857142857142857,22.2857142857143,0.755102040816327,21.1666666666667,0.285714285714286,13.4857142857143,0.040816327,14.936170212766,0.122448979591837,14.2325581395349,0.040816327,19.2127659574468,0.040816327,14.2340425531915,0.142857142857143,12.3809523809524,0.183673469387755,12.35,0.102040816326531,0.0,0.0,0.204081632653061,11.974358974359,0.204081632653061,12.3589743589744,0.244897959183673,14.4324324324324,0.306122448979592,11.3823529411765,0.244897959183673,11.8108108108108,0.0612244897959183,17.0,0.163265306122449,12.390243902439,0.306122448979592,12.3823529411765,0.122448979591837,14.3720930232558,0.122448979591837,13.3023255813954,0.102040816326531,13.4090909090909,0.224489795918367,13.7631578947368,0.183673469387755,12.825,0.591836734693878
KARAK DISTRICT,KHYBER PAKHTUNKHWA,KOHAT DIVISION,3,628,118,0.101694915254237,0.177966101694915,0.711864407,0.008474576,0.376068376068376,0.444444444444444,0.094017094,0.085470085,7.7,0.694915254237288,0.0,0.254237288135593,0.0,0.203389830508475,0.372881355932203,0.135593220338983,0.008474576,0.923728814,0.016949153,0.779661016949153,5.30769230769231,191.243697478992,0.127118644067797,0.686440677966102,0.0,0.0,0.042372881,0.26271186440678,0.0,0.042372881,0.161016949152542,0.093220339,0.341880341880342,0.658119658119658,0.152542372881356,27.69,0.372881355932203,13.3648648648649,0.11864406779661,0.059322033898305,0.016949153,0.805084745762712,Metaled,5.6046511627907,0.932203389830508,0.06779661,0.0,0.06779661,0.0,0.033898305,0.101694915254237,0.86440678,0.0,0.0,0.033898305,0.966101694915254,0.754237288135593,0.728813559322034,0.008474576,0.415254237288136,0.0254237288135593,0.186440677966102,13.71875,0.974576271186441,4.0,0.194915254237288,13.9578947368421,0.059322033898305,33.1621621621622,0.983050847457627,4.5,0.805084745762712,9.78260869565217,0.211864407,12.6236559139785,0.093220339,19.7102803738318,0.110169491525424,19.1333333333333,0.008474576,60.8376068376068,0.0,86.4745762711864,0.194915254237288,20.2631578947368,0.203389830508475,13.6063829787234,0.050847458,0.016949153,0.0,0.23728813559322,10.1333333333333,0.135593220338983,10.5686274509804,0.313559322033898,15.6666666666667,0.23728813559322,13.8444444444444,0.135593220338983,12.656862745098,0.059322033898305,18.6486486486487,0.135593220338983,13.1862745098039,0.186440677966102,12.78125,0.220338983050847,14.5978260869565,0.239316239316239,14.5168539325843,0.203389830508475,12.7872340425532,0.17948717948718,12.2291666666667,0.256410256410256,11.448275862069,0.355932203389831
KOHAT DISTRICT,KHYBER PAKHTUNKHWA,KOHAT DIVISION,3,650,174,0.154285714285714,0.222857142857143,0.611428571428571,0.0114285714285714,0.628571428571429,0.245714285714286,0.0171428571428571,0.108571428571429,27.2631578947368,0.548571428571429,0.005714286,0.131428571428571,0.005714286,0.411428571428571,0.201149425287356,0.21264367816092,0.057471264,0.931034482758621,0.0402298850574712,0.827586206896552,3.9,146.257142857143,0.314285714285714,0.6,0.005714286,0.0,0.057142857,0.491428571428571,0.057142857,0.114285714285714,0.108571428571429,0.04,0.08,0.92,0.142857142857143,25.0066666666667,0.182857142857143,15.5034965034965,0.377142857142857,0.171428571428571,0.0228571428571428,0.428571428571429,Metaled,9.92307692307692,0.885714285714286,0.114285714285714,0.074285714,0.04,0.097142857,0.16,0.217142857142857,0.525714285714286,0.028571429,0.051428571,0.125714285714286,0.794285714285714,0.594285714285714,0.668571428571429,0.131428571428571,0.228571428571429,0.091428571,0.23121387283237,19.796992481203,0.901734104046243,16.1176470588235,0.323699421965318,19.8974358974359,0.213872832369942,27.0882352941177,0.84971098265896,15.8076923076923,0.771428571428572,14.825,0.108571428571429,18.4166666666667,0.034682081,27.9281437125749,0.0578034682080924,22.3251533742331,0.04,33.4940476190476,0.034285714,28.094674556213,0.085714286,21.8875,0.068965517,21.7530864197531,0.235632183908046,0.0,0.0,0.218390804597701,14.4705882352941,0.201149425287356,11.6115107913669,0.241379310344828,21.1212121212121,0.264367816091954,13.046875,0.155172413793103,15.2312925170068,0.0344827586206896,18.2916666666667,0.183908045977012,15.4507042253521,0.172413793103448,16.2152777777778,0.109195402298851,17.6258064516129,0.258620689655172,16.031007751938,0.14367816091954,17.6375838926175,0.102857142857143,14.4267515923567,0.172413793103448,18.5625,0.262857142857143
BUNER DISTRICT,KHYBER PAKHTUNKHWA,MALAKAND DIVISION,4,537,166,0.096385542,0.084337349,0.813253012048193,0.006024096,0.253012048192771,0.590361445783133,0.048192771,0.108433734939759,6.94444444444445,0.58433734939759,0.006024096,0.132530120481928,0.0180722891566265,0.301204819277108,0.006024096,0.210843373493976,0.054216867,0.927710843,0.0240963855421686,0.963855422,100.333333333333,236.44578313253,0.481927710843374,0.331325301204819,0.0,0.0,0.0240963855421686,0.319277108433735,0.042168675,0.578313253012048,0.0120481927710843,0.006024096,0.13855421686747,0.86144578313253,0.120481927710843,52.1301369863014,0.198795180722892,10.4210526315789,0.192771084337349,0.41566265060241,0.0,0.391566265060241,Metaled,5.07142857142857,0.728915662650602,0.271084337349398,0.204819277108434,0.06626506,0.0180722891566265,0.27710843373494,0.313253012048193,0.391566265060241,0.0,0.102409638554217,0.120481927710843,0.77710843373494,0.614457831325301,0.855421686746988,0.06626506,0.22289156626506,0.0602409638554216,0.168674698795181,22.9057971014493,0.897590361445783,10.6470588235294,0.337349397590361,32.5090909090909,0.204819277108434,28.3712121212121,0.91566265060241,13.2142857142857,0.813253012048193,9.09677419354839,0.246987951807229,8.744,0.072289157,28.3116883116883,0.090361446,24.9801324503311,0.0301204819277108,55.9875776397516,0.036144578,43.75,0.084337349,22.7565789473684,0.0602409638554216,23.7307692307692,0.102409638554217,0.0120481927710843,0.0120481927710843,0.150602409638554,7.737588652,0.180722891566265,7.41176470588235,0.493975903614458,13.6904761904762,0.174698795180723,7.32116788321168,0.168674698795181,8.09420289855073,0.210843373493976,13.5725190839695,0.216867469879518,8.33076923076923,0.186746987951807,11.0592592592593,0.162650602409639,11.0287769784173,0.216867469879518,15.5769230769231,0.240963855421687,10.0555555555556,0.162650602409639,10.1870503597122,0.301204819277108,9.81034482758621,0.355421686746988
CHITRAL LOWER,KHYBER PAKHTUNKHWA,MALAKAND DIVISION,2,1123,332,0.039039039,0.603603603603604,0.357357357357357,0.0,0.72972972972973,0.117117117117117,0.072072072,0.081081081,22.2222222222222,0.372372372372372,0.012012012012012,0.093093093,0.066066066,0.543543543543544,0.0150602409638554,0.162650602409639,0.048192771,0.990963855421687,0.042168675,0.963963964,41.08333333333329,269.925149700599,0.501501501501502,0.039039039,0.024024024024024,0.0,0.003003003,0.102102102102102,0.276276276276276,0.582582582582583,0.03003003,0.057057057057057,0.159159159159159,0.840840840840841,0.159159159159159,31.4321428571429,0.117117117117117,16.5204081632653,0.084084084,0.033033033,0.009009009,0.873873873873874,Unmetalled,13.4406130268199,0.978978979,0.021021021021021,0.018018018018018,0.003003003,0.03003003,0.045045045,0.09009009,0.834834834834835,0.054054054,0.003003003,0.048048048,0.894894894894895,0.813813813813814,0.513513513513514,0.192192192192192,0.153153153153153,0.051051051,0.129129129129129,20.8931034482759,0.864864864864865,27.5111111111111,0.189189189189189,29.3925925925926,0.174174174174174,27.4436363636364,0.750750750750751,28.1807228915663,0.756756756756757,14.4444444444444,0.162162162162162,16.8387096774194,0.09009009,35.03300330033,0.078078078,28.9641693811075,0.057057057057057,45.6433121019108,0.081081081,25.6078431372549,0.06006006,25.814696485623,0.06006006,26.3099041533546,0.09009009,0.021021021021021,0.219219219219219,0.102102102102102,10.6989966555184,0.12012012012012,8.375426621,0.465465465465465,15.747191011236,0.093093093,11.9437086092715,0.177177177177177,13.4525547445255,0.066066066,17.5755627009646,0.117117117117117,13.4965986394558,0.126126126126126,12.5979381443299,0.099099099,14.5433333333333,0.234234234234234,16.1607843137255,0.06006006,20.4057507987221,0.096096096,11.8803986710963,0.063063063,22.3205128205128,0.099099099
CHITRAL UPPER,KHYBER PAKHTUNKHWA,MALAKAND DIVISION,2,485,162,0.0123456790123456,0.87037037037037,0.111111111111111,0.00617284,0.858024691358025,0.061728395,0.0185185185185185,0.061728395,41.8,0.475308641975309,0.0,0.0123456790123456,0.0185185185185185,0.506172839506173,0.0125786163522012,0.050314465408805,0.006289308,0.987421383647799,0.056603774,1.0,0.0,233.703703703704,0.666666666666667,0.0,0.0,0.0,0.00617284,0.061728395,0.302469135802469,0.555555555555556,0.0123456790123456,0.0123456790123456,0.0308641975308641,0.969135802469136,0.049382716,307.61038961039,0.074074074,21.8533333333333,0.0,0.00617284,0.00617284,0.987654320987654,Unmetalled,43.2953020134228,0.993827160493827,0.00617284,0.00617284,0.0,0.0,0.0,0.00617284,0.993827160493827,0.0,0.0,0.0,1.0,0.58641975308642,0.777777777777778,0.098765432,0.0308641975308641,0.0432098765432098,0.12962962962963,37.9858156028369,0.932098765432099,33.9090909090909,0.086419753,40.1418918918919,0.061728395,65.2171052631579,0.796296296296296,43.2727272727273,0.864197530864198,36.7727272727273,0.179012345679012,26.6165413533835,0.209876543209877,14.875,0.067901235,71.9668874172185,0.00617284,382.962732919255,0.141975308641975,20.9640287769784,0.061728395,33.1907894736842,0.037037037037037,44.4679487179487,0.17283950617284,0.0123456790123456,0.216049382716049,0.209876543209877,9.015625,0.061728395,14.2039473684211,0.635802469135803,24.6949152542373,0.086419753,15.8918918918919,0.191358024691358,17.9007633587786,0.117283950617284,21.951048951049,0.197530864197531,8.36153846153846,0.253086419753086,21.9669421487603,0.104938271604938,15.0620689655172,0.388888888888889,9.77777777777778,0.061728395,37.671052631579,0.061728395,17.5921052631579,0.086419753,24.2635135135135,0.055555556
LOWER DIR DISTRICT,KHYBER PAKHTUNKHWA,MALAKAND DIVISION,4,1794,1051,0.046973803,0.170731707317073,0.780487804878049,0.001806685,0.745257452574526,0.149051490514905,0.037037037037037,0.06865402,6.92105263157895,0.676603432700994,0.0,0.130984643179765,0.005420054,0.288166214995483,0.0374087591240875,0.466240875912409,0.020985401459854,0.986313868613139,0.0218978102189781,0.982836495,1.78947368421053,144.464317976513,0.182475158084914,0.312556458897922,0.003613369,0.002710027,0.013550135501355,0.641373080397471,0.020776874,0.612466124661247,0.003613369,0.007226739,0.081300813,0.91869918699187,0.208672086720867,31.2659817351598,0.103884372177055,9.11290322580645,0.109304426377597,0.19873532068654,0.005420054,0.686540198735321,Metaled,7.49894291754757,0.941282746,0.058717254,0.048780488,0.009936766,0.014453477868112,0.128274616079494,0.266485998193315,0.590785907859079,0.008130081,0.047877145,0.128274616079494,0.815718157181572,0.853658536585366,0.755194218608853,0.048780488,0.302619692863595,0.038843722,0.061427281,15.9769008662175,0.951219512195122,12.7222222222222,0.247515808491418,10.2857142857143,0.112014453477868,17.2156663275687,0.93676603432701,13.1714285714286,0.737127371273713,8.498281787,0.15356820234869,9.45891141942369,0.037037037037037,22.1444652908068,0.050587173,20.4795432921028,0.043360434,37.4220963172805,0.028003613369467,21.1672862453532,0.022583559168925,15.4556377079482,0.035230352,17.0084269662921,0.130984643179765,0.0,0.009033424,0.06865402,7.712900097,0.083107498,7.27881773399015,0.532068654019874,12.4942084942085,0.06865402,7.73714839961203,0.046973803,11.8909952606635,0.089430894,17.7519841269841,0.06865402,8.73714839961203,0.08401084,11.1410256410256,0.056007227,11.155023923445,0.193315266485998,10.93281075028,0.056910569105691,11.7327586206897,0.06504065,7.92173913043478,0.155374887082204,7.65561497326203,0.416440831074977
MALAKAND PROTECTED AREA,KHYBER PAKHTUNKHWA,MALAKAND DIVISION,3,296,34,0.529411764705882,0.0294117647058823,0.441176470588235,0.0,0.323529411764706,0.676470588235294,0.0,0.0,0.0,0.941176470588235,0.0,0.911764705882353,0.0,0.0588235294117647,0.823529411764706,0.382352941176471,0.764705882352941,0.970588235294118,0.117647058823529,1.0,0.0,77.64705882,0.970588235294118,0.823529411764706,0.0294117647058823,0.0,0.0294117647058823,0.911764705882353,0.0,0.0588235294117647,0.0,0.0,0.0,1.0,0.294117647058824,11.3333333333333,0.764705882352941,3.75,0.205882352941176,0.764705882352941,0.0,0.0294117647058823,Metaled,2.0,0.941176470588235,0.0588235294117647,0.0588235294117647,0.0,0.0,0.735294117647059,0.205882352941176,0.0588235294117647,0.0,0.147058823529412,0.088235294,0.764705882352941,0.882352941176471,1.0,0.588235294117647,0.970588235294118,0.0,0.735294117647059,18.2222222222222,1.0,0.0,0.823529411764706,12.0,0.764705882352941,19.875,0.970588235294118,15.0,0.941176470588235,3.5,0.441176470588235,5.31578947368421,0.147058823529412,13.448275862069,0.117647058823529,11.0333333333333,0.0294117647058823,22.969696969697,0.117647058823529,11.7,0.205882352941176,11.8518518518519,0.323529411764706,9.78260869565217,0.147058823529412,0.0,0.0,0.558823529411765,4.0,0.588235294117647,5.57142857142857,0.441176470588235,8.73684210526316,0.823529411764706,10.8333333333333,0.588235294117647,12.7857142857143,0.352941176470588,12.4545454545455,0.705882352941177,3.7,0.794117647058824,3.57142857142857,0.588235294117647,9.71428571428571,0.352941176470588,9.18181818181818,0.558823529411765,13.0666666666667,0.647058823529412,4.83333333333333,0.705882352941177,7.2,0.235294117647059
SHANGLA DISTRICT,KHYBER PAKHTUNKHWA,MALAKAND DIVISION,3,827,110,0.009009009,0.054054054,0.873873873873874,0.063063063,0.162162162162162,0.423423423423423,0.324324324324324,0.09009009,8.4,0.567567567567568,0.045045045,0.468468468468468,0.108108108108108,0.117117117117117,0.027027027,0.558558558558559,0.054054054,0.828828828828829,0.036036036036036,0.972972973,10.6666666666667,180.09009009009,0.423423423423423,0.252252252252252,0.009009009,0.0,0.045045045,0.234234234234234,0.225225225225225,0.891891891891892,0.018018018018018,0.018018018018018,0.036036036036036,0.963963964,0.630630630630631,42.92682926829271,0.378378378378378,13.2608695652174,0.117117117117117,0.144144144144144,0.0,0.738738738738739,Unmetalled,12.5294117647059,0.846846846846847,0.153153153153153,0.099099099,0.054054054,0.0,0.099099099,0.153153153153153,0.747747747747748,0.009009009,0.072072072,0.117117117117117,0.801801801801802,0.837837837837838,0.765765765765766,0.09009009,0.189189189189189,0.018018018018018,0.108108108108108,40.0707070707071,0.954954955,46.0,0.189189189189189,32.7,0.099099099,50.75,0.954954955,48.2,0.936936936936937,15.0,0.477477477477478,8.465517241,0.045045045,71.7452830188679,0.045045045,70.5,0.009009009,83.1818181818182,0.018018018018018,58.5321100917431,0.054054054,36.8666666666667,0.063063063,24.5865384615385,0.009009009,0.0,0.0,0.207207207207207,11.9772727272727,0.252252252252252,7.98795180722892,0.558558558558559,15.5714285714286,0.225225225225225,10.9418604651163,0.144144144144144,13.5578947368421,0.126126126126126,32.6494845360825,0.27027027027027,9.69135802469136,0.207207207207207,21.4204545454545,0.144144144144144,20.0526315789474,0.234234234234234,28.6705882352941,0.135135135135135,17.3020833333333,0.099099099,16.42,0.396396396396396,12.7910447761194,0.441441441441441
SWAT DISTRICT,KHYBER PAKHTUNKHWA,MALAKAND DIVISION,8,760,212,0.216981132075472,0.061320755,0.721698113207547,0.0,0.608490566037736,0.292452830188679,0.094339623,0.004716981,15.0,0.584905660377359,0.004716981,0.476415094339623,0.009433962,0.273584905660377,0.094339623,0.669811320754717,0.35377358490566,0.995283018867924,0.037735849,1.0,0.0,134.75,0.570754716981132,0.575471698113208,0.009433962,0.004716981,0.080188679,0.60377358490566,0.226415094339623,0.636792452830189,0.004716981,0.0,0.0188679245283018,0.981132075471698,0.330188679,26.3239436619718,0.415094339622642,8.31451612903226,0.245283018867925,0.485849056603774,0.004716981,0.264150943396226,Metaled,6.47058823529412,0.69811320754717,0.30188679245283,0.226415094339623,0.075471698,0.10377358490566,0.292452830188679,0.30188679245283,0.30188679245283,0.047169811,0.04245283,0.179245283018868,0.731132075471698,0.783018867924528,0.806603773584906,0.311320754716981,0.617924528301887,0.033018868,0.169811320754717,11.6136363636364,0.938679245283019,5.84615384615385,0.466981132075472,12.8849557522124,0.334905660377358,12.1702127659574,0.910377358,7.57894736842105,0.900943396226415,7.0,0.367924528301887,7.3134328358209,0.047169811,23.2623762376238,0.094339623,20.078125,0.061320755,26.7989949748744,0.056603774,31.89,0.075471698,24.0102040816327,0.141509433962264,13.8681318681319,0.542452830188679,0.113207547169811,0.004716981,0.240566037735849,7.54037267080745,0.273584905660377,5.18831168831169,0.443396226415094,8.5593220338983,0.283018867924528,8.57894736842105,0.169811320754717,10.1534090909091,0.056603774,19.975,0.254716981132075,10.0569620253165,0.254716981132075,10.0189873417722,0.122641509433962,11.8064516129032,0.113207547169811,13.1489361702128,0.330188679,10.2957746478873,0.179245283018868,8.252873563,0.382075471698113,7.62595419847328,0.495283018867925
UPPER DIR DISTRICT,KHYBER PAKHTUNKHWA,MALAKAND DIVISION,3,2663,638,0.0167938931297709,0.461068702290076,0.519083969465649,0.003053435,0.47175572519084,0.198473282442748,0.058015267,0.27175572519084,10.4325842696629,0.581679389312977,0.009160305,0.294656488549618,0.033587786,0.196946564885496,0.00618238,0.236476043276662,0.0278207109737248,0.984544049459042,0.0216383307573415,0.97557251908397,59.1875,193.523664122137,0.213740458015267,0.045801527,0.001526718,0.0,0.004580153,0.141984732824427,0.099236641,0.906870229007634,0.0167938931297709,0.001526718,0.253435114503817,0.746564885496183,0.067175573,69.3977086743044,0.071755725,12.5115131578947,0.045801527,0.0213740458015267,0.004580153,0.92824427480916,Unmetalled,10.4380165289256,0.97557251908397,0.0244274809160305,0.0122137404580152,0.0122137404580152,0.0,0.007633588,0.097709924,0.894656488549618,0.003053435,0.009160305,0.073282443,0.914503816793893,0.847328244274809,0.363358778625954,0.009160305,0.190839694656489,0.097709924,0.06870229,16.0180327868852,0.961832061068702,15.28,0.125190839694657,17.6788830715532,0.054961832,30.3360258481422,0.873282442748092,13.6024096385542,0.829007633587786,9.32142857142857,0.122137404580153,10.7652173913043,0.06870229,40.6262295081967,0.045801527,25.008,0.0259541984732824,46.4686520376176,0.0167938931297709,45.833850931677,0.0167938931297709,43.1614906832298,0.019847328,25.4735202492212,0.0503816793893129,0.007633588,0.001526718,0.0442748091603053,12.8722044728435,0.06870229,10.9540983606557,0.332824427,21.8718535469108,0.085496183,9.183639399,0.067175573,12.4697217675941,0.048854962,25.139646869984,0.077862595,13.7400662251656,0.067175573,14.8903436988543,0.032061069,17.2334384858044,0.070229008,18.2430213464696,0.0351145038167938,16.8259493670886,0.038167939,15.8206349206349,0.082442748,13.8202995008319,0.16793893129771
MARDAN DISTRICT,KHYBER PAKHTUNKHWA,MARDAN DIVISION,5,931,169,0.337209302325581,0.052325581,0.604651162790698,0.005813953,0.660818713450292,0.286549707602339,0.035087719,0.0175438596491228,6.66666666666667,0.662790697674419,0.01744186,0.406976744186047,0.0116279069767441,0.22093023255814,0.325581395348837,0.325581395348837,0.13953488372093,0.895348837209302,0.052325581,0.982558139534884,11.0,91.9476744186046,0.191860465116279,0.947674418604651,0.034883721,0.0,0.116279069767442,0.377906976744186,0.005813953,0.0406976744186046,0.005813953,0.005813953,0.052325581,0.947674418604651,0.255813953488372,9.8125,0.552325581395349,4.74025974025974,0.412790697674419,0.453488372093023,0.005813953,0.127906976744186,Metaled,5.22222222222222,0.843023255813954,0.156976744186047,0.104651162790698,0.052325581,0.215116279069767,0.447674418604651,0.209302325581395,0.127906976744186,0.098837209,0.273255813953488,0.209302325581395,0.418604651162791,0.63953488372093,0.936046512,0.122093023255814,0.395348837209302,0.01744186,0.232558139534884,7.71212121212121,0.482558139534884,8.0,0.877906977,7.23809523809524,0.180232558139535,8.468085106,0.517441860465116,7.97590361445783,0.808139534883721,6.0,0.459302325581395,5.81720430107527,0.168604651162791,7.7972027972028,0.098837209,7.36129032258065,0.052325581,23.8650306748466,0.058139535,19.2716049382716,0.186046511627907,9.82142857142857,0.191860465116279,7.68345323741007,0.854651162790698,0.034883721,0.075581395,0.447674418604651,5.33684210526316,0.348837209302326,5.05357142857143,0.308139534883721,8.14285714285714,0.372093023255814,5.08333333333333,0.290697674418605,6.0,0.127906976744186,7.86666666666667,0.284883720930233,5.83739837398374,0.308139534883721,5.42857142857143,0.284883720930233,6.53658536585366,0.424418604651163,6.22222222222222,0.267441860465116,6.44444444444445,0.174418604651163,6.77464788732394,0.412790697674419,6.86138613861386,0.25
SWABI DISTRICT,KHYBER PAKHTUNKHWA,MARDAN DIVISION,4,413,156,0.471337579617834,0.0445859872611464,0.484076433121019,0.0,0.592356687898089,0.356687898089172,0.0254777070063694,0.0254777070063694,4.75,0.624203821656051,0.0,0.13375796178344,0.0254777070063694,0.363057324840764,0.121019108280255,0.343949044585987,0.01910828,0.929936305732484,0.0,0.993630573248408,2.0,101.324840764331,0.248407643312102,0.687898089171975,0.0127388535031847,0.0,0.101910828025478,0.471337579617834,0.0254777070063694,0.210191082802548,0.031847134,0.006369427,0.0127388535031847,0.987261146496815,0.261146496815287,20.2586206896552,0.484076433121019,19.0246913580247,0.56687898089172,0.229299363057325,0.0,0.203821656050955,Metaled,7.0,0.955414012738854,0.0445859872611464,0.0254777070063694,0.01910828,0.210191082802548,0.445859873,0.191082802547771,0.152866242038217,0.076433121,0.101910828025478,0.222929936305733,0.598726114649682,0.617834394904459,0.815286624203822,0.057324841,0.337579617834395,0.121019108280255,0.382165605095541,13.8865979381443,0.796178343949045,13.5625,0.401273885350319,17.5851063829787,0.248407643312102,17.7542372881356,0.777070063694268,19.6,0.815286624203822,13.2758620689655,0.573248407643312,12.8059701492537,0.24203821656051,18.6302521008403,0.184713375796178,18.015625,0.0445859872611464,19.9266666666667,0.038216561,20.1456953642384,0.127388535031847,16.7591240875912,0.191082802547771,16.9842519685039,0.222929936305733,0.006369427,0.006369427,0.382165605095541,13.8762886597938,0.229299363057325,11.0661157024793,0.579617834394904,17.2121212121212,0.407643312101911,7.58064516129032,0.273885350318471,8.71052631578947,0.13375796178344,9.77941176470588,0.369426751592357,10.3434343434343,0.407643312101911,9.02150537634409,0.267515924,10.0434782608696,0.363057324840764,10.53,0.407643312101911,11.8924731182796,0.286624203821656,8.77678571428571,0.471337579617834,10.0120481927711,0.369426751592357
CHARSADDA DISTRICT,KHYBER PAKHTUNKHWA,PESHAWAR DIVISION,3,674,203,0.273170731707317,0.024390243902439,0.702439024390244,0.0,0.726829268292683,0.224390243902439,0.048780488,0.0,0.0,0.907317073170732,0.009756098,0.253658536585366,0.0,0.07804878,0.419512195121951,0.453658536585366,0.180487804878049,0.902439024390244,0.034146341,0.995121951219512,2.0,43.8926829268293,0.165853658536585,0.946341463414634,0.019512195,0.0,0.131707317073171,0.336585365853659,0.063414634,0.004878049,0.0,0.0,0.004878049,0.995121951219512,0.258536585365854,6.57236842105263,0.453658536585366,4.94642857142857,0.404878048780488,0.317073170731707,0.0,0.278048780487805,Metaled,4.5,0.839024390243902,0.160975609756098,0.107317073170732,0.053658537,0.068292683,0.302439024390244,0.370731707317073,0.258536585365854,0.029268293,0.087804878,0.258536585365854,0.624390244,0.8,0.95609756097561,0.053658537,0.468292682926829,0.019512195,0.258536585365854,6.25,0.946341463414634,5.72727272727273,0.434146341463415,6.97413793103448,0.209756097560976,7.31481481481482,0.970731707317073,7.66666666666667,0.71219512195122,6.10169491525424,0.351219512195122,5.63157894736842,0.053658537,8.51030927835052,0.063414634,7.52083333333333,0.053658537,12.9845360824742,0.034146341,11.4444444444444,0.11219512195122,8.13736263736264,0.07804878,7.45502645502646,0.209756097560976,0.004878049,0.0,0.253658536585366,5.43790849673203,0.214634146341463,4.49068322981367,0.268292682926829,7.50666666666667,0.351219512195122,4.74436090225564,0.209756097560976,5.1358024691358,0.092682927,8.392473118,0.165853658536585,6.32163742690059,0.297560975609756,6.33333333333333,0.136585365853659,7.85310734463277,0.4,5.8130081300813,0.253658536585366,6.37254901960784,0.131707317073171,6.12359550561798,0.4,5.44715447154472,0.273170731707317
NOWSHERA DISTRICT,KHYBER PAKHTUNKHWA,PESHAWAR DIVISION,3,355,159,0.360544217687075,0.040816327,0.585034013605442,0.0136054421768707,0.746575342465753,0.232876712328767,0.006849315,0.01369863,10.5,0.643835616438356,0.020547945,0.452054794520548,0.01369863,0.157534246575342,0.589041096,0.246575342465753,0.089041096,0.753424657534247,0.01369863,0.972789115646258,3.25,115.213836477987,0.319727891156463,0.768707482993197,0.122448979591837,0.0136054421768707,0.040816327,0.353741496598639,0.0272108843537414,0.068027211,0.006802721,0.0,0.0612244897959183,0.938775510204082,0.26027397260274,10.3055555555556,0.397260273972603,8.70454545454546,0.496598639455782,0.326530612244898,0.006802721,0.170068027210884,Metaled,8.42857142857143,0.877551020408163,0.122448979591837,0.095238095,0.0272108843537414,0.272108844,0.414965986394558,0.149659863945578,0.163265306122449,0.0476190476190476,0.204081632653061,0.149659863945578,0.598639455782313,0.568493150684932,0.931506849315068,0.246575342465753,0.534246575342466,0.020547945,0.356164383561644,10.6702127659574,0.842465753424658,10.6521739130435,0.452054794520548,13.35,0.308219178082192,11.8118811881188,0.842465753424658,10.0434782608696,0.863013699,10.3,0.308219178082192,8.12871287128713,0.116438356164384,12.4573643410853,0.136986301,12.8492063492064,0.068493151,12.9926470588235,0.308219178082192,10.2277227722772,0.10958904109589,10.5230769230769,0.136986301,9.44444444444445,0.301369863013699,0.123287671232877,0.01369863,0.219178082191781,7.71929824561404,0.226027397260274,7.06194690265487,0.205479452054795,10.5603448275862,0.342465753424658,6.75,0.301369863013699,7.55882352941176,0.116438356164384,8.55038759689922,0.273972603,9.41509433962264,0.315068493150685,7.69,0.226027397260274,8.39823008849558,0.363013699,7.9247311827957,0.212328767123288,9.5304347826087,0.156462585034014,10.6532258064516,0.272108844,9.71028037383178,0.210884353741497
PESHAWAR DISTRICT,KHYBER PAKHTUNKHWA,PESHAWAR DIVISION,5,821,315,0.163522012578616,0.066037736,0.764150943396227,0.006289308,0.729559748427673,0.188679245283019,0.081761006,0.0,0.0,0.79874213836478,0.034591195,0.39937106918239,0.0157232704402515,0.113207547169811,0.636942675159236,0.32484076433121,0.111464968152866,0.691082802547771,0.0414012738853503,0.949685535,3.1875,86.6761006289308,0.361635220125786,0.757861635220126,0.0251572327044025,0.0,0.062893082,0.459119496855346,0.037735849,0.040880503144654,0.006289308,0.003144654,0.050314465408805,0.949685535,0.330188679,12.9859154929577,0.377358490566038,7.27272727272727,0.588050314465409,0.20440251572327,0.009433962,0.19811320754717,Metaled,2.58620689655172,0.836477987421384,0.163522012578616,0.125786163522013,0.037735849,0.144654088050314,0.333333333333333,0.254716981132075,0.267295597484277,0.050314465408805,0.147798742138365,0.188679245283019,0.613207547169811,0.830188679245283,0.867924528301887,0.223270440251572,0.547169811320755,0.003144654,0.522012578616352,10.5131578947368,0.962264150943396,7.41666666666667,0.537735849056604,10.9115646258503,0.361635220125786,13.8472906403941,0.968553459119497,11.2,0.761006289308176,5.80263157894737,0.440251572327044,7.88202247191011,0.072327044,14.8508474576271,0.138364779874214,14.3941605839416,0.10377358490566,17.5017543859649,0.066037736,16.1346801346801,0.125786163522013,12.4496402877698,0.138364779874214,13.6277372262774,0.119496855345912,0.022012579,0.009433962,0.248427672955975,6.86192468619247,0.320754716981132,5.65277777777778,0.305031446540881,11.7466063348416,0.330188679,6.09389671361502,0.213836477987421,6.164,0.176100628930818,11.706106870229,0.342767295597484,6.6555023923445,0.261006289308176,8.07659574468085,0.160377358490566,10.6441947565543,0.30188679245283,11.7162162162162,0.411949685534591,11.2085561497326,0.185534591194969,7.04633204633205,0.389937107,7.2319587628866,0.352201257861635
BAHAWALNAGAR DISTRICT,PUNJAB,BAHAWALPUR DIVISION,5,3099,1095,0.454461821527139,0.036798528,0.499540018399264,0.009199632,0.573664825046041,0.344383057090239,0.063535912,0.018416206,3.95,0.159007352941176,0.005514706,0.0358455882352941,0.022977941,0.818014705882353,0.03451582,0.200383509108341,0.0527325023969319,0.957813998082454,0.0306807286673058,0.422405876951331,5.14149443561208,57.7816196542311,0.302389705882353,0.735294117647059,0.078125,0.008272059,0.110294117647059,0.002757353,0.044117647,0.000919118,0.041360294,0.022977941,0.13720073664825,0.86279926335175,0.085477941,19.4683417085427,0.306985294117647,6.27320954907162,0.100275988960442,0.018399264,0.271389144434223,0.609935603,Metaled,3.38028169014085,0.955882352941176,0.044117647,0.026654412,0.0174632352941176,0.0477502295684113,0.108356290174472,0.122130394857668,0.721763085,0.016528926,0.019283747,0.033976125,0.930211202938476,0.363051470588235,0.918198529411765,0.097426471,0.080882353,0.0422794117647058,0.125,12.9264705882353,0.875919117647059,10.8148148148148,0.105698529411765,13.4953751284687,0.143382352941176,12.8047210300429,0.837316176470588,12.8700564971751,0.411764705882353,8.640625,0.095676173,10.5615462868769,0.040441176,13.4731800766284,0.047794118,14.1988416988417,0.052389706,36.4073714839961,0.049632353,12.7214700193424,0.124080882352941,9.55718782791186,0.0505514705882352,14.07841239,0.480220791168353,0.544618215271389,0.41214351425943,0.126838235294118,8.48105263157895,0.055147059,12.2986381322957,0.133272058823529,12.524920466596,0.159926470588235,8.19146608315099,0.155330882352941,8.40369967355822,0.117647058823529,11.8395833333333,0.148897058823529,10.2041036717063,0.177389705882353,9.06703910614525,0.102022058823529,10.453428863869,0.257116620752984,10.1953028430161,0.091911765,12.3795546558704,0.102846648301194,8.324462641,0.147842056932966,9.23275862068966,0.491276400367309
BAHAWALPUR DISTRICT,PUNJAB,BAHAWALPUR DIVISION,6,2691,709,0.436440677966102,0.0466101694915254,0.507062146892655,0.009887006,0.494350282485876,0.444915254237288,0.057909605,0.002824859,3.5,0.384180791,0.005649718,0.0268361581920903,0.007062147,0.598870056497175,0.108262108262108,0.196581196581197,0.103988603988604,0.965811965811966,0.037037037037037,0.655367232,3.29508196721311,83.5035161744023,0.096045198,0.826271186,0.093220339,0.0112994350282485,0.151129943502825,0.001412429,0.0183615819209039,0.001412429,0.042372881,0.0127118644067796,0.0621468926553672,0.937853107344633,0.079096045,18.1625766871166,0.361581920903955,5.07964601769912,0.15819209039548,0.024011299,0.317796610169492,0.5,Metaled,3.11666666666667,0.935028248587571,0.064971751,0.04519774,0.019774011,0.0466101694915254,0.11864406779661,0.227401129943503,0.607344632768362,0.024011299,0.0437853107344632,0.06779661,0.86440678,0.604519774011299,0.939265536723164,0.18361581920904,0.166666666666667,0.0254237288135593,0.148305084745763,10.6716417910448,0.942090395,8.17073170731707,0.145480225988701,12.6859504132231,0.180790960451977,12.148275862069,0.927966101694915,9.7843137254902,0.593220338983051,7.94791666666667,0.124293785310734,9.20806451612903,0.028248588,19.125,0.053672316,15.9014925373134,0.039548023,20.075,0.036723164,14.2844574780059,0.128531073446328,8.740680713,0.06920904,12.0789074355083,0.563559322033898,0.385593220338983,0.281073446327684,0.176553672316384,6.67753001715266,0.063559322,8.67119155354449,0.115819209039548,13.2667731629393,0.165254237288136,7.17597292724196,0.138418079096045,7.24098360655738,0.128531073446328,15.8687196110211,0.137005649717514,8.63338788870704,0.169491525423729,7.8265306122449,0.103107344632768,9.06299212598425,0.204802259887006,9.973357016,0.122881355932203,10.2737520128824,0.125706214689266,7.06300484652666,0.200564971751412,7.733215548,0.292372881355932
CHOLISTAN,PUNJAB,BAHAWALPUR DIVISION ,5,603,981,0.06116208,0.064220183,0.853211009174312,0.0214067278287461,0.049230769,0.310769230769231,0.206153846153846,0.433846153846154,7.70212765957447,0.372307692307692,0.0,0.0,0.0153846153846153,0.612307692307692,0.00308642,0.00617284,0.064814815,1.0,0.0123456790123456,0.182926829268293,3.84328358208955,76.48338369,0.006134969,0.702453987730061,0.003067485,0.0,0.343558282208589,0.006134969,0.162576687116564,0.003067485,0.104294478527607,0.006134969,0.769230769230769,0.230769230769231,0.003076923,28.8703703703704,0.107692307692308,10.5413793103448,0.018348624,0.006116208,0.0214067278287461,0.954128440366972,Metaled,7.208,0.99390243902439,0.006097561,0.0,0.006097561,0.006153846,0.006153846,0.003076923,0.984615384615385,0.0,0.006153846,0.003076923,0.990769230769231,0.455384615384615,0.443076923076923,0.009230769,0.006153846,0.323076923076923,0.0123076923076923,20.0280373831776,0.864615384615385,15.2727272727273,0.003076923,20.0648148148148,0.003076923,19.6296296296296,0.763076923076923,16.7012987,0.061538462,16.6885245901639,0.0153846153846153,16.090625,0.006153846,23.2445820433437,0.006153846,22.6594427244582,0.003076923,23.3611111111111,0.003076923,19.3395061728395,0.006153846,13.922600619195,0.0,19.8153846153846,0.0215384615384615,0.009230769,0.101538461538462,0.003076923,16.7098765432099,0.0123076923076923,16.1806853582555,0.0123076923076923,19.1495327102804,0.0246153846153846,13.7129337539432,0.0184615384615384,15.7335423197492,0.0153846153846153,18.903125,0.0123076923076923,16.0778816199377,0.0215384615384615,16.01257862,0.0184615384615384,18.8119122257053,0.0276923076923076,17.879746835443,0.009230769,17.7422360248447,0.0276923076923076,14.1455696202532,0.129230769230769,13.8833922261484,0.347692307692308
RAHIM YAR KHAN DISTRICT,PUNJAB,BAHAWALPUR DIVISION,4,6125,1129,0.452879581151832,0.04886562,0.483420593368237,0.0148342059336823,0.569311246730602,0.376634699215344,0.030514385,0.023539668700959,7.44444444444445,0.37347294938918,0.008726003,0.036649215,0.013089005235602,0.602966841186737,0.091863517,0.127734033245844,0.117235345581802,0.975503062117235,0.0332458442694663,0.579268292682927,2.39337474120083,54.8339130434783,0.0461672473867595,0.828397213,0.06184669,0.019163763,0.222996515679443,0.00087108,0.0130662020905923,0.00174216,0.0426829268292682,0.00261324,0.08282476,0.917175239755885,0.052264808,15.3722426470588,0.302264808362369,6.10611735330836,0.109170305676856,0.0200873362445414,0.194759825327511,0.675982532751092,Metaled,3.38202247191011,0.950348432055749,0.049651568,0.0235191637630662,0.026132404,0.013077593722755,0.051438535,0.116826503923278,0.818657367044464,0.01743679163034,0.033129904,0.088927637,0.86050566695728,0.65008726,0.946771378708551,0.101221640488656,0.146596858638743,0.0165794066317626,0.119442022667829,11.9871287128713,0.929380993897123,9.456790123,0.084568439,14.2028571428571,0.126416739319965,12.8712574850299,0.897122929380994,12.5593220338983,0.317073170731707,7.22576530612245,0.109756097560976,8.75146771,0.02005231,19.4839857651246,0.040104621,17.3687556766576,0.0174216027874564,19.436170212766,0.033972125,14.6420198376916,0.116724738675958,8.459566075,0.048780488,11.8296703296703,0.683246073298429,0.50087260034904,0.354275741710297,0.122822299651568,7.73485600794439,0.056620209,9.09418282548476,0.0505226480836236,16.9412844036697,0.120313862249346,7.00495540138751,0.102005231037489,7.39514563106796,0.07504363,13.6735849056604,0.101133391455972,8.73229873908826,0.102877070619006,7.96307094266278,0.078465562,9.28855250709555,0.175239755884917,9.51585623678647,0.098603839,10.0406582768635,0.073234525,9.64440263405457,0.176983435047951,9.67796610169492,0.568439407149085
DERA GHAZI KHAN DISTRICT,PUNJAB,D.G.KHAN DIVISION,4,3205,826,0.0572851805728518,0.413449564134496,0.51681195516812,0.0124533,0.14320987654321,0.266666666666667,0.123456790123457,0.466666666666667,19.1719576719577,0.699386503067485,0.003680982,0.009815951,0.0134969325153374,0.287116564417178,0.0265151515151515,0.087121212,0.0151515151515151,0.974747474747475,0.0164141414141414,0.798773006134969,4.64634146341463,149.589371980676,0.072660099,0.677339901477833,0.032019704,0.002463054,0.094827586,0.032019704,0.051724138,0.210591133004926,0.314039408866995,0.030788177,0.586550435865504,0.413449564134496,0.055282555,34.4590377113134,0.240786240786241,18.7912621359223,0.0336239103362391,0.01369863,0.118306351183064,0.834371108343711,Metaled,10.4753246753247,0.979141104294478,0.0208588957055214,0.0159509202453987,0.004907975,0.006165228,0.023427867,0.101109741060419,0.869297163995068,0.002466091,0.006165228,0.0308261405672009,0.960542540073983,0.777914110429448,0.45398773006135,0.042944785,0.10920245398773,0.098159509,0.063882064,23.4790026246719,0.78009828009828,17.6927374301676,0.072481572,31.03178808,0.0528255528255528,30.1828793774319,0.585995086,24.0237388724036,0.542997543,10.3467741935484,0.092137592,18.39783491,0.049140049,30.6576227390181,0.05036855,30.8809831824062,0.0208845208845208,43.7277289836888,0.023341523,32.6138364779874,0.063882064,22.0734908136483,0.047911548,28.3187096774194,0.086956522,0.11552795,0.036024845,0.074938575,14.2602921646746,0.103194103194103,9.86712328767123,0.110565110565111,31.5759668508287,0.097170972,14.7316076294278,0.076260763,16.762982689747,0.041820418204182,31.5648267008986,0.11070110701107,12.7095435684647,0.070110701,22.5568783068783,0.060270603,24.9149214659686,0.081180812,18.7884872824632,0.073800738,22.3917662682603,0.070197044,13.441059602649,0.133004926108374,18.7698863636364,0.350985221674877
LAYYAH DISTRICT,PUNJAB,D.G.KHAN DIVISION,3,1896,726,0.431179775280899,0.043539326,0.515449438202247,0.009831461,0.354519774011299,0.39406779661017,0.152542372881356,0.098870056,6.35714285714286,0.527503526093089,0.0183356840620592,0.0126939351198871,0.0225669957686882,0.454160789844852,0.053596615,0.146685472496474,0.0310296191819464,0.956276445698166,0.049365303,0.969057665260197,5.18181818181818,46.056258790436,0.022503516,0.967651195499297,0.0112517580872011,0.00281294,0.05907173,0.007032349,0.0140646976090014,0.0,0.0,0.0,0.116736990154712,0.883263009845288,0.06629055,19.7930513595166,0.430183356840621,7.14851485148515,0.118143459915612,0.018284107,0.233473980309423,0.630098453,Metaled,4.6504854368932,0.959212376933896,0.040787623066104,0.028129395,0.0126582278481012,0.0154711673699015,0.023909986,0.163150492264416,0.79746835443038,0.009845288,0.008438819,0.036568214,0.945147679324894,0.442877291960508,0.830747531734838,0.0564174894217207,0.055007052,0.077574048,0.146685472496474,10.4528925619835,0.867418899858956,10.2340425531915,0.088857546,12.2569659442724,0.110014104372355,11.9334389857369,0.837799717912553,14.6173913043478,0.397743300423131,7.95550351288056,0.080394922,9.7239263803681,0.04090268,14.6455882352941,0.038081805,15.599706744868,0.0183356840620592,20.2988505747126,0.0394922425952045,10.424375917768,0.090267983,9.16744186046512,0.038081805,14.1011730205279,0.452750352609309,0.552891396332863,0.440056417489422,0.08180536,9.58832565284178,0.0479548660084626,10.3659259259259,0.078984485,11.5972434915773,0.116901408450704,8.285486443,0.097183099,7.74258970358814,0.092957746,11.2468944099379,0.116901408450704,8.7799043062201,0.111267605633803,7.9270998415214,0.085915493,8.9768875192604,0.2,9.30633802816901,0.108450704225352,9.57661927330174,0.118476727785614,7.2752,0.2524682651622,7.80943396226415,0.502115655853315
MUZAFFARGARH DISTRICT,PUNJAB,D.G.KHAN DIVISION,4,4443,978,0.23454157782516,0.065031983,0.692963752665245,0.007462687,0.26567481402763,0.461211477,0.198724760892667,0.074388948,8.52857142857143,0.371155885471898,0.006362672,0.049840933,0.004241782,0.595970307529162,0.06517094,0.043803419,0.06517094,0.983974358974359,0.0106837606837606,0.900318133616119,4.989361702,46.364406779661,0.0233793836344314,0.976620616365568,0.0393198724760892,0.001062699,0.0446333687566418,0.0,0.0106269925611052,0.001062699,0.001062699,0.002125399,0.228051391862955,0.771948608,0.06581741,17.2352272727273,0.441613588110403,7.73384030418251,0.114316239316239,0.00534188,0.268162393162393,0.612179487179487,Metaled,5.97596153846154,0.953141640042598,0.0468583599574014,0.0223642172523961,0.0244941427050053,0.0127388535031847,0.048832272,0.171974522292994,0.766454352441614,0.003184713,0.0138004246284501,0.052016985,0.93099787685775,0.550371155885472,0.857900318133616,0.088016967,0.224814422057264,0.062566278,0.177659574468085,10.7115135834411,0.847133757961784,15.0555555555556,0.1395101171459,12.6027227722772,0.142553191489362,12.0483870967742,0.791710945802338,11.6836734693878,0.442675159235669,8.35428571428571,0.096602972,9.820211516,0.046808511,30.1138392857143,0.048832272,17.1964285714286,0.0414012738853503,24.3300110741971,0.04670913,13.3775055679287,0.141188959660297,9.35599505562423,0.048832272,12.9765625,0.251068376068376,0.310897435897436,0.212606837606838,0.124203821656051,8.7369696969697,0.079617834,10.25605536,0.112526539278132,11.0107655502392,0.132837407013815,7.73774509803922,0.120085015940489,8.38405797101449,0.087141339,13.2700814901048,0.110520722635494,9.2258064516129,0.13375796178344,8.34926470588235,0.098831031,9.385613208,0.18384697130712,9.10286458333333,0.12327311370882,9.54909090909091,0.142099681866384,7.25710754017305,0.26461211477152,7.98554913294798,0.342189160467588
RAJANPUR DISTRICT,PUNJAB,D.G.KHAN DIVISION,4,1655,532,0.091451292,0.276341948310139,0.554671968190855,0.077534791,0.071570577,0.31013916500994,0.308151093439364,0.31013916500994,17.474358974359,0.601190476190476,0.0277777777777777,0.0615079365079365,0.009920635,0.376984127,0.005976096,0.091633466,0.065737052,0.99203187250996,0.0219123505976095,0.712301587301587,8.13793103448276,121.398113207547,0.067594433,0.719681908548708,0.029821074,0.003976143,0.099403579,0.029821074,0.081510934,0.0397614314115308,0.1610337972167,0.021868787,0.592445328031809,0.407554671968191,0.055555556,29.390756302521,0.339285714285714,13.8048048048048,0.059642147,0.0119284294234592,0.15506958250497,0.773359840954274,Metaled,8.69587628865979,0.96031746031746,0.03968254,0.0277777777777777,0.0119047619047619,0.005952381,0.035714286,0.113095238095238,0.845238095238095,0.003968254,0.005952381,0.035714286,0.954365079365079,0.648809523809524,0.571428571428571,0.0476190476190476,0.132936507936508,0.168650793650794,0.067460317,16.468085106383,0.849206349206349,15.9078947368421,0.055555556,17.4831932773109,0.0515873015873015,16.8451882845188,0.763888888888889,17.7478991596639,0.382936507936508,11.8392282958199,0.14484126984127,12.5220417633411,0.0158730158730158,29.6774193548387,0.029761905,23.2351738241309,0.0119047619047619,62.3815261044177,0.0158730158730158,25.9032258064516,0.097222222,15.621978021978,0.0238095238095238,18.5975609756098,0.240079365079365,0.396825396825397,0.186507936507937,0.043650794,14.1141078838174,0.126984126984127,9.59090909090909,0.0476190476190476,20.0979166666667,0.095238095,11.9649122807018,0.073412698,12.9978586723769,0.043650794,17.8692946058091,0.097222222,12.4527472527473,0.097222222,14.8153846153846,0.053571429,16.167714884696,0.095238095,15.7412280701754,0.079365079,15.0366379310345,0.055555556,13.1512605042017,0.087301587,13.8086956521739,0.291666666666667
CHINIOT DISTRICT,PUNJAB,FAISALABAD DIVISION,3,566,361,0.383098591549296,0.033802817,0.577464788732394,0.005633803,0.585915492957747,0.315492957746479,0.050704225,0.047887324,4.58823529411765,0.16056338028169,0.0225352112676056,0.033802817,0.008450704,0.805633802816901,0.047887324,0.092957746,0.025352113,0.983098591549296,0.0225352112676056,0.985915492957746,3.4,61.7548746518106,0.0225352112676056,0.985915492957746,0.0591549295774647,0.005633803,0.090140845,0.0,0.008450704,0.002816901,0.0,0.0,0.30225988700565,0.69774011299435,0.036723164,17.1612903225806,0.211864407,6.0573476702509,0.062322946,0.016997167,0.657223796033994,0.263456090651558,Metaled,3.49019607843137,0.853521126760563,0.146478873239437,0.028169014084507,0.11830985915493,0.121468926553672,0.395480225988701,0.200564971751412,0.282485875706215,0.005649718,0.0225988700564971,0.0225988700564971,0.949152542372881,0.630985915492958,0.946478873239437,0.143661971830986,0.188732394366197,0.0225352112676056,0.107344632768362,11.9177215189873,0.912429378531073,8.48387096774194,0.079096045,13.0184049079755,0.138418079096045,13.0688524590164,0.84180790960452,8.125,0.612994350282486,5.75912408759124,0.152542372881356,11.0266666666667,0.008474576,22.7635327635328,0.0112994350282485,21.0028571428571,0.0310734463276836,20.32653061,0.016949153,16.5890804597701,0.107344632768362,10.6139240506329,0.0310734463276836,13.8221574344023,0.673239436619718,0.591549295774648,0.056338028169014,0.112994350282486,9.76433121019108,0.070621469,7.5258358662614,0.0621468926553672,23.9307228915663,0.135593220338983,7.21895424836601,0.093220339,10.2834890965732,0.059322033898305,13.981981981982,0.09039548,9.8944099378882,0.11864406779661,8.05448717948718,0.076271186,11.1284403669725,0.110169491525424,9.88253968253969,0.050847458,12.2261904761905,0.112994350282486,7.79617834394905,0.146892655367232,9.86754966887417,0.236619718309859
FAISALABAD DISTRICT,PUNJAB,FAISALABAD DIVISION,6,1870,842,0.824162679425837,0.003588517,0.169856459330144,0.002392344,0.909090909090909,0.086124402,0.003588517,0.001196172,4.0,0.264354066985646,0.015550239,0.190191387559809,0.043062201,0.639952153110048,0.386666666666667,0.208484848484849,0.094545455,0.832727272727273,0.0375757575757575,0.399521531100478,2.78685258964143,65.2802850356295,0.090909091,0.73444976076555,0.154306220095694,0.01076555,0.54066985645933,0.001196172,0.016746411,0.0,0.008373206,0.016746411,0.0239234449760765,0.976076555023923,0.136363636363636,11.8351800554017,0.315789473684211,5.62237762237762,0.233253588516746,0.03708134,0.657894736842105,0.071770335,Metaled,2.6,0.858851674641148,0.141148325358852,0.0394736842105263,0.101674641148325,0.388755981,0.385167464114833,0.149521531100478,0.076555024,0.038277512,0.0394736842105263,0.034688995215311,0.88755980861244,0.490430622009569,0.935406698564593,0.744019138755981,0.334928229665072,0.009569378,0.373205741626794,8.574427481,0.900717703349282,6.40963855421687,0.438995215311005,9.97014925373135,0.600478468899522,9.700598802,0.922248803827751,7.67692307692308,0.623205741626794,6.11746031746032,0.264354066985646,8.54146341463415,0.020334928,14.5299145299145,0.044258373,13.1401752190238,0.027511962,16.2570725707257,0.03708134,13.7391304347826,0.141148325358852,8.02506963788301,0.120813397129187,8.57823129251701,0.361244019,0.066985646,0.0394736842105263,0.33133971291866,7.55277280858676,0.102870813397129,7.37866666666667,0.23444976076555,11.0265625,0.269138755980861,5.50409165302782,0.212918660287081,6.19300911854103,0.116028708133971,9.63870094722598,0.217703349282297,7.74923547400612,0.252392344497608,6.3248,0.169856459330144,7.40345821325648,0.422248803827751,7.78053830227743,0.166267942583732,7.93687230989957,0.18062201,6.26277372262774,0.303827751196172,7.446735395189,0.516746411483254
JHANG DISTRICT,PUNJAB,FAISALABAD DIVISION,4,1960,722,0.314002829,0.057991513,0.622347949080622,0.005657709,0.270538243626062,0.531161473087819,0.157223796033994,0.041076487,4.89655172413793,0.353606789250354,0.007072136,0.0282885431400282,0.0113154172560113,0.632248939179632,0.035971223,0.08057554,0.071942446,0.98273381294964,0.0158273381294964,0.957567185289958,5.7,50.0981767180926,0.007072136,0.975954738330976,0.035360679,0.001414427,0.0424328147100424,0.0,0.0183875530410183,0.0,0.002828854,0.002828854,0.202549575070822,0.797450424929179,0.086402266,23.8899224806202,0.390934844192635,6.281395349,0.106382978723404,0.007092199,0.425531915,0.460992907801418,Metaled,4.61788617886179,0.913841807909605,0.086158192,0.0310734463276836,0.055084746,0.021186441,0.132768361581921,0.23728813559322,0.608757062146893,0.007062147,0.016949153,0.039548023,0.936440677966102,0.238297872340426,0.875177305,0.127659574468085,0.096453901,0.058156028,0.131914893617021,13.9803921568627,0.89645390070922,12.5068493150685,0.083687943,17.109907120743,0.123404255319149,15.9983818770227,0.818439716312057,14.484375,0.478753541076487,7.83695652173913,0.174220963172805,9.08404802744425,0.0184397163120567,26.0332369942197,0.026950355,22.4591836734694,0.0254957507082152,28.7979651162791,0.0311614730878186,19.8684210526316,0.099150142,10.3946540880503,0.073863636,14.2055214723926,0.232294617563739,0.101983002832861,0.076487252,0.140425531914894,7.45544554455446,0.051136364,9.84730538922156,0.096728307,16.9543307086614,0.145685997171146,7.36423841059603,0.121640735502122,7.5281803542673105,0.055240793,15.7781109445277,0.141643059,8.76897689768977,0.151343705799151,7.64333333333333,0.092067989,10.1357254290172,0.21671388101983,8.89692585895118,0.117563739376771,10.8812199036918,0.154829545454545,7.51428571428571,0.247159090909091,9.58679245283019,0.39290780141844
TOBA TEK SINGH DISTRICT,PUNJAB,FAISALABAD DIVISION,4,1125,544,0.826568265682657,0.007380074,0.162361623616236,0.003690037,0.841328413284133,0.138376383763838,0.009225092,0.011070111,2.33333333333333,0.404059040590406,0.0129151291512915,0.143911439114391,0.003690037,0.551660517,0.311688311688312,0.241187384044527,0.066790353,0.871985157699443,0.037105751,0.533210332,3.8932806324110705,62.7790055248619,0.367158671586716,0.726937269372694,0.094095941,0.003690037,0.166051660516605,0.001845018,0.0166051660516605,0.0,0.0129151291512915,0.025830258302583,0.018450185,0.981549815,0.088560886,9.57894736842105,0.33210332103321,4.4475138121547,0.081180812,0.014760147601476,0.75830258302583,0.145756457564576,Metaled,2.23529411764706,0.909594095940959,0.090405904,0.018450185,0.07195572,0.27859778597786,0.335793357933579,0.162361623616236,0.223247232472325,0.005535055,0.031365314,0.0239852398523985,0.939114391143912,0.81549815498155,0.976014760147602,0.579335793357934,0.512915129151292,0.001845018,0.263837638376384,8.13784461152882,0.97970479704797,8.72727272727273,0.398523985239852,9.61349693251534,0.418819188191882,9.52380952380952,0.948339483,10.1071428571429,0.745387453874539,6.21739130434783,0.092250923,8.20325203252033,0.011070111,14.9514925373134,0.033210332103321,12.6240458015267,0.031365314,16.1142857142857,0.018450185,12.6541353383459,0.232472324723247,6.14903846153846,0.062730627,9.787401575,0.525830258,0.108856088560886,0.140221402214022,0.24169741697417,6.74209245742093,0.0424354243542435,8.85549132947977,0.08302583,10.9577464788732,0.164206642066421,5.20088300220751,0.094095941,6.75967413441955,0.049815498,8.91650485436893,0.164206642066421,6.40176600441501,0.178966789667897,5.92584269662921,0.121771217712177,6.1890756302521,0.392988929889299,5.82674772036474,0.081180812,7.62048192771084,0.123616236162362,5.46315789473684,0.24169741697417,6.99513381995134,0.632841328413284
GUJRANWALA DISTRICT,PUNJAB,GUJRANWALA DIVISION,5,1387,813,0.931119311,0.008610086,0.060270603,0.0,0.948339483,0.049200492,0.002460025,0.0,0.0,0.206642066420664,0.04797048,0.243542435424354,0.018450185,0.610086100861009,0.534263959390863,0.323604060913706,0.107868020304569,0.765228426395939,0.091370558,0.945879458794588,12.9318181818182,68.0232558139535,0.040590406,0.976629766,0.087330873,0.001230012,0.030750308,0.001230012,0.001230012,0.0,0.0,0.0,0.011070111,0.988929889,0.138820638820639,8.92296718972896,0.287469287469287,4.64310344827586,0.482164821648217,0.39360393603936,0.111931119311193,0.01230012300123,Metaled,3.89473684210526,0.797047970479705,0.202952029520295,0.06396064,0.138991389913899,0.38130381303813,0.503075030750308,0.07503075,0.040590406,0.033210332103321,0.052890529,0.055350553505535,0.858548585485855,0.681426814268143,0.969249692496925,0.567035670356704,0.360393603936039,0.001230012,0.222358722358722,6.775671406,0.934889434889435,4.396226415,0.398034398034398,7.44489795918367,0.43980343980344,7.54824561403509,0.91031941031941,6.41095890410959,0.671990172,5.0374531835206,0.158476658476658,6.71532846715328,0.036945813,10.2250639386189,0.056580565805658,11.5149934810952,0.028290282902829,15.8050632911392,0.0257985257985257,9.66330390920555,0.092137592,6.74695534506089,0.082309582,7.46854082998661,0.400491400491401,0.126535626535627,0.068796069,0.180589680589681,5.323838081,0.076167076,6.551861702,0.116707616707617,9.09179415855355,0.156596794081381,4.6359649122807,0.11960542540074,5.43697478991597,0.081381011,8.4013422818792,0.140567200986437,6.73314203730273,0.17632552404439,5.41167664670659,0.097410604,6.71857923497268,0.261405672009864,6.10517529215359,0.103575832305795,7.060522696011,0.129310344827586,4.98585572842999,0.16871921182266,5.81333333333333,0.448275862068966
GUJRAT DISTRICT,PUNJAB,GUJRANWALA DIVISION,3,1720,1006,0.954500494559842,0.003956479,0.034619189,0.006923838,0.968316831683168,0.0207920792079207,0.005940594,0.004950495,3.6,0.142998027613412,0.017751479,0.322485207100592,0.017751479,0.591715976,0.346230158730159,0.540674603174603,0.052579365,0.776785714285714,0.0138888888888888,0.961614173228346,30.3076923076923,115.870105062082,0.109467455621302,0.962524654832347,0.072978304,0.003944773,0.007889546,0.00887574,0.000986193,0.000986193,0.0,0.004930966,0.0317145688800792,0.968285431119921,0.114624505928854,9.45424107142857,0.181818181818182,4.19202898550725,0.544015825914936,0.279920870425322,0.160237388724036,0.015825915,Metaled,2.95454545454545,0.804733727810651,0.195266272189349,0.040433925,0.154832347140039,0.499013806706114,0.365877712031558,0.071005917,0.064102564,0.051282051,0.067061144,0.034516765,0.847140039447732,0.452122408687068,0.923000987166831,0.62685093780849,0.229022704837117,0.0118460019743336,0.261599210266535,6.6096256684492,0.932872655,5.17647058823529,0.650197628,6.72881355932203,0.610069101678184,6.98227848101266,0.931885488647582,6.56521739130435,0.691699605,4.15064102564103,0.091988131,6.60457516339869,0.020730503,13.2610887096774,0.025666338,11.9442755825735,0.026679842,16.848730964467,0.013833992,13.10621242,0.07312253,6.80383795309168,0.095755183,5.92576419213974,0.287265547877591,0.030602172,0.0177690029615004,0.221125370187562,3.9277566539924,0.0542941757156959,6.63256784968685,0.086870681,7.40864864864865,0.139742319127849,4.427419355,0.110009910802775,5.75278396436526,0.083250743,7.7772972972973,0.125867195242815,6.13605442176871,0.159563924677899,4.70047169811321,0.10009910802775,6.22026431718062,0.306243805748266,5.46142857142857,0.134786917740337,5.99770904925544,0.105835806132542,5.54314159292035,0.140454995054402,6.58803222094361,0.440276406712734
HAFIZABAD DISTRICT,PUNJAB,GUJRANWALA DIVISION,2,640,422,0.823821339950372,0.0,0.176178660049628,0.0,0.910669975186104,0.074441687,0.004962779,0.009925558,5.0,0.292803970223325,0.004962779,0.310173697270471,0.014888337,0.531017369727047,0.6925,0.0975,0.055,0.7325,0.02,0.900744416873449,3.775,63.2685851318945,0.0223325062034739,0.975186104218362,0.032258065,0.0,0.163771712158809,0.00248139,0.039702233,0.0,0.0,0.0,0.032258065,0.967741935,0.05955335,10.377308707124,0.265508684863524,5.62837837837838,0.392059553349876,0.362282878411911,0.193548387096774,0.0521091811414392,Metaled,4.5,0.84863523573201,0.15136476426799,0.029776675,0.121588089330025,0.416873449131514,0.406947890818859,0.101736972704715,0.074441687,0.029776675,0.05707196,0.024813896,0.88833746898263,0.339950372208437,0.972704714640198,0.280397022332506,0.173697270471464,0.004962779,0.138957816377171,7.63976945244957,0.933002481389578,9.0,0.15136476426799,9.07017543859649,0.188585607940447,9.088685015,0.863523573200993,8.63636363636364,0.498759305210918,5.668316831683169,0.076923077,8.77688172043011,0.0223325062034739,10.248730964467,0.024813896,10.4605597964377,0.009925558,17.5839598997494,0.054590571,8.69291338582677,0.094292804,7.3041095890411,0.0223325062034739,9.34771573604061,0.213399503722084,0.15136476426799,0.106699751861042,0.11166253101737,7.086592179,0.049627792,7.64229765013055,0.0521091811414392,9.98167539267016,0.091811414,6.42622950819672,0.089330025,6.97820163487738,0.047146402,9.1328125,0.086848635,7.65217391304348,0.126550868486352,6.79829545454545,0.0620347394540942,7.9021164021164,0.188585607940447,7.32415902140673,0.054590571,8.690288714,0.133995037220844,5.93123209169054,0.156327543424318,7.23823529411765,0.43424317617866
MANDI BAHAUDDIN DISTRICT,PUNJAB,GUJRANWALA DIVISION,3,839,433,0.985401459854015,0.00486618,0.00973236,0.0,0.817073170731707,0.173170731707317,0.009756098,0.0,0.0,0.194647201946472,0.02676399,0.158150851581509,0.0121654501216545,0.690997566909976,0.214634146341463,0.414634146341463,0.063414634,0.963414634146341,0.0463414634146341,0.927007299,2.2,53.8014354066986,0.092457421,0.941605839416058,0.099756691,0.00486618,0.1338199513382,0.00243309,0.00486618,0.00243309,0.0,0.00243309,0.029268293,0.970731707317073,0.238442822384428,8.63578274760383,0.372262773722628,4.1937984496124,0.177615571776156,0.236009732360097,0.562043795620438,0.024330900243309,Metaled,3.6666666666666705,0.900243309002433,0.099756691,0.0316301703163017,0.068126521,0.278048780487805,0.558536585365854,0.107317073170732,0.056097561,0.024390243902439,0.087804878,0.126829268292683,0.760975609756098,0.501216545012166,0.941605839416058,0.479318734793187,0.221411192214112,0.00973236,0.253658536585366,6.96732026143791,0.907317073170732,6.0,0.4,7.78455284552846,0.351219512195122,8.54511278195489,0.91219512195122,6.69444444444445,0.54014598540146,4.42328042328042,0.131386861313869,7.767507003,0.024390243902439,22.91,0.070731707,10.8556430446194,0.0437956204379562,14.676844783715,0.0291970802919708,15.6817042606516,0.141119221411192,7.9943342776204,0.097323601,8.02156334231806,0.363414634146341,0.197560975609756,0.221951219512195,0.347931873479319,4.70522388059702,0.080291971,7.86772486772487,0.141119221411192,12.0679886685552,0.158536585365854,5.0231884057971,0.097560976,8.86216216216216,0.082926829,10.3457446808511,0.126829268292683,7.541899441340781,0.178048780487805,5.64688427299703,0.114634146341463,7.47658402203857,0.248780487804878,6.36038961038961,0.085365854,8.17066666666667,0.097560976,6.88108108108108,0.146341463414634,7.46,0.61219512195122
NAROWAL DISTRICT,PUNJAB,GUJRANWALA DIVISION,3,1473,1245,0.857265692175408,0.003439381,0.138435081685297,0.000859845,0.951848667239897,0.0404127257093723,0.005159071,0.002579536,12.0,0.078245916,0.004299226,0.065348237,0.000859845,0.867583834909716,0.0106100795755968,0.384615384615385,0.026525198938992,0.977895668,0.013262599469496,0.996569468267582,2.75,110.069433359936,0.04373928,0.987135506003431,0.183533447684391,0.001715266,0.03516295,0.000857633,0.0,0.0,0.000857633,0.0,0.036973345,0.963026655202064,0.071305842,9.99629972247919,0.123711340206186,3.85980392156863,0.174548581255374,0.049871023,0.731728288907997,0.0438521066208082,Metaled,2.90123456790123,0.956185567010309,0.043814433,0.011168384879725,0.032646048,0.273430782459157,0.530524506,0.085984523,0.11006018916595,0.007731959,0.009450172,0.017182131,0.965635738831615,0.184006878761823,0.940670679,0.56749785038693,0.113499570077386,0.009458298,0.176975945017182,7.114822547,0.903780068728522,6.1875,0.168384879725086,8.63326446280992,0.338487972508591,8.44675324675325,0.899484536082474,7.04273504273504,0.400343642611684,3.44126074498567,0.070446735,5.74861367837338,0.0214961306964746,11.7750439367311,0.012886598,11.8964316797215,0.0137457044673539,13.1498257839721,0.007731959,12.7515151515152,0.0403780068728522,6.61504028648165,0.0257953568357695,8.4342453662842,0.288907996560619,0.138435081685297,0.004299226,0.103181427343078,4.252157239,0.0257953568357695,6.756398941,0.0438521066208082,10.5269784172662,0.070507309,4.62257169287697,0.05760963,6.07390510948905,0.0361135,9.14094558429973,0.063628547,6.68870523415978,0.089423904,4.8385269121813,0.050730868,7.06884057971015,0.162510748065348,6.57905544147844,0.041272571,7.784753363,0.038693035,6.106440072,0.092003439,5.85984848484848,0.395528804815133
SIALKOT DISTRICT,PUNJAB,GUJRANWALA DIVISION,4,1950,1507,0.936314363143632,0.004742547,0.0548780487804878,0.004065041,0.960135135135135,0.0324324324324324,0.000675676,0.006756757,3.8,0.074949359,0.004726536,0.172180958811614,0.0243079000675219,0.773126266036462,0.348452123830094,0.447084233261339,0.0439164866810655,0.734341253,0.031677466,0.973737373737374,1.84615384615385,74.1275080906149,0.0606877950101146,0.955495616992583,0.232636547538773,0.004720162,0.0276466621712744,0.001348618,0.001348618,0.0,0.0,0.000674309,0.007452575,0.992547425474255,0.157859078590786,7.05953338696702,0.2031144211239,3.55564995751912,0.390890550645819,0.36981645139361,0.208701563562203,0.0305914343983684,Metaled,3.44,0.806342780026991,0.193657219973009,0.029689608636977,0.163967611336032,0.453252032520325,0.423441734417344,0.082655827,0.040650407,0.0264406779661016,0.045423729,0.044745763,0.883389830508475,0.431174089068826,0.94804318488529,0.813090418353576,0.334008097165992,0.0182186234817813,0.264227642276423,4.944751381,0.921462423832092,5.35344827586207,0.462059621,5.48362720403023,0.667118644067797,5.568228105906311,0.936357481,5.6063829787234,0.602981029810298,3.423208191,0.111788617886179,5.0465293668955,0.030467163,13.6145251396648,0.030467163,11.7786312849162,0.0257278266756939,12.5489923558026,0.0216655382532159,12.2996539792388,0.074475288,6.72494513533285,0.08974359,5.40400296515938,0.521563342318059,0.092318059,0.080188679,0.165991902834008,3.65776699029126,0.041835358,6.22605633802817,0.114035087719298,6.199543031,0.101291638341264,4.23600605143722,0.089734874,5.47572815533981,0.075458872,7.29779411764706,0.106050305914344,5.37338403041825,0.124405166553365,4.49456521739131,0.084976207,5.43907875185736,0.235214140040789,5.36,0.117527173913043,5.307159353,0.069246436,5.622173596,0.167006109979633,5.49307253463733,0.542740841248304
KASUR DISTRICT,PUNJAB,LAHORE DIVISION,4,2545,635,0.704730831973899,0.030995106,0.261011419249592,0.003262643,0.815660685154976,0.125611745513866,0.04730832,0.0114192495921696,2.57142857142857,0.538336052202284,0.019575856,0.243066884176183,0.016313214,0.420880913539967,0.134105960264901,0.456953642384106,0.294701986754967,0.960264900662252,0.031456954,0.864600326264274,3.31325301204819,124.453978159126,0.146818923327896,0.955954323001631,0.04730832,0.004893964,0.097879282,0.0,0.001631321,0.0,0.0,0.006525285,0.063621533,0.936378466557912,0.138662316476346,11.0189393939394,0.415986949429038,4.68156424581006,0.202283849918434,0.034257749,0.597063621533442,0.166394779771615,Metaled,4.16071428571429,0.910277324632953,0.089722675,0.050570962,0.039151713,0.225122349102773,0.406199021207178,0.203915171288744,0.164763458401305,0.0130505709624796,0.029363785,0.042414356,0.915171288743882,0.67699836867863,0.926590538336052,0.580750407830343,0.239804241435563,0.030995106,0.243066884176183,8.49353448275862,0.871125611745514,6.56962025316456,0.207177814029364,9.62757201646091,0.442088091353997,9.12865497076023,0.800978793,6.95081967213115,0.611745513866232,5.844537815,0.132137030995106,8.50751879699248,0.039151713,11.3157894736842,0.0407830342577487,10.8605442176871,0.0570962479608482,11.2145328719723,0.027732463,10.8724832214765,0.137030995106036,7.27977315689981,0.0538336052202283,9.45344827586207,0.231647634584013,0.236541598694943,0.119086460032626,0.110929853181077,6.77798165137615,0.089722675,6.86379928315412,0.353996737357259,7.03030303,0.176182707993475,6.84158415841584,0.135399673735726,6.82452830188679,0.078303426,9.32920353982301,0.135399673735726,7.29622641509434,0.158238172920065,6.96899224806202,0.153344208809135,7.58959537572254,0.401305057,6.82288828337875,0.091353997,8.06463195691203,0.138662316476346,7.00378787878788,0.236541598694943,7.21153846153846,0.721044045676998
NANKANA SAHIB DISTRICT,PUNJAB,LAHORE DIVISION,3,957,419,0.569974554707379,0.010178117048346,0.419847328244275,0.0,0.819338422391858,0.170483460559796,0.007633588,0.002544529,1.0,0.216284987277354,0.012722646,0.129770992366412,0.007633588,0.72264631,0.287179487179487,0.174358974358974,0.041025641025641,0.969230769230769,0.012820513,0.816793893,2.69444444444444,55.4248210023866,0.0305343511450381,0.944020356234097,0.114503816793893,0.0178117048346055,0.190839694656489,0.0,0.0203562340966921,0.0,0.0,0.0,0.048346056,0.951653944020356,0.078880407,11.2403314917127,0.254452926208651,5.72354948805461,0.195928753180662,0.142493638676845,0.524173027989822,0.137404580152672,Metaled,4.19047619047619,0.905852417,0.094147583,0.0178117048346055,0.076335878,0.231552162849873,0.43765903307888,0.211195928753181,0.119592875318066,0.002544529,0.038167939,0.099236641,0.860050890585242,0.307888040712468,0.979643765903308,0.470737913486005,0.206106870229008,0.005089059,0.129770992366412,7.9093567251462,0.854961832061069,6.45614035087719,0.137404580152672,8.92920353982301,0.333333333333333,8.43511450381679,0.809160305343512,8.33333333333333,0.486005089058524,5.84158415841584,0.188295165394402,8.18181818181818,0.0432569974554707,12.2712765957447,0.0305343511450381,9.265091864,0.0305343511450381,26.7716535433071,0.0229007633587786,12.5416666666667,0.076335878,7.98622589531681,0.0432569974554707,8.848404255,0.424936386768448,0.379134860050891,0.21882951653944,0.188295165394402,8.82758620689655,0.0610687022900763,7.86178861788618,0.091603053,9.86274509803922,0.170483460559796,6.31901840490798,0.155216284987277,6.8433734939759,0.0610687022900763,11.5853658536585,0.137404580152672,6.89970501474926,0.139949109414758,6.53254437869822,0.083969466,8.05555555555556,0.190839694656489,7.698113208,0.111959287531807,7.7908309455587395,0.129770992366412,5.7719298245614,0.193384223918575,6.54889589905363,0.4529262086514
SHEIKHUPURA DISTRICT,PUNJAB,LAHORE DIVISION,5,1502,667,0.817589576547231,0.01628664495114,0.140065146579805,0.0260586319218241,0.9185667752443,0.055374593,0.008143322,0.017915309446254,5.272727272727271,0.259259259259259,0.0209339774557165,0.114331723027375,0.025764895,0.679549114,0.291032148900169,0.296108291032149,0.069373942,0.883248731,0.033840948,0.968203497615262,4.75,81.779433681073,0.035656402,0.974068071312804,0.056726094,0.001620746,0.079416532,0.0,0.003241491,0.0,0.0,0.001620746,0.0231404958677685,0.976859504132231,0.154589371980676,10.1295238095238,0.27536231884058,6.60444444444445,0.358428805237316,0.327332242225859,0.230769230769231,0.083469722,Metaled,5.65217391304348,0.888535031847134,0.111464968152866,0.039808917,0.071656051,0.282258064516129,0.462903225806452,0.146774193548387,0.108064516129032,0.040322581,0.046774194,0.074193548,0.838709677419355,0.496763754045307,0.949838187702265,0.521035598705502,0.216828478964401,0.0323624595469255,0.22741935483871,9.22129436325678,0.846774193548387,8.75789473684211,0.251612903225806,9.93534482758621,0.438709677419355,9.47126436781609,0.885483871,9.197183099,0.592592592592593,6.43083003952569,0.186795491143317,9.55247524752475,0.074193548,12.883275261324,0.070967742,12.4739583333333,0.038647343,18.9547738693467,0.054750403,12.2725724020443,0.138486312399356,8.53831775700935,0.077046549,10.2121739130435,0.380718954,0.531045751633987,0.17483660130719,0.19422150882825,7.67330677290837,0.091492777,7.99116607773852,0.138263665594855,10.7425373134328,0.233660130718954,7.3773987206823,0.196078431372549,7.57723577235772,0.137254901960784,10.0568181818182,0.191489361702128,9.17813765182186,0.225490196078431,7.39451476793249,0.161764705882353,8.79922027290448,0.294117647058824,8.75,0.1620294599018,9.2265625,0.181076672104405,7.31474103585657,0.213703099510604,8.19294605809129,0.568881685575365
KHANEWAL DISTRICT,PUNJAB,MULTAN DIVISION,4,1822,675,0.408284023668639,0.0384615384615384,0.553254437869823,0.0,0.52810650887574,0.390532544378698,0.063609467,0.017751479,3.16666666666667,0.170118343195266,0.00591716,0.0606508875739644,0.00591716,0.784023668639053,0.12927191679049,0.12778603268945,0.105497771173848,0.958395245170877,0.0104011887072808,0.86094674556213,4.82978723404255,91.8579881656805,0.025147929,0.937869822485207,0.056213018,0.00739645,0.088757396,0.0,0.00295858,0.0,0.0,0.00443787,0.0606508875739644,0.939349112426036,0.091715976,13.8094462540717,0.332840236686391,4.97339246119734,0.155325443786982,0.00739645,0.468934911242604,0.368343195266272,Metaled,4.81132075471698,0.905325443786982,0.094674556,0.029585798816568,0.065088757,0.054733728,0.180473372781065,0.31508875739645,0.449704142011834,0.0118343195266272,0.041420118,0.0576923076923076,0.88905325443787,0.535502958579882,0.940828402366864,0.335798816568047,0.312130177514793,0.0162721893491124,0.189349112426036,10.8832116788321,0.892011834319527,7.479452055,0.11094674556213,12.4559068219634,0.229289940828402,13.6852207293666,0.859467455621302,8.77894736842105,0.372781065088757,7.323113208,0.133136094674556,9.259385666,0.035502959,20.1625766871166,0.044378698,14.0170278637771,0.050295858,18.1588785,0.044378698,15.2089783281734,0.140532544378698,7.815834767642,0.062130178,11.3485804416404,0.504437869822485,0.482248520710059,0.158284023668639,0.205621301775148,7.05959031657356,0.072485207,10.658692185008,0.130177514792899,13.2108843537415,0.162721893491124,6.922261484,0.149408284023669,7.04695652173913,0.109467455621302,11.9036544850498,0.131656804733728,9.39522998296422,0.164201183431953,7.90796460176991,0.100591715976331,9.50493421052632,0.215976331360947,9.8,0.127218934911243,9.449152542,0.088757396,8.61363636363636,0.201183431952663,9.08518518518518,0.505917159763314
LODHRAN DISTRICT,PUNJAB,MULTAN DIVISION,3,1365,438,0.353488372093023,0.0302325581395348,0.613953488372093,0.002325581,0.327906976744186,0.590697674418605,0.06744186,0.013953488372093,2.5,0.093023256,0.009302326,0.03255814,0.006976744,0.874418604651163,0.039906103,0.105633802816901,0.0657277,0.990610328638498,0.016431925,0.551162790697674,4.09844559585492,117.452054794521,0.188372093023256,0.774418604651163,0.172093023255814,0.0116279069767441,0.144186046511628,0.002325581,0.0209302325581395,0.0,0.002325581,0.0465116279069767,0.088372093,0.911627906976744,0.062790698,12.9578163771712,0.323255813953488,6.0687285223367695,0.195348837209302,0.004651163,0.265116279069767,0.534883720930233,Metaled,3.71739130434783,0.962790697674419,0.0372093023255813,0.013953488372093,0.0232558139534883,0.0116279069767441,0.076744186,0.174418604651163,0.737209302325581,0.009302326,0.0372093023255813,0.08372093,0.869767441860465,0.546511627906977,0.923255813953488,0.069767442,0.183720930232558,0.0465116279069767,0.08372093,9.93401015228426,0.890697674418605,8.65957446808511,0.072093023,12.1503759398496,0.12093023255814,11.505291005291,0.867441860465116,8.70175438596491,0.411627906976744,6.26482213438735,0.095348837,8.99485861182519,0.0186046511627906,17.8127962085308,0.0441860465116279,13.3892944038929,0.0186046511627906,17.6421800947867,0.034883721,12.7879518072289,0.181395348837209,7.89488636363636,0.0441860465116279,11.9975669099757,0.448837209302326,0.36046511627907,0.253488372093023,0.118604651162791,8.44327176781003,0.051162791,11.5416666666667,0.0534883720930232,14.1425061425061,0.153488372093023,6.90659340659341,0.146511627906977,7.01089918256131,0.095348837,11.3264781491003,0.12093023255814,8.73015873,0.165116279069767,6.97771587743733,0.104651162790698,8.83636363636364,0.172093023255814,8.27247191,0.081395349,8.84556962025316,0.076744186,8.9823677581864,0.225581395348837,9.3003003,0.444186046511628
MULTAN DISTRICT,PUNJAB,MULTAN DIVISION,4,2449,534,0.571164510166359,0.0240295748613678,0.401109057301294,0.003696858,0.563770794824399,0.378927911275416,0.046210721,0.011090573012939,3.6666666666666705,0.380776340110906,0.011090573012939,0.094269871,0.020332717,0.585951940850277,0.304990757855823,0.242144177449168,0.10720887245841,0.955637708,0.064695009,0.818853974121996,5.93877551020408,87.6863468634686,0.11090573012939,0.922365989,0.203327171903882,0.005545287,0.06284658,0.0,0.005545287,0.0,0.0,0.001848429,0.123844731977819,0.876155268022181,0.170055452865065,10.6080178173719,0.410351201478743,5.05956112852665,0.22735674676525,0.003696858,0.419593345656192,0.349353049907579,Metaled,3.35897435897436,0.863216266173752,0.136783733826248,0.088724584,0.04805915,0.0388170055452865,0.171903881700555,0.312384473197782,0.476894639556377,0.044362292,0.0591497227356746,0.11645101663586,0.78003696857671,0.66913123844732,0.953789279112754,0.371534195933457,0.423290203327172,0.01663586,0.266173752,9.735516373,0.927911275415896,5.53846153846154,0.232902033271719,12.1807228915663,0.33641404805915,10.9554317548747,0.918669131238447,8.27272727272727,0.44177449168207,6.35430463576159,0.258780036968577,7.61346633416459,0.0314232902033271,19.1221374045802,0.033271719,16.5239005736138,0.0536044362292051,20.82226563,0.035120148,12.8103448275862,0.245841035120148,6.88480392156863,0.11460258780037,9.66597077244259,0.611829944547135,0.451016635859519,0.304990757855823,0.194085027726433,6.11238532110092,0.068391867,9.7718253968254,0.2181146025878,8.50827423167849,0.210720887245841,6.025761124,0.136783733826248,7.91648822269807,0.11090573012939,13.0540540540541,0.142329020332717,10.0969827586207,0.197781885397412,7.75576036866359,0.133086876,9.6588486140725,0.33641404805915,7.68523676880223,0.203327171903882,8.487238979,0.125693160813309,7.11627906976744,0.345656192236599,8.20056497175141,0.513863216266174
VEHARI DISTRICT,PUNJAB,MULTAN DIVISION,3,1844,777,0.546632124352332,0.0142487046632124,0.435233160621762,0.00388601,0.571612903225807,0.378064516129032,0.042580645,0.007741935,3.5,0.318709677419355,0.0129032258064516,0.078709677,0.0141935483870967,0.645161290322581,0.060880829,0.387305699481865,0.075129534,0.971502590673575,0.0194300518134715,0.832258065,3.32307692307692,108.213093709884,0.10077519379845,0.892764857881137,0.108527131782946,0.006459948,0.083979328,0.005167959,0.019379845,0.0,0.0,0.00129199,0.033678756,0.966321244,0.10594315245478,12.1040462427746,0.36046511627907,4.63232323232323,0.202072538860104,0.006476684,0.49740932642487,0.294041450777202,Metaled,3.375,0.937984496,0.062015504,0.019379845,0.042635659,0.08,0.181935483870968,0.241290322580645,0.496774193548387,0.024516129032258,0.041290323,0.091612903,0.84258064516129,0.624031008,0.958656331,0.354005167958656,0.175710594315245,0.0142118863049095,0.127906976744186,9.66222222222222,0.936692506459948,10.1632653061225,0.108527131782946,11.2260869565217,0.223514211886305,10.6455906821963,0.874677002583979,10.7010309278351,0.475452196382429,6.11083743842365,0.086563307,8.89250353606789,0.018087855,16.3434210526316,0.0284237726098191,12.8962765957447,0.020671835,16.164907651715,0.0400516795865633,12.0659488559892,0.111111111111111,7.7281976744186,0.04,9.73118279569892,0.631443298969072,0.275773195876289,0.21520618556701,0.114838709677419,7.96501457725948,0.046451613,8.31664411366712,0.101935483870968,10.2543103448276,0.116129032258065,8.09197080291971,0.091612903,8.04403409090909,0.051612903,15.2272108843537,0.121290322580645,8.67547723935389,0.132903225806452,8.39583333333333,0.077419355,9.14405594405594,0.28258064516129,8.85971223021583,0.056774194,9.56908344733242,0.078709677,7.9593837535014,0.241290322580645,8.26700680272109,0.705806451612903
ATTOCK DISTRICT,PUNJAB,RAWALPINDI DIVISION,6,942,452,0.433255269320843,0.035128806,0.524590163934426,0.007025761,0.48711943793911,0.48711943793911,0.023419204,0.00234192,1.0,0.299765807962529,0.004683841,0.266978922716628,0.0538641686182669,0.468384075,0.396713615023474,0.18075117370892,0.061032864,0.805164319248826,0.004694836,0.943793911007026,6.0,136.204597701149,0.121779859484778,0.861826697892272,0.025761124,0.00234192,0.035128806,0.362997658079625,0.00234192,0.016393443,0.028103044,0.007025761,0.070257611,0.929742388758782,0.128805620608899,13.7096774193548,0.320843091334895,7.85172413793103,0.433255269320843,0.339578454332553,0.011709602,0.215456674473068,Metaled,4.05882352941176,0.93208430913349,0.067915691,0.032786885,0.035128806,0.128805620608899,0.325526932084309,0.297423888,0.24824355971897,0.011709602,0.06557377,0.070257611,0.852459016393443,0.611241217798595,0.967213114754098,0.156908665105386,0.304449648711944,0.011709602,0.149882903981265,12.7217630853994,0.90632318501171,9.825,0.276346604215457,13.8090614886731,0.126463700234192,15.201072386059,0.887587822014052,11.4375,0.768149882903981,6.38383838383838,0.114754098360656,11.484126984127,0.046838407,14.6904176904177,0.0538641686182669,14.4009900990099,0.018735363,41.9331742243437,0.023419204,18.3741007194245,0.081967213,12.1173469387755,0.114754098360656,12.3439153439153,0.489461358313817,0.320843091334895,0.025761124,0.306791569086651,8.49324324324324,0.126463700234192,10.372654155496,0.168618266978923,11.5859154929577,0.215456674473068,8.68059701492537,0.156908665105386,11.0472222222222,0.091334895,15.9561855670103,0.17096018735363,10.9435028248588,0.203747072599532,10.4764705882353,0.128805620608899,11.9838709677419,0.365339578454333,11.8339483394834,0.149882903981265,13.0550964187328,0.180327868852459,9.02571428571428,0.142857142857143,11.1502732240437,0.311475409836066
CHAKWAL DISTRICT,PUNJAB,RAWALPINDI DIVISION,5,945,449,0.607228915662651,0.009638554,0.383132530120482,0.0,0.645083933,0.314148681055156,0.026378896882494,0.014388489208633,5.83333333333333,0.246411483253589,0.0119617224880382,0.169856459330144,0.126794258373206,0.602870813397129,0.179611650485437,0.364077669902913,0.097087379,0.900485436893204,0.0218446601941747,0.9375,2.96153846153846,222.540415704388,0.127403846153846,0.836538461538462,0.012019231,0.0,0.024038462,0.262019230769231,0.0,0.0288461538461538,0.002403846,0.045673077,0.0337349397590361,0.966265060240964,0.09569378,17.2195767195767,0.232057416267943,8.38317757009346,0.421686746987952,0.32289156626506,0.207228915662651,0.048192771,Metaled,4.85714285714286,0.935406698564593,0.064593301,0.035885167,0.0287081339712918,0.06235012,0.484412470023981,0.23021582733813,0.223021582733813,0.004796163,0.033573141,0.043165468,0.918465227817746,0.590909090909091,0.947368421052632,0.509569377990431,0.318181818181818,0.0191387559808612,0.227272727272727,12.2229102167183,0.947368421052632,14.8181818181818,0.409090909090909,12.6477732793522,0.461722488038278,13.4222222222222,0.880382775119617,12.5,0.88755980861244,9.489361702,0.138755980861244,12.3555555555556,0.0239234449760765,23.4264705882353,0.026315789,20.8402948402948,0.0239234449760765,27.8357843137255,0.0215311,26.0048899755501,0.090909091,15.9710526315789,0.13189448441247,10.378453038674,0.203836930455636,0.0503597122302158,0.026378896882494,0.398081534772182,5.87649402390438,0.074340528,12.1580310880829,0.148681055155875,13.2704225352113,0.215827338129496,7.53516819571865,0.148681055155875,7.92394366197183,0.098321343,12.7712765957447,0.175059952038369,9.70639534883721,0.223021582733813,8.71604938271605,0.112709832134293,10.327027027027,0.465227817745803,9.26008968609865,0.115107913669065,11.4065040650407,0.211031175059952,6.77203647416413,0.189448441247002,9.91420118343195,0.570743405275779
JHELUM DISTRICT,PUNJAB,RAWALPINDI DIVISION,4,975,583,0.777183600713013,0.0124777183600713,0.20855614973262,0.001782531,0.862745098039216,0.124777183600713,0.001782531,0.010695187,3.6666666666666705,0.229946524064171,0.0124777183600713,0.188948306595365,0.067736185,0.61319073083779,0.0508166969147005,0.55535390199637,0.058076225,0.901996370235935,0.014519056261343,0.837789661319073,6.32967032967033,99.3948717948718,0.098039216,0.814616755793226,0.051693405,0.005347594,0.035650623885918,0.244206773618538,0.0303030303030303,0.019607843,0.005347594,0.010695187,0.0445632798573975,0.955436720142602,0.2174688057041,15.9430523917995,0.13903743315508,7.40165631469979,0.491978609625669,0.206773618538324,0.201426024955437,0.099821747,Metaled,3.6078431372549,0.898395721925134,0.101604278074866,0.039215686,0.0623885918003565,0.265597147950089,0.390374331550802,0.144385026737968,0.199643493761141,0.048128342,0.037433155,0.083778966,0.83065953654189,0.27807486631016,0.844919786096257,0.6524064171123,0.204991087344029,0.017825311942959,0.244206773618538,9.52358490566038,0.935828877005348,11.6111111111111,0.499108734402852,11.3879003558719,0.570409982174688,9.79668049792531,0.925133689839572,11.6666666666667,0.695187165775401,5.65497076023392,0.119429590017825,8.15384615384615,0.035650623885918,16.8983364140481,0.067736185,16.6634799235182,0.035650623885918,18.9205175600739,0.0231729055258467,18.3832116788321,0.0588235294117647,10.9621212121212,0.092691622,9.09233791748526,0.098039216,0.0160427807486631,0.0409982174688057,0.285204991087344,4.53117206982544,0.048128342,9.81647940074906,0.122994652406417,9.12804878048781,0.128342245989305,5.58895705521472,0.10873440285205,6.924,0.087344029,10.49804688,0.114081996434938,8.15090543259557,0.199643493761141,6.728285077951,0.078431373,8.22437137330754,0.413547237076649,6.960486322,0.080213904,9.04651162790698,0.115864527629234,6.72177419354839,0.242424242424242,8.404705882,0.502673796791444
RAWALPINDI DISTRICT,PUNJAB,RAWALPINDI DIVISION,7,3313,1202,0.676418439716312,0.017730496,0.294326241134752,0.011524823,0.79493670886076,0.15021097,0.002531646,0.052320675,5.75806451612903,0.0460636515912897,0.012562814,0.21608040201005,0.0217755443886097,0.737018425460637,0.32347972972973,0.366554054054054,0.115709459459459,0.791385135135135,0.059121622,0.969257045260461,3.22222222222222,126.089906700594,0.089100346,0.655709342560554,0.03633218,0.006055363,0.0250865051903114,0.615916955,0.0,0.141003460207612,0.01384083,0.00432526,0.032888889,0.967111111111111,0.164853556485356,14.4338677354709,0.20066889632107,9.050209205,0.427304964539007,0.390957446808511,0.031028369,0.150709219858156,Metaled,4.31081081081081,0.890202702702703,0.109797297297297,0.07347973,0.0363175675675675,0.154103852596315,0.28391959798995,0.172529313232831,0.389447236180905,0.0519698239731768,0.065381391,0.059513831,0.823134953897737,0.482758620689655,0.891505466778806,0.365853658536585,0.325483599663583,0.066442389,0.236775818639799,10.6545654565457,0.920368818105616,13.0842105263158,0.368067226890756,12.3537234042553,0.383711167086482,12.3474114441417,0.919327731092437,11.2708333333333,0.744147157190635,7.26143790849673,0.17907949790795,9.10907237512742,0.047858942,22.5405643738977,0.054347826,23.3439434129089,0.0292642140468227,36.8449612403101,0.0301003344481605,28.4655172413793,0.071070234,15.6453645364536,0.119227539882452,9.3164918970448,0.136324417601381,0.053494392,0.016393443,0.280436607892527,5.73745624270712,0.083193277,11.1301558203483,0.214105793450882,9.28205128205129,0.186026936026936,7.058945191,0.166526492851135,7.728557013118061,0.150673400673401,12.788899900892,0.172413793103448,9.20833333333333,0.208578637510513,7.43995749202976,0.139613120269134,10.2228739002933,0.25567704,9.90395480225989,0.19259882253995,9.52604166666667,0.131601005867561,8.59555984555985,0.179530201342282,9.990797546,0.362646566164154
OKARA DISTRICT,PUNJAB,SAHIWAL DIVISION,3,2246,930,0.515625,0.0279017857142857,0.447544642857143,0.008928571,0.692307692307692,0.230769230769231,0.0546265328874024,0.0222965440356744,7.6,0.243875278396437,0.010022272,0.090200445,0.010022272,0.728285077951002,0.195150115473441,0.093533487,0.0577367205542725,0.907621247113164,0.038106236,0.890746934225195,8.75510204081633,91.5264864864865,0.0579710144927536,0.924191750278707,0.0557413600891861,0.0178372352285395,0.091415831,0.002229654,0.0100334448160535,0.0,0.0,0.003344482,0.081291759,0.918708240534521,0.059020045,14.0828402366864,0.243875278396437,4.96907216494845,0.13549832,0.0257558790593505,0.680851063829787,0.157894736842105,Metaled,4.2625,0.93422519509476,0.065774805,0.0234113712374581,0.0423634336677814,0.135857461024499,0.374164810690423,0.304008908685969,0.185968819599109,0.0111358574610244,0.055679287,0.0623608017817371,0.870824053452116,0.365256124721604,0.907572383073497,0.39532293986637,0.122494432071269,0.0445434298440979,0.146532438478747,10.3315858453473,0.859688195991091,11.9206349206349,0.119419642857143,12.3751584283904,0.349330357142857,10.0566037735849,0.817168338907469,9.3109756097561,0.348552338530067,6.37264957264957,0.101336302895323,9.32094176,0.0211581291759465,15.2969283276451,0.0244988864142538,12.189497716895,0.097995546,12.0827160493827,0.0434298440979955,12.0046565774156,0.086859688,8.756097561,0.0267260579064587,11.5537757437071,0.284598214285714,0.236607142857143,0.185267857142857,0.092530658,7.92383292383292,0.0546875,8.0318772136954,0.094170404,11.4727722772277,0.141741071428571,6.03641092327698,0.10178970917226,7.88418430884184,0.076147816,11.3842424242424,0.10391061452514,8.495012469,0.1640625,6.29238985313752,0.110491071428571,8.34378920953576,0.184151785714286,8.22982216142271,0.07150838,9.66787003610108,0.119153674832962,6.512010113780031,0.173719376391982,8.041778976,0.469933184855234
PAKPATTAN DISTRICT,PUNJAB,SAHIWAL DIVISION,2,1247,580,0.58448275862069,0.0344827586206896,0.372413793103448,0.00862069,0.743103448,0.224137931034483,0.025862069,0.006896552,2.25,0.23448275862069,0.018965517,0.077586207,0.0155172413793103,0.693103448275862,0.0209424083769633,0.197207678883072,0.082024433,0.968586387434555,0.0279232111692844,0.93448275862069,5.26315789473684,90.5886402753873,0.05862069,0.975862068965517,0.120689655172414,0.005172414,0.062068966,0.0,0.003448276,0.0,0.0,0.0,0.067241379,0.932758620689655,0.053448276,15.5300546448087,0.272413793103448,5.09952606635071,0.160344827586207,0.0155172413793103,0.562068965517241,0.262068965517241,Metaled,3.09302325581395,0.922413793103448,0.077586207,0.0172413793103448,0.060344828,0.136206896551724,0.224137931034483,0.268965517241379,0.370689655172414,0.0327586206896551,0.0344827586206896,0.043103448,0.889655172413793,0.63448275862069,0.948275862068966,0.293103448275862,0.103448275862069,0.00862069,0.13126079447323,10.1053677932406,0.932758620689655,12.4871794871795,0.065630397,11.720887245841,0.151986183074266,11.3116089613035,0.922413793103448,12.7111111111111,0.532758620689655,7.00738007380074,0.110344827586207,9.19961240310078,0.0259067357512953,15.040780141844,0.025862069,14.7362831858407,0.079310345,11.9700374531835,0.0413793103448275,11.6223021582734,0.132758620689655,8.522862823,0.0413793103448275,10.9748201438849,0.593103448,0.244827586206897,0.217241379310345,0.1,8.87547892720307,0.043103448,9.171171171,0.068965517,9.6462962962963,0.132987910189983,6.033864542,0.110535405872193,7.13203883495146,0.04835924,12.1669691470054,0.079447323,10.2157598499062,0.172711571675302,6.55114822546973,0.086355786,8.663516068,0.210708117443869,7.32603938730853,0.050086356,11.0581818181818,0.067241379,6.70609981515712,0.182758620689655,7.52320675105485,0.701724137931035
SAHIWAL DISTRICT,PUNJAB,SAHIWAL DIVISION,2,1383,531,0.59622641509434,0.0169811320754716,0.375471698113208,0.0113207547169811,0.8,0.164150943396226,0.0245283018867924,0.0113207547169811,2.66666666666667,0.10586011342155,0.0226843100189035,0.077504726,0.0207939508506616,0.826086956521739,0.091254753,0.195817490494297,0.0570342205323193,0.920152091254753,0.053231939163498,0.781132075471698,3.56896551724138,106.592452830189,0.0528301886792452,0.89622641509434,0.2,0.032075472,0.135849056603774,0.001886792,0.00754717,0.0,0.001886792,0.001886792,0.094339623,0.905660377358491,0.133962264150943,12.0457516339869,0.318867924528302,7.4404432132964,0.239622641509434,0.0339622641509433,0.552830188679245,0.173584905660377,Metaled,4.8125,0.926415094339623,0.073584906,0.00754717,0.066037736,0.124528301886792,0.266037735849057,0.383018867924528,0.226415094339623,0.064150943,0.118867924528302,0.111320754716981,0.705660377358491,0.292452830188679,0.883018867924528,0.641509433962264,0.175471698113208,0.0339622641509433,0.364150943396226,9.272997033,0.860377358490566,9.040540541,0.416981132075472,10.8608414239482,0.577358490566038,10.4598214285714,0.824528301886793,10.4301075268817,0.422641509433962,7.04575163398693,0.216981132075472,9.49397590361446,0.069811321,17.6389452332657,0.064150943,14.0766129032258,0.10377358490566,12.2926315789474,0.0452830188679245,12.4288537549407,0.120754716981132,7.73605150214592,0.067924528,10.6599190283401,0.466918714555766,0.236294896030246,0.270321361058601,0.258490566037736,6.85241730279898,0.0528301886792452,8.19721115537849,0.2,11.7169811320755,0.224528301886792,6.187347932,0.232075471698113,6.55282555282555,0.20377358490566,9.620853081,0.207547169811321,7.87857142857143,0.254716981132075,6.53924050632911,0.194339622641509,7.75175644028103,0.345283018867925,8.25936599423631,0.164150943396226,9.50338600451467,0.155009451795841,6.3579418344519,0.223062381852552,7.09975669099757,0.346590909090909
BHAKKAR DISTRICT,PUNJAB,SARGODHA DIVISION,4,1358,541,0.332699619771863,0.020912548,0.634980988593156,0.0114068441064638,0.286527514,0.499051233396584,0.127134725,0.087286528,4.95652173913044,0.580645161290323,0.007590133,0.0132827324478178,0.0151802656546489,0.40607210626186,0.0152380952380952,0.154285714285714,0.059047619,0.988571428571428,0.0171428571428571,1.0,0.0,30.5175600739372,0.0132827324478178,0.994307400379507,0.0056926,0.0,0.007590133,0.0,0.009487666,0.0,0.0,0.0,0.108159392789374,0.891840607210626,0.055028463,25.8132530120482,0.481973434535104,8.22710622710623,0.072243346,0.026615969581749,0.14638783269962,0.754752851711027,Metaled,5.06315789473684,0.912713472485768,0.087286528,0.0208728652751423,0.066413662,0.0056926,0.0569259962049335,0.138519924098672,0.798861480075901,0.001897533,0.0284629981024667,0.043643264,0.925996204933586,0.55977229601518,0.925996204933586,0.074003795,0.187855787476281,0.041745731,0.076045627,13.5761316872428,0.937262357414449,11.2424242424242,0.0512333965844402,16.078,0.076045627,15.1069958847737,0.9106463878327,11.1063829787234,0.470588235294118,9.84587813620072,0.108159392789374,12.3468085106383,0.0494296577946768,15.332,0.038022814,18.4367588932806,0.0132827324478178,33.3653846153846,0.043643264,15.8789682539683,0.115749525616698,10.8969957081545,0.0284629981024667,15.17578125,0.461100569259962,0.407969639468691,0.244781783681214,0.113851992409867,10.0278372591006,0.049335863,12.3532934131737,0.037950664,18.0788954635108,0.108159392789374,10.3914893617021,0.106261859582543,10.619957537155,0.064516129,16.6997971602434,0.100569259962049,12.2510548523207,0.16888045540797,10.7511415525114,0.064516129,12.9695740365112,0.138519924098672,12.5947136563877,0.0588235294117647,13.9153225806452,0.127134725,10.245652173913,0.239089184060721,11.7680798004988,0.413662239089184
KHUSHAB DISTRICT,PUNJAB,SARGODHA DIVISION,4,523,318,0.533807829181495,0.0142348754448398,0.427046263345196,0.024911032,0.470175438596491,0.291228070175439,0.087719298,0.150877192982456,5.34883720930233,0.275261324041812,0.0139372822299651,0.0139372822299651,0.003484321,0.70383275261324,0.033088235,0.113970588235294,0.0625,0.974264705882353,0.0147058823529411,0.75,4.34722222222222,101.546391752577,0.13986013986014,0.84965034965035,0.052447552,0.0,0.052447552,0.006993007,0.073426573,0.041958042,0.031468531,0.020979021,0.163120567375887,0.836879432624114,0.083623693,29.0608365019011,0.337979094076655,8.13684210526316,0.189964157706093,0.21505376344086,0.189964157706093,0.405017921146953,Metaled,3.93478260869565,0.965277777777778,0.0347222222222222,0.0208333333333333,0.0138888888888888,0.024390243902439,0.111498257839721,0.18815331010453,0.67595818815331,0.006968641,0.0209059233449477,0.031358885,0.940766550522648,0.484320557491289,0.829268292682927,0.191637630662021,0.160278745644599,0.114982578397213,0.142857142857143,17.1788617886179,0.766550522648084,17.4626865671642,0.142857142857143,20.0487804878049,0.209059233449477,19.0396475770925,0.682926829268293,18.8901098901099,0.665505226480836,8.0625,0.121951219512195,15.4246031746032,0.06271777,29.8959107806691,0.0418118466898954,27.6,0.0209059233449477,31.5338078291815,0.024390243902439,32.3821428571429,0.076655052,17.7433962264151,0.094076655,17.0923076923077,0.121951219512195,0.073170732,0.0104529616724738,0.261324041811847,8.70754717,0.087108014,16.4503816793893,0.080139373,26.5454545454545,0.216783216783217,9.83482142857143,0.199300699300699,11.9912663755459,0.164335664335664,15.2468619246862,0.221052631578947,12.9594594594595,0.213286713286713,11.36,0.132867132867133,14.2661290322581,0.207017543859649,15.3451327433628,0.098245614,15.8054474708171,0.171328671328671,9.42194092827004,0.185314685314685,10.8884120171674,0.346153846153846
MIANWALI DISTRICT,PUNJAB,SARGODHA DIVISION,3,606,256,0.597345132743363,0.026548673,0.371681415929204,0.004424779,0.312775330396476,0.54625550660793,0.070484581,0.070484581,5.25,0.610619469026549,0.004424779,0.039823009,0.008849558,0.380530973451327,0.0309734513274336,0.18141592920354,0.039823009,0.991150442477876,0.0176991150442477,0.934497816593886,3.93333333333333,116.177966101695,0.127753303964758,0.837004405286344,0.004405286,0.0,0.008810573,0.0220264317180616,0.004405286,0.004405286,0.008810573,0.0,0.044247788,0.955752212389381,0.097345133,32.7352941176471,0.544247787610619,7.89320388349515,0.167400881057269,0.127753303964758,0.057268722,0.647577092511013,Metaled,4.92592592592593,0.951327433628319,0.0486725663716814,0.044247788,0.004424779,0.013215859030837,0.061674009,0.185022026431718,0.740088105726872,0.013215859030837,0.026431718,0.101321585903084,0.859030837004405,0.570796460176991,0.938053097345133,0.287610619469027,0.278761061946903,0.044247788,0.092920354,12.2926829268293,0.920353982300885,9.66666666666667,0.141592920353982,11.8556701030928,0.247787610619469,12.2529411764706,0.823008849557522,11.4,0.694690265486726,10.0869565217391,0.15929203539823,10.9947368421053,0.088495575,14.8300970873786,0.0619469026548672,14.3349056603774,0.026548673,36.1954545454546,0.0221238938053097,18.6470588235294,0.150442477876106,10.8177083333333,0.106194690265487,12.8465346534653,0.4,0.093333333,0.04,0.336283186,8.54666666666667,0.168141593,8.984042553,0.110619469026549,12.4328358208955,0.224669603524229,8.5625,0.097345133,10.3823529411765,0.07079646,16.8285714285714,0.199115044247788,10.0718232044199,0.211453744493392,10.2513966480447,0.199115044247788,11.767955801105,0.278761061946903,12.1042944785276,0.13716814159292,11.0974358974359,0.190265486725664,9.52459016393443,0.230088495575221,9.52873563218391,0.52212389380531
SARGODHA DISTRICT,PUNJAB,SARGODHA DIVISION,7,1813,846,0.818955043,0.0109356014580801,0.16767922235723,0.002430134,0.719660194174757,0.253640776699029,0.016990291,0.009708738,5.125,0.256067961165049,0.0388349514563106,0.129854368932039,0.0230582524271844,0.652912621359223,0.317073170731707,0.152439024390244,0.034146341,0.903658536585366,0.023170731707317,0.732769044740024,2.72398190045249,52.9091981132075,0.056900726,0.955205811138014,0.0314769975786924,0.004842615,0.163438256658596,0.0,0.002421308,0.0,0.0,0.001210654,0.04969697,0.95030303030303,0.091019417,13.4512683578104,0.388349514563107,5.30753968253968,0.256379100850547,0.044957473,0.626974483596598,0.071688943,Metaled,3.24324324324324,0.879081016,0.120918984280532,0.047158404,0.07376058,0.192727272727273,0.475151515151515,0.183030303030303,0.149090909090909,0.0193939393939393,0.053333333,0.058181818,0.869090909090909,0.402912621359223,0.936893203883495,0.421116504854369,0.203883495145631,0.0242718446601941,0.298543689320388,9.68339100346021,0.938106796116505,9.7843137254902,0.282766990291262,11.7021996615905,0.407766990291262,9.356557377,0.882281553398058,10.1030927835052,0.54368932038835,5.60372340425532,0.151699029126214,9.31330472103004,0.047330097,24.4713375796178,0.046116505,14.4681933842239,0.029126214,23.94875,0.0242718446601941,22.5,0.114077669902913,9.25890410958904,0.087272727,9.945551129,0.564691656590085,0.286577992744861,0.136638452237001,0.225728155339806,6.5846394984326,0.077669903,9.03684210526316,0.157766990291262,11.1541786743516,0.220338983050847,7.51552795031056,0.194915254237288,7.5398496240601505,0.135593220338983,12.6554621848739,0.170702179176755,8.65693430656934,0.217917675544794,9.19504643962848,0.117433414043584,9.86831275720165,0.25544794188862,11.1837398373984,0.13680387409201,9.176718093,0.188106796116505,5.6965620328849,0.242718446601942,7.29647435897436,0.49878640776699
BADIN DISTRICT,SINDH,HYDERABAD DIVISION,5,4012,472,0.024144869,0.406438631790744,0.567404426559356,0.002012072,0.038229376,0.217303822937626,0.682092555,0.062374245,7.70967741935484,0.382293762575453,0.0,0.00804829,0.010060362,0.603621730382294,0.046558704,0.004048583,0.0,0.969635627530364,0.0121457489878542,0.44466800804829,6.71014492753623,28.3440643863179,0.0181086519114688,0.595573440643863,0.0301810865191146,0.0523138832997987,0.336016096579477,0.020120724,0.41851106639839,0.004024145,0.028169014084507,0.002012072,0.643863179074447,0.356136820925553,0.038229376,22.6882845188285,0.138832997987928,10.7476635514019,0.038229376,0.0181086519114688,0.0120724346076458,0.931589537,Metaled,6.41588785,0.967806841046278,0.032193159,0.0221327967806841,0.010060362,0.002012072,0.0221327967806841,0.044265594,0.931589537,0.0,0.00804829,0.0261569416498993,0.965794769,0.537223340040241,0.573440643863179,0.028169014084507,0.54527163,0.058350101,0.042253521,17.5840336134454,0.830985915492958,16.2619047619048,0.042253521,18.7668067226891,0.036217304,17.9561586638831,0.714285714285714,18.0704225352113,0.327967806841046,10.9670658682635,0.0603621730382293,13.3704496788009,0.036217304,28.5553235908142,0.028169014084507,23.0269151138716,0.0140845070422535,71.9510204081633,0.0221327967806841,31.6831275720165,0.032193159,16.8544698544699,0.028169014084507,19.7287784679089,0.100603621730382,0.016096579,0.35010060362173,0.050301811,13.1822033898305,0.094567404,11.0955555555556,0.197183098591549,34.7017543859649,0.142857142857143,10.2042253521127,0.134808853118712,12.0790697674419,0.076458753,16.55991285,0.108651911468813,12.5620767494357,0.144869215291751,13.9482352941176,0.048289738,18.29386892,0.253521126760563,16.4690026954178,0.068410463,12.7775377969762,0.048289738,14.7251585623679,0.124748490945674,14.8896551724138,0.3420523138833
DADU DISTRICT,SINDH,HYDERABAD DIVISION,4,1456,345,0.0484848484848484,0.178787878787879,0.739393939393939,0.033333333,0.415902140672783,0.284403669724771,0.238532110091743,0.06116208,15.65,0.848484848484849,0.0,0.087878788,0.009090909,0.145454545454545,0.187096774193548,0.009677419,0.006451613,0.964516129,0.003225806,0.734756097560976,6.29885057471264,188.695014662757,0.106060606060606,0.803030303,0.009090909,0.0242424242424242,0.172727272727273,0.096969697,0.060606061,0.042424242,0.042424242,0.018181818,0.260606060606061,0.739393939393939,0.018237082,20.1795665634675,0.133738601823708,13.6982456140351,0.078787879,0.103030303030303,0.033333333,0.784848484848485,Unmetalled,8.01315789473684,0.924242424242424,0.075757576,0.033333333,0.042424242,0.0212121212121212,0.039393939,0.106060606060606,0.833333333333333,0.0,0.0212121212121212,0.0515151515151515,0.927272727272727,0.559270516717325,0.756838906,0.094224924,0.203647416413374,0.167173252279635,0.048632219,16.555910543131,0.805471124620061,15.453125,0.048929664,18.2829581993569,0.076452599,17.8609271523179,0.787234042553192,18.0285714285714,0.267477203647416,13.5311203319502,0.088145897,14.0633333333333,0.0303951367781155,18.0501567398119,0.066869301,17.7980456026059,0.0303951367781155,19.3354231974922,0.03343465,16.5943396226415,0.039513678,18.1329113924051,0.0303951367781155,17.3605015673981,0.168674698795181,0.0240963855421686,0.0602409638554216,0.103343465045593,15.2135593220339,0.170212765957447,9.60805860805861,0.072948328,16.6819672131148,0.182370821,13.4460966542751,0.142857142857143,14.063829787234,0.069908815,16.7777777777778,0.161585365853659,13.9709090909091,0.155015197568389,13.9064748201439,0.079027356,17.6336633663366,0.240853658536585,18.1204819277108,0.121580547112462,13.74394464,0.0577507598784194,15.158064516129,0.142857142857143,15.0212765957447,0.033333333
HYDERABAD DISTRICT,SINDH,HYDERABAD DIVISION,4,915,83,0.098765432,0.037037037037037,0.864197530864198,0.0,0.259259259259259,0.617283950617284,0.111111111111111,0.0123456790123456,3.0,0.925925925925926,0.0,0.604938271604938,0.0,0.0123456790123456,0.506172839506173,0.111111111111111,0.123456790123457,0.876543209876543,0.197530864197531,0.802469135802469,2.9375,67.6543209876543,0.123456790123457,0.901234567901235,0.123456790123457,0.123456790123457,0.049382716,0.0,0.209876543209877,0.0,0.0,0.049382716,0.123456790123457,0.876543209876543,0.148148148148148,11.6376811594203,0.567901234567901,5.02857142857143,0.271604938271605,0.123456790123457,0.0,0.604938271604938,Metaled,2.2,0.864197530864198,0.135802469135802,0.135802469135802,0.0,0.086419753,0.111111111111111,0.185185185185185,0.617283950617284,0.061728395,0.098765432,0.148148148148148,0.691358025,0.691358025,0.975308641975309,0.246913580246914,0.530864197530864,0.0,0.17283950617284,12.0746268656716,0.975308641975309,10.0,0.259259259259259,11.75,0.209876543209877,12.484375,0.975308641975309,6.0,0.876543209876543,10.1,0.37037037037037,7.98039215686275,0.049382716,13.2987013,0.061728395,14.4736842105263,0.074074074,14.12,0.074074074,14.1733333333333,0.296296296296296,9.17543859649123,0.17283950617284,8.71641791044776,0.839506172839506,0.086419753,0.234567901234568,0.246913580246914,7.0,0.407407407407407,5.25,0.320987654320988,9.67272727272727,0.395061728395062,5.06122448979592,0.246913580246914,6.47540983606557,0.123456790123457,9.25352112676056,0.419753086419753,7.12765957446809,0.333333333333333,6.0,0.271604938271605,6.98305084745763,0.62962962962963,5.46666666666667,0.555555555555556,5.19444444444445,0.160493827160494,7.94117647058824,0.197530864197531,7.15384615384615,0.91358024691358
JAMSHORO DISTRICT,SINDH,HYDERABAD DIVISION,4,934,174,0.051428571,0.377142857142857,0.554285714285714,0.0171428571428571,0.068965517,0.17816091954023,0.494252873563218,0.258620689655172,20.9777777777778,0.764367816,0.0,0.074712644,0.0,0.224137931034483,0.132947976878613,0.069364162,0.0289017341040462,0.959537572254335,0.0289017341040462,0.405714285714286,11.0288461538462,160.805714285714,0.086206897,0.35632183908046,0.063218391,0.086206897,0.189655172413793,0.396551724137931,0.201149425287356,0.051724138,0.063218391,0.08045977,0.247126436781609,0.752873563218391,0.051724138,42.5575757575758,0.183908045977012,20.0915492957746,0.126436781609195,0.028735632183908,0.0172413793103448,0.827586206896552,Unmetalled,12.8362068965517,0.805714285714286,0.194285714285714,0.074285714,0.12,0.0172413793103448,0.051724138,0.155172413793103,0.775862068965517,0.0114942528735632,0.0229885057471264,0.137931034482759,0.827586206896552,0.350574712643678,0.603448276,0.120689655172414,0.339080459770115,0.258620689655172,0.114942528735632,20.7922077922078,0.82183908045977,32.4838709677419,0.063218391,22.7484662576687,0.086206897,23.8490566037736,0.741379310344828,32.6888888888889,0.35632183908046,13.8482142857143,0.132183908045977,20.1390728476821,0.028735632183908,46.9526627218935,0.028735632183908,51.2426035502959,0.0229885057471264,44.6058823529412,0.051724138,41.8606060606061,0.068965517,26.9259259259259,0.068965517,28.5555555555556,0.0229885057471264,0.0114942528735632,0.0,0.120689655172414,20.8888888888889,0.241379310344828,16.0530303030303,0.114942528735632,29.4545454545455,0.189655172413793,18.6808510638298,0.17816091954023,19.972027972028,0.103448275862069,20.1217948717949,0.172413793103448,21.5902777777778,0.201149425287356,21.294964028777,0.086206897,20.937106918239,0.270114942528736,19.6614173228346,0.114942528735632,18.8896103896104,0.068965517,19.5740740740741,0.091954023,19.6329113924051,0.304597701149425
MATIARI DISTRICT,SINDH,HYDERABAD DIVISION,3,457,113,0.028571429,0.066666667,0.876190476190476,0.028571429,0.104761904761905,0.361904761904762,0.495238095238095,0.038095238,6.75,0.733333333333333,0.0,0.104761904761905,0.0,0.219047619047619,0.571428571428571,0.0,0.038095238,0.60952380952381,0.123809523809524,0.857142857142857,4.66666666666667,85.5047619,0.180952380952381,0.952380952380952,0.00952381,0.0476190476190476,0.095238095,0.00952381,0.0476190476190476,0.00952381,0.00952381,0.0,0.019047619,0.980952380952381,0.104761904761905,8.29787234042553,0.4,5.74603174603175,0.114285714285714,0.266666666666667,0.219047619047619,0.4,Metaled,4.38095238095238,0.914285714285714,0.085714286,0.076190476,0.00952381,0.00952381,0.057142857,0.552380952380952,0.380952380952381,0.00952381,0.028571429,0.20952380952381,0.752380952380952,0.380952380952381,0.914285714285714,0.152380952380952,0.2,0.0476190476190476,0.171428571428571,8.09195402298851,0.847619047619048,7.5,0.161904761904762,8.59090909090909,0.2,8.08333333333333,0.780952381,8.43478260869565,0.780952381,6.26086956521739,0.295238095238095,5.77027027,0.066666667,9.28571428571429,0.038095238,10.3663366336634,0.038095238,9.64356435643564,0.0476190476190476,8.61,0.057142857,8.2020202020202,0.076190476,7.85567010309278,0.257142857142857,0.019047619,0.171428571428571,0.133333333333333,7.59340659340659,0.323809523809524,6.3943661971831,0.019047619,8.05825242718447,0.342857142857143,5.21739130434783,0.219047619047619,6.19512195121951,0.104761904761905,6.63829787234043,0.171428571428571,6.32183908,0.285714285714286,5.77333333333333,0.161904761904762,6.31818181818182,0.133333333333333,7.04395604395604,0.276190476190476,5.42105263157895,0.123809523809524,7.46739130434783,0.276190476190476,6.55263157894737,0.161904761904762
TANDO ALLAHYAR DISTRICT,SINDH,HYDERABAD DIVISION,3,456,91,0.010989011,0.043956044,0.945054945,0.0,0.252747252747253,0.450549450549451,0.296703296703297,0.0,0.0,0.725274725274725,0.0,0.175824175824176,0.0,0.274725274725275,0.340659340659341,0.010989011,0.164835164835165,0.879120879120879,0.043956044,0.725274725274725,5.08,104.89010989011,0.0549450549450549,0.879120879120879,0.0549450549450549,0.384615384615385,0.076923077,0.0,0.120879120879121,0.010989011,0.0,0.0,0.076923077,0.923076923076923,0.043956044,16.5632183908046,0.505494505494506,8.51111111111111,0.032967033,0.131868131868132,0.0,0.835164835164835,Metaled,12.0,0.934065934065934,0.065934066,0.065934066,0.0,0.010989011,0.0549450549450549,0.241758241758242,0.692307692307692,0.010989011,0.043956044,0.186813186813187,0.758241758241758,0.956043956043956,0.989010989,0.120879120879121,0.54945054945055,0.0,0.120879120879121,15.1125,0.967032967,20.0,0.0549450549450549,13.8372093023256,0.120879120879121,15.325,0.967032967,20.0,0.868131868131868,7.33333333333333,0.186813186813187,9.55405405405405,0.032967033,15.7159090909091,0.043956044,15.6781609195402,0.032967033,16.6477272727273,0.032967033,16.5340909090909,0.087912088,13.0120481927711,0.131868131868132,11.8227848101266,0.472527472527473,0.0,0.252747252747253,0.230769230769231,8.62857142857143,0.516483516483517,8.13636363636364,0.637362637362637,8.81818181818182,0.428571428571429,7.57692307692308,0.362637362637363,7.5344827586206895,0.263736263736264,8.37313432835821,0.296703296703297,9.703125,0.582417582417583,9.1578947368421,0.274725274725275,10.469696969697,0.274725274725275,9.13636363636364,0.208791208791209,9.69444444444445,0.208791208791209,9.41666666666667,0.318681318681319,9.467741935,0.472527472527473
TANDO MUHAMMAD KHAN DISTRICT,SINDH,HYDERABAD DIVISION,3,863,158,0.0125786163522012,0.081761006,0.899371069,0.006289308,0.088050314,0.345911949685535,0.534591194968554,0.0314465408805031,4.6,0.39622641509434,0.0,0.0251572327044025,0.0,0.59748427672956,0.238993710691824,0.088050314,0.150943396226415,0.974842767295598,0.515723270440252,0.836477987421384,5.19230769230769,52.1509433962264,0.094339623,0.962264150943396,0.0251572327044025,0.10062893081761,0.169811320754717,0.0,0.182389937106918,0.0125786163522012,0.006289308,0.0,0.182389937106918,0.817610062893082,0.0125786163522012,21.6687898089172,0.207547169811321,10.9761904761905,0.138364779874214,0.0314465408805031,0.0,0.830188679245283,Metaled,6.51612903225807,0.943396226415094,0.056603774,0.0314465408805031,0.0251572327044025,0.0125786163522012,0.0251572327044025,0.125786163522013,0.836477987421384,0.006289308,0.0125786163522012,0.081761006,0.899371069,0.735849056603774,0.911949685534591,0.0314465408805031,0.345911949685535,0.0,0.0125786163522012,21.1528662420382,0.842767295597484,17.84,0.0125786163522012,21.2866242038217,0.0251572327044025,21.458064516129,0.842767295597484,16.28,0.383647798742138,12.765306122449,0.088050314,12.2758620689655,0.006289308,22.1708860759494,0.0125786163522012,21.9808917197452,0.006289308,36.5506329113924,0.0125786163522012,25.7133757961783,0.044025157,19.8223684210526,0.0188679245283018,19.8717948717949,0.0251572327044025,0.0,0.220125786163522,0.062893082,13.3489932885906,0.150943396226415,9.50370370370371,0.553459119496855,16.5492957746479,0.132075471698113,10.5652173913043,0.119496855345912,10.3928571428571,0.075471698,12.2040816326531,0.176100628930818,9.55725190839695,0.113207547169811,10.4468085106383,0.10062893081761,10.8881118881119,0.144654088050314,10.1691176470588,0.075471698,10.9047619047619,0.037735849,15.2091503267974,0.144654088050314,16.4411764705882,0.459119496855346
THATTA DISTRICT,SINDH,HYDERABAD DIVISION,4,1696,260,0.0358565737051792,0.390438247011952,0.565737051792829,0.007968127,0.0217391304347826,0.060869565,0.669565217391304,0.247826086956522,13.0526315789474,0.287937743190661,0.007782101,0.0233463035019455,0.124513618677043,0.571984435797665,0.0393013100436681,0.0131004366812227,0.0480349344978165,0.96943231441048,0.061135371,0.700404858299595,28.6756756756757,51.9767441860465,0.0378151260504201,0.773109244,0.033613445,0.050420168,0.147058823529412,0.0252100840336134,0.605042016806723,0.021008403,0.0126050420168067,0.042016807,0.30327868852459,0.69672131147541,0.0583657587548638,40.5165289256198,0.11328125,24.3656387665198,0.088,0.02,0.012,0.88,Unmetalled,10.0,0.950617283950617,0.049382716,0.04526749,0.004115226,0.0,0.007692308,0.3,0.692307692307692,0.003846154,0.007692308,0.030769231,0.957692307692308,0.469230769230769,0.592307692307692,0.1,0.315384615384615,0.226923076923077,0.12987012987013,18.8109452736318,0.844961240310078,23.45,0.111553784860558,26.8206278026906,0.121739130434783,20.1237623762376,0.63953488372093,18.247311827957,0.23828125,27.4461538461538,0.09375,26.1163793103448,0.047826087,23.6849315068493,0.03968254,41.5785123966942,0.0235294117647058,61.0441767068273,0.0274509803921568,42.9072580645161,0.0431372549019607,28.8032786885246,0.034883721,39.79116465863449,0.075949367,0.004219409,0.063291139,0.042635659,36.6923076923077,0.093023256,26.3717948717949,0.0503875968992248,29.6979591836735,0.12280701754386,14.42,0.096491228,14.7912621359223,0.078947368,17.7714285714286,0.088105727,16.4154589371981,0.075098814,24.9786324786325,0.070175439,17.0566037735849,0.086580087,17.4739336492891,0.110132158590308,15.3663366336634,0.068965517,18.3703703703704,0.122270742358079,18.6019900497512,0.184549356223176
SUJAWAL DISTRICT,SINDH,HYDERABAD DIVISION,5,1246,379,0.009345794,0.482866043613707,0.498442367601246,0.009345794,0.040752351,0.056426332,0.551724137931035,0.351097178683386,15.0625,0.590625,0.003125,0.003125,0.009375,0.396875,0.025316456,0.0,0.003164557,0.981012658227848,0.003164557,0.653125,4.72972973,31.6645768025078,0.025,0.63125,0.0125,0.040625,0.059375,0.084375,0.409375,0.0,0.04375,0.0,0.246875,0.753125,0.022012579,16.2668810289389,0.072327044,13.3220338983051,0.0186915887850467,0.0249221183800623,0.009345794,0.947040498442368,Unmetalled,7.89349112426036,0.85981308411215,0.14018691588785,0.0249221183800623,0.115264797507788,0.003125,0.0125,0.01875,0.965625,0.003125,0.009375,0.015625,0.971875,0.764890282131661,0.156739811912226,0.0250783699059561,0.206896551724138,0.13166144200627,0.0188679245283018,14.2179487179487,0.616352201257862,12.9754098360656,0.022012579,14.6623794212219,0.0251572327044025,14.6322580645161,0.352201257861635,15.6893203883495,0.29559748427673,14.3392857142857,0.081761006,13.8904109589041,0.022012579,15.9710610932476,0.0314465408805031,32.6525974,0.0157232704402515,35.18530351,0.0125786163522012,35.1751592356688,0.0188679245283018,14.2660256410256,0.022012579,14.9967845659164,0.00625,0.003125,0.003125,0.0188679245283018,13.8846153846154,0.081761006,12.0205479452055,0.0188679245283018,14.5673076923077,0.10062893081761,11.9125874125874,0.056603774,11.5566666666667,0.037735849,13.1666666666667,0.066037736,12.020202020202,0.088050314,12.5448275862069,0.034591195,13.9087947882736,0.150943396226415,13.2148148148148,0.075471698,13.5442176870748,0.062695925,13.5351170568562,0.053459119,13.9202657807309,0.096875
JACOBABAD DISTRICT,SINDH,LARKANA DIVISION,3,1494,208,0.104265402843602,0.246445497630332,0.62085308056872,0.028436019,0.071090047,0.341232227488152,0.578199052132701,0.009478673,30.0,0.616113744075829,0.0142180094786729,0.137440758293839,0.004739336,0.33175355450237,0.109452736318408,0.039800995,0.044776119,0.970149253731343,0.0298507462686567,0.587677725118483,2.58620689655172,44.3554502369668,0.0142180094786729,0.91943128,0.033175355,0.071090047,0.123222748815166,0.0379146919431279,0.0521327014218009,0.066350711,0.0189573459715639,0.009478673,0.431279620853081,0.568720379146919,0.066350711,24.9847715736041,0.203791469194313,10.6904761904762,0.109004739336493,0.033175355,0.0379146919431279,0.819905213270142,Unmetalled,6.01818181818182,0.890995260663507,0.109004739336493,0.066350711,0.042654028,0.0189573459715639,0.0379146919431279,0.118483412322275,0.824644549763033,0.0142180094786729,0.0189573459715639,0.071090047,0.895734597156398,0.696682464454976,0.767772511848341,0.066350711,0.345971563981043,0.104265402843602,0.090047393,14.7135416666667,0.872037914691943,15.4074074074074,0.099526066,16.4578947368421,0.137440758293839,15.3461538461538,0.848341232227488,15.625,0.606635071090047,9.32530120481928,0.123222748815166,11.3513513513514,0.075829384,14.7846153846154,0.127962085308057,20.5760869565217,0.042654028,19.9851485148515,0.0616113744075829,18.2373737373737,0.113744075829384,14.4224598930481,0.033175355,20.421568627451,0.52132701421801,0.085308057,0.345971563981043,0.056872038,14.1557788944724,0.293838862559242,8.489932886,0.0236966824644549,18.8203883495146,0.255924170616114,9.36942675159236,0.199052132701422,11.8934911242604,0.090047393,17.59375,0.161137440758294,12.9152542372881,0.213270142180095,11.578313253012,0.118483412322275,15.5215053763441,0.104265402843602,14.3968253968254,0.118483412322275,14.7956989247312,0.127962085308057,17.6141304347826,0.156398104265403,17.4494382022472,0.123222748815166
KASHMORE DISTRICT,SINDH,LARKANA DIVISION,3,711,147,0.0337837837837837,0.209459459459459,0.743243243243243,0.0135135135135135,0.0135135135135135,0.297297297297297,0.554054054054054,0.135135135135135,6.0,0.5,0.02027027,0.067567568,0.0,0.472972972972973,0.081081081,0.0337837837837837,0.101351351351351,0.966216216216216,0.0,0.810810810810811,5.67857142857143,53.0202702702703,0.0,0.966216216216216,0.006756757,0.006756757,0.006756757,0.0,0.047297297,0.0,0.0135135135135135,0.0,0.371621621621622,0.628378378378378,0.067567568,15.804347826087,0.202702702702703,9.20338983050847,0.040540541,0.0135135135135135,0.006756757,0.939189189189189,Unmetalled,5.88297872340426,0.952702702702703,0.047297297,0.040540541,0.006756757,0.0,0.067567568,0.074324324,0.858108108108108,0.0,0.02027027,0.087837838,0.891891891891892,0.385135135135135,0.412162162162162,0.054054054,0.121621621621622,0.324324324324324,0.101351351351351,9.932330827,0.567567567567568,9.953125,0.087837838,11.7703703703704,0.087837838,11.2444444444444,0.493243243243243,11.04,0.304054054054054,8.1747572815534,0.067567568,9.98550724637681,0.0337837837837837,12.2867132867133,0.047297297,13.1985815602837,0.02027027,11.3034482758621,0.02027027,11.2068965517241,0.047297297,10.6028368794326,0.054054054,12.4214285714286,0.054054054,0.027027027,0.0337837837837837,0.067567568,10.304347826087,0.337837837837838,8.81632653061224,0.155405405405405,10.8,0.202702702702703,7.86440677966102,0.175675675675676,8.22950819672131,0.087837838,8.98518518518519,0.128378378378378,8.64341085271318,0.222972972972973,8.0,0.081081081,8.99264705882353,0.114864864864865,8.88549618320611,0.108108108108108,8.24242424242424,0.114864864864865,9.29770992366412,0.128378378378378,9.16279069767442,0.047297297
LARKANA DISTRICT,SINDH,LARKANA DIVISION,4,760,182,0.108695652173913,0.086956522,0.793478260869565,0.0108695652173913,0.33695652173913,0.418478260869565,0.152173913043478,0.092391304,10.1764705882353,0.934782608695652,0.0108695652173913,0.255434782608696,0.027173913,0.0434782608695652,0.430167597765363,0.022346369,0.044692737,0.815642458100559,0.122905027932961,0.918478260869565,3.33333333333333,72.1351351351351,0.206521739130435,0.96195652173913,0.032608696,0.0434782608695652,0.005434783,0.005434783,0.076086957,0.0,0.0,0.0,0.0597826086956521,0.940217391304348,0.0434782608695652,17.5454545454545,0.239130434782609,8.19285714285714,0.423913043478261,0.0434782608695652,0.0163043478260869,0.516304347826087,Metaled,7.16326530612245,0.864130434782609,0.135869565217391,0.103260869565217,0.032608696,0.065217391,0.141304347826087,0.483695652,0.309782608695652,0.0217391304347826,0.16304347826087,0.456521739130435,0.358695652,0.798913043478261,0.891304347826087,0.184782608695652,0.434782608695652,0.032608696,0.086956522,9.73214285714286,0.380434782608696,7.96491228070175,0.141304347826087,8.48101265822785,0.201086956521739,8.14285714285714,0.364130434782609,8.41025641,0.576086956521739,9.1025641025641,0.081521739,11.0355029585799,0.0434782608695652,9.86363636363636,0.054347826,11.2068965517241,0.038043478,12.6949152542373,0.0434782608695652,9.30681818181818,0.070652174,10.3918128654971,0.054347826,10.2241379310345,0.380434782608696,0.304347826086957,0.0217391304347826,0.114130434782609,8.67484662576687,0.375,8.313043478,0.048913043,10.4571428571429,0.293478260869565,7.13846153846154,0.244565217391304,6.71942446043166,0.119565217391304,9.39506172839506,0.152173913043478,7.68589743589744,0.271739130434783,6.94776119402985,0.152173913043478,8.4551282051282,0.266304348,8.27407407407407,0.168478260869565,7.4640522875816995,0.114130434782609,10.3558282208589,0.141304347826087,9.03164556962025,0.081521739
KAMBAR SHAHDAD KOT DISTRICT,SINDH,LARKANA DIVISION,7,1142,275,0.032374101,0.0503597122302158,0.913669064748201,0.003597122,0.29136690647482,0.154676258992806,0.406474820143885,0.147482014388489,10.1707317073171,0.953405018,0.0,0.03584229390681,0.003584229,0.043010752688172,0.136531365313653,0.014760147601476,0.095940959,0.970479704797048,0.003690037,0.615107913669065,5.16822429906542,67.5053380782918,0.061151079,0.920863309,0.035971223,0.039568345323741,0.097122302,0.032374101,0.032374101,0.0,0.014388489208633,0.0,0.035971223,0.964028776978417,0.0251798561151079,15.3357933579336,0.154676258992806,12.5276595744681,0.136690647482014,0.014388489208633,0.0467625899280575,0.802158273,Unmetalled,9.02238805970149,0.974910394,0.025089605734767,0.025089605734767,0.0,0.017921146953405,0.014336917562724,0.139784946236559,0.827956989247312,0.010752688172043,0.007168459,0.043010752688172,0.939068100358423,0.734767025089606,0.845878136200717,0.0609319,0.150537634408602,0.05734767,0.057553957,13.5458015267176,0.794964028776979,12.7017543859649,0.043165468,13.9210526315789,0.053956835,13.5589353612167,0.816546762589928,13.0196078431373,0.548387096774194,10.7698412698413,0.057553957,13.2709923664122,0.028776978,15.1666666666667,0.0503597122302158,14.8030303030303,0.028776978,15.5740740740741,0.032374101,15.1078066914498,0.046594982,13.2706766917293,0.05734767,14.2053231939164,0.09352518,0.003597122,0.068345324,0.082437276,13.46875,0.28673835125448,11.5276381909548,0.032258065,14.0222222222222,0.154121863799283,11.771186440678,0.150537634408602,11.9704641350211,0.046594982,12.8195488721805,0.132616487455197,12.6942148760331,0.17921146953405,12.4628820960699,0.046594982,12.3345864661654,0.082437276,11.88671875,0.114695340501792,12.0404858299595,0.0467625899280575,12.6641509433962,0.0503597122302158,12.4015151515152,0.266187050359712
SHIKARPUR DISTRICT,SINDH,LARKANA DIVISION,4,1085,236,0.030172414,0.133620689655172,0.831896551724138,0.004310345,0.288793103448276,0.400862068965517,0.245689655172414,0.064655172,7.73333333333333,0.620689655172414,0.0,0.0172413793103448,0.0,0.375,0.194805194805195,0.0173160173160173,0.069264069,0.965367965367965,0.0129870129870129,0.974137931034483,2.83333333333333,55.1610169491525,0.021551724137931,0.987068965517241,0.025862069,0.030172414,0.004310345,0.0,0.0,0.0,0.0,0.0,0.107758620689655,0.892241379310345,0.0172413793103448,20.6535087719298,0.146551724137931,7.18686868686869,0.176724137931034,0.021551724137931,0.00862069,0.793103448275862,Metaled,4.74193548387097,0.887931034482759,0.112068965517241,0.038793103,0.073275862,0.021551724137931,0.060344828,0.336206896551724,0.581896551724138,0.012931034,0.0344827586206896,0.15948275862069,0.793103448275862,0.599137931034483,0.84051724137931,0.081896552,0.400862068965517,0.125,0.073275862,12.1023255813953,0.84051724137931,12.8648648648649,0.060344828,13.1238532110092,0.047413793,12.25791855,0.870689655172414,11.7,0.456896551724138,6.05555555555556,0.090517241,9.96208530805687,0.030172414,18.9733333333333,0.021551724137931,19.1497797356828,0.00862069,21.3739130434783,0.0172413793103448,17.5526315789474,0.051724138,13.5409090909091,0.030172414,13.4577777777778,0.211206896551724,0.0,0.038793103,0.137931034482759,8.105,0.271551724137931,5.19526627218935,0.155172413793103,15.9132653061225,0.202586206896552,7.61081081081081,0.172413793103448,7.33854166666667,0.129310344827586,11.2722772277228,0.15948275862069,9.31794871794872,0.172413793103448,8.68229166666667,0.129310344827586,10.7772277227723,0.142241379310345,10.4120603015075,0.112068965517241,9.28155339805825,0.077586207,11.518691588785,0.129310344827586,10.8712871287129,0.327586206896552
MIRPUR KHAS DISTRICT,SINDH,MIRPUR KHAS DIVISION,7,1775,415,0.079326923,0.209134615384615,0.709134615384615,0.002403846,0.53125,0.283653846153846,0.180288461538462,0.004807692,13.5,0.266826923076923,0.009615385,0.0144230769230769,0.004807692,0.730769230769231,0.028915663,0.026506024,0.0,0.985542168674699,0.0120481927710843,0.177884615384615,1.49122807017544,38.1346153846154,0.0192307692307692,0.355769230769231,0.016826923076923,0.0192307692307692,0.108173076923077,0.0,0.639423076923077,0.004807692,0.286057692307692,0.002403846,0.432692307692308,0.567307692307692,0.024038462,30.1453201970443,0.163461538461538,8.48563218390805,0.064903846,0.0264423076923076,0.096153846,0.8125,Metaled,3.91428571428571,0.956730769230769,0.043269231,0.0216346153846153,0.0216346153846153,0.009615385,0.0144230769230769,0.100961538461538,0.875,0.012019231,0.012019231,0.0264423076923076,0.949519230769231,0.444711538461538,0.918269230769231,0.033653846,0.269230769230769,0.0384615384615384,0.0360576923076923,18.4962593516209,0.901442307692308,9.43902439024391,0.033653846,14.4402985074627,0.0384615384615384,18.835,0.855769230769231,10.6333333333333,0.375,7.41538461538462,0.096153846,9.885638298,0.0192307692307692,14.6151960784314,0.0216346153846153,14.8648648648649,0.009615385,31.252427184466,0.0216346153846153,14.7911547911548,0.045673077,13.4508816120907,0.0384615384615384,12.995,0.225961538461538,0.009615385,0.0288461538461538,0.072115385,9.41709844559586,0.072115385,8.388601036,0.115384615384615,13.5108695652174,0.115384615384615,9.135869565,0.088942308,11.5778364116095,0.043269231,14.6331658291457,0.110576923076923,10.4135135135135,0.09375,10.8567639257294,0.0408653846153846,12.952380952381,0.0552884615384615,12.3765903307888,0.043269231,10.8165829145729,0.0552884615384615,10.9796437659033,0.09375,11.3527851458886,0.132211538461538
SANGHAR DISTRICT,SINDH,SHAHEED BENAZIRABAD DIVISION,6,2175,361,0.0558659217877094,0.122905027932961,0.798882681564246,0.022346369,0.340782122905028,0.407821229050279,0.240223463687151,0.011173184,13.25,0.829608938547486,0.005586592,0.122905027932961,0.011173184,0.164804469,0.179775280898876,0.050561798,0.087078652,0.921348314606742,0.039325843,0.695530726256983,7.899082569,40.3816155988858,0.05027933,0.899441340782123,0.058659218,0.0307262569832402,0.039106145,0.002793296,0.301675977653631,0.0251396648044692,0.0279329608938547,0.0,0.324022346368715,0.675977653631285,0.0279329608938547,23.5890804597701,0.256983240223464,9.251879699,0.159217877094972,0.0307262569832402,0.081005587,0.729050279,Metaled,5.89690721649485,0.91340782122905,0.086592179,0.072625698,0.0139664804469273,0.0195530726256983,0.047486034,0.103351955307263,0.829608938547486,0.011173184,0.0279329608938547,0.089385475,0.871508379888268,0.572625698324022,0.921787709497207,0.100558659217877,0.324022346368715,0.0279329608938547,0.125698324022346,12.5431309904153,0.85195530726257,15.0,0.125698324022346,13.594249201278,0.162011173184358,12.4966666666667,0.79608938547486,14.3424657534247,0.396648044692737,9.15277777777778,0.108938547486034,10.0752351097179,0.058659218,19.1691394658754,0.069832402,18.3393393393393,0.0251396648044692,40.4613180515759,0.06424581,13.1582089552239,0.097765363,11.671826625387,0.053072626,14.188790560472,0.667597765363129,0.128491620111732,0.256983240223464,0.136871508379888,10.2686084142395,0.201117318435754,9.24825174825175,0.100558659217877,14.5093167701863,0.175977653631285,9.53898305084746,0.111731843575419,15.6540880503145,0.078212291,16.0151515151515,0.139664804469274,12.6396103896104,0.184357541899441,14.041095890411,0.114525139664804,11.3091482649842,0.20391061452514,10.0631578947368,0.111731843575419,11.4716981132075,0.078212291,13.2030303030303,0.189944134078212,10.6448275862069,0.410614525139665
THARPARKAR DISTRICT,SINDH,MIRPUR KHAS DIVISION,7,1383,170,0.01744186,0.0406976744186046,0.854651162790698,0.087209302,0.0290697674418604,0.168604651162791,0.441860465116279,0.36046511627907,33.2096774193548,0.569767441860465,0.0,0.01744186,0.0406976744186046,0.401162790697674,0.0465116279069767,0.005813953,0.0,0.953488372093023,0.0116279069767441,0.337209302325581,17.359649122807,178.25,0.0290697674418604,0.168604651162791,0.0232558139534883,0.715116279069768,0.0232558139534883,0.808139534883721,0.0,0.005813953,0.174418604651163,0.0,0.779069767441861,0.22093023255814,0.0232558139534883,56.9880952380952,0.156976744186047,32.0758620689655,0.116279069767442,0.098837209,0.075581395,0.709302325581395,Metaled,18.9452054794521,0.941860465116279,0.058139535,0.0406976744186046,0.01744186,0.0,0.01744186,0.058139535,0.924418604651163,0.0,0.0116279069767441,0.0406976744186046,0.947674418604651,0.906976744186046,0.290697674418605,0.0465116279069767,0.180232558139535,0.0465116279069767,0.13953488372093,38.3513513513514,0.668604651162791,33.1228070175439,0.133720930232558,37.7651006711409,0.11046511627907,39.3986928104575,0.575581395348837,33.8630136986301,0.622093023,37.8153846153846,0.127906976744186,37.46,0.0406976744186046,57.2,0.052325581,46.90797546,0.034883721,54.4457831325301,0.01744186,42.1183431952663,0.0406976744186046,40.2545454545455,0.0290697674418604,39.5389221556886,0.01744186,0.005813953,0.180232558139535,0.063953488,33.888198757764,0.209302325581395,25.8235294117647,0.203488372093023,39.5182481751825,0.343023255813954,25.5575221238938,0.302325581395349,22.525,0.168604651162791,26.7202797202797,0.691860465116279,22.8301886792453,0.313953488,25.3728813559322,0.232558139534884,26.5757575757576,0.627906977,28.390625,0.191860465116279,24.5467625899281,0.523255813953488,33.9512195121951,0.313953488,32.3983050847458,0.401162790697674
UMER KOT DISTRICT,SINDH,MIRPUR KHAS DIVISION,4,1683,235,0.008510638,0.323404255319149,0.642553191489362,0.025531915,0.114893617021277,0.578723404255319,0.276595744680851,0.0297872340425531,8.42857142857143,0.68936170212766,0.0,0.025531915,0.025531915,0.293617021276596,0.012765957,0.017021277,0.008510638,0.982978723404255,0.0,0.425531915,5.54814814814815,59.5872340425532,0.0297872340425531,0.263829787234043,0.017021277,0.021276596,0.025531915,0.102127659574468,0.65531914893617,0.038297872,0.102127659574468,0.004255319,0.676595745,0.323404255319149,0.017021277,17.7532467532468,0.165957446808511,10.0918367346939,0.025531915,0.05106383,0.0,0.923404255319149,Metaled,7.25925925925926,0.957446808510638,0.042553191,0.012765957,0.0297872340425531,0.008510638,0.012765957,0.042553191,0.936170212765958,0.021276596,0.004255319,0.05106383,0.923404255319149,0.6,0.91063829787234,0.05106383,0.493617021276596,0.0,0.119148936170213,12.7391304347826,0.880851063829787,10.3928571428571,0.131914893617021,13.3774509803922,0.076595745,13.3732718894009,0.85531914893617,11.1176470588235,0.493617021276596,10.781512605042,0.119148936170213,10.9855072463768,0.038297872,13.929203539823,0.038297872,13.1283185840708,0.034042553,18.84140969163,0.063829787,13.0136363636364,0.076595745,12.3870967741935,0.021276596,17.5434782608696,0.2,0.021276596,0.25106383,0.063829787,12.2590909090909,0.140425531914894,9.5990099009901,0.046808511,14.5044642857143,0.208510638297872,10.8172043010753,0.174468085106383,11.1082474226804,0.09787234,15.4150943396226,0.221276595744681,11.8032786885246,0.148936170212766,12.025,0.106382978723404,11.9047619047619,0.161702127659574,11.1015228426396,0.157446808510638,11.7373737373737,0.114893617021277,12.6923076923077,0.106382978723404,12.5333333333333,0.591489361702128
GHOTKI DISTRICT,SINDH,SUKKUR DIVISION,5,1087,284,0.06271777,0.048780488,0.881533101045296,0.006968641,0.167247386759582,0.407665505226481,0.400696864111498,0.024390243902439,18.2857142857143,0.878048780487805,0.003484321,0.128919860627178,0.0104529616724738,0.101045296167247,0.147368421052632,0.0105263157894736,0.0561403508771929,0.982456140350877,0.0105263157894736,0.895470383275261,7.83333333333333,57.19860627,0.024390243902439,0.986062717770035,0.0139372822299651,0.031358885,0.0209059233449477,0.006968641,0.0104529616724738,0.0,0.0,0.0,0.087108014,0.912891986062718,0.034843206,16.086642599278,0.376306620209059,10.6759776536313,0.264808362369338,0.024390243902439,0.13588850174216,0.574912891986063,Metaled,10.9677419354839,0.912891986062718,0.087108014,0.0592334494773519,0.0278745644599303,0.0209059233449477,0.090592334,0.181184668989547,0.707317073170732,0.003484321,0.0209059233449477,0.083623693,0.891986063,0.850174216027875,0.867595819,0.094076655,0.425087108013937,0.0104529616724738,0.0418118466898954,11.9309090909091,0.843205574912892,13.4222222222222,0.10801393728223,13.2578125,0.076655052,13.0490566037736,0.797909407665505,15.3793103448276,0.355400696864112,10.2378378378378,0.125435540069686,10.8446215139442,0.066202091,14.6902985074627,0.0418118466898954,14.7236363636364,0.031358885,13.5251798561151,0.0592334494773519,14.4481481481481,0.111498257839721,11.0,0.031358885,13.9568345323741,0.205574912891986,0.0104529616724738,0.097560976,0.06271777,11.4498141263941,0.160278745644599,9.72199170124481,0.024390243902439,13.7571428571429,0.181184668989547,10.2468085106383,0.111498257839721,10.4588235294118,0.052264808,11.3676470588235,0.142857142857143,10.760162601626,0.149825783972125,10.4549180327869,0.080139373,11.0833333333333,0.219512195121951,11.1026785714286,0.128919860627178,10.316,0.073170732,11.5864661654135,0.257839721254355,11.131455399061,0.233449477351916
KHAIRPUR DISTRICT,SINDH,SUKKUR DIVISION,8,2152,412,0.082524272,0.097087379,0.817961165048544,0.002427184,0.33495145631068,0.286407766990291,0.300970873786408,0.077669903,11.15625,0.632603406326034,0.02676399,0.104622871046229,0.0145985401459854,0.333333333333333,0.306372549019608,0.026960784,0.105392156862745,0.892156862745098,0.0612745098039215,0.868932038834951,3.48148148148148,54.1961259079903,0.0509708737864077,0.932038834951457,0.036407767,0.029126214,0.077669903,0.046116505,0.029126214,0.007281553,0.002427184,0.002427184,0.20873786407767,0.79126213592233,0.087591241,17.6,0.321167883211679,10.1290322580645,0.308252427,0.060679612,0.031553398,0.599514563106796,Metaled,7.89285714285714,0.859223300970874,0.140776699029126,0.094660194,0.046116505,0.101941747572816,0.067961165,0.240291262135922,0.589805825242718,0.0242718446601941,0.0242718446601941,0.131067961165049,0.820388349514563,0.467153284671533,0.768856447688564,0.119221411192214,0.389294403892944,0.1338199513382,0.214111922141119,13.5325077399381,0.766423357664234,13.53125,0.182481751824818,14.3214285714286,0.199513381995134,13.7051671732523,0.732360097,12.8,0.340632603,10.6605166051661,0.131386861313869,12.5238095238095,0.090024331,17.4919786096257,0.131386861313869,15.7282913165266,0.055961071,26.9742268041237,0.090024331,15.4946524064171,0.131386861313869,13.9719887955182,0.070559611,15.1439790575916,0.0486618,0.00243309,0.053527981,0.177615571776156,13.63017751,0.262773722627737,11.2838283828383,0.087591241,14.9653333333333,0.338199513381995,11.5330882352941,0.294403892944039,13.0103448275862,0.128953771289538,13.0139664804469,0.271844660194175,11.5666666666667,0.282238442822384,13.0101694915254,0.155717761557178,12.7896253602305,0.231143552311436,11.7056962025316,0.267639902676399,12.5514950166113,0.204379562043796,11.6819571865443,0.338199513381995,12.1654411764706,0.29126213592233
SHAHEED BENAZIRABAD DISTRICT,SINDH,SHAHEED BENAZIRABAD DIVISION,4,1310,328,0.0182926829268292,0.070121951,0.905487804878049,0.006097561,0.380368098159509,0.432515337423313,0.171779141104294,0.0153374233128834,8.4,0.835365853658537,0.015243902,0.286585365853659,0.006097561,0.164634146341463,0.293577981651376,0.076452599,0.079510703,0.969418960244648,0.0275229357798165,0.847560975609756,2.36,52.50304878,0.0213414634146341,0.954268292682927,0.033536585,0.033536585,0.097560976,0.00304878,0.0182926829268292,0.0,0.0,0.0,0.152439024390244,0.847560975609756,0.048780488,12.8621794871795,0.298780487804878,8.16521739130435,0.271341463414634,0.0182926829268292,0.0213414634146341,0.689024390243902,Metaled,5.5952380952381,0.914634146341463,0.085365854,0.0396341463414634,0.045731707,0.015243902,0.024390243902439,0.149390243902439,0.810975609756098,0.009146341,0.0213414634146341,0.076219512,0.893292682926829,0.63109756097561,0.905487804878049,0.0518292682926829,0.365853658536585,0.024390243902439,0.082317073,11.0199335548173,0.875,9.85365853658537,0.079268293,11.5066225165563,0.088414634,11.1471571906355,0.844512195121951,9.43137254901961,0.533536585365854,8.58169934640523,0.097560976,9.82094594594595,0.06402439,11.2410423452769,0.070121951,12.0065573770492,0.015243902,53.390092879257,0.0579268292682926,11.5436893203884,0.091463415,11.0973154362416,0.067073171,11.8071895424837,0.579268292682927,0.167682926829268,0.167682926829268,0.091463415,9.7751677852349,0.164634146341463,8.93795620437956,0.0579268292682926,12.3495145631068,0.179878048780488,8.36431226765799,0.185975609756098,9.1498127340824,0.0518292682926829,11.9967845659164,0.213414634146341,8.92635658914729,0.115853658536585,9.8448275862069,0.070121951,11.0491803278689,0.176829268292683,9.97777777777778,0.100609756097561,9.98305084745763,0.082317073,10.3189368770764,0.103658536585366,10.0442176870748,0.301829268292683
SUKKUR DISTRICT,SINDH,SUKKUR DIVISION,5,1159,272,0.067729084,0.219123505976096,0.617529880478088,0.09561753,0.264957264957265,0.252136752136752,0.371794871794872,0.111111111111111,14.5384615384615,0.587301587301587,0.003968254,0.063492063,0.003968254,0.396825396825397,0.188755020080321,0.004016064,0.004016064,0.899598393574297,0.008032129,0.906882591093117,10.6521739130435,73.0,0.052631579,0.8582995951417,0.0323886639676113,0.0445344129554655,0.105263157894737,0.068825911,0.076923077,0.0,0.004048583,0.036437247,0.448,0.552,0.081632653,26.3777777777778,0.159183673469388,16.5388349514563,0.200803212851406,0.0200803212851405,0.008032129,0.771084337349398,Unmetalled,12.7153846153846,0.78,0.22,0.112,0.108,0.0434782608695652,0.055335968,0.177865612648221,0.723320158102767,0.027667984,0.0395256916996047,0.106719367588933,0.826086956521739,0.456,0.704,0.06,0.164,0.216,0.09787234,17.9764150943396,0.699588477366255,18.3013698630137,0.122362869198312,19.0432692307692,0.122881355932203,18.4444444444444,0.707818930041152,18.7183098591549,0.257142857142857,16.9505494505495,0.089795918,15.8565022421525,0.055084746,23.6905829596413,0.053278689,26.4415584415584,0.0244897959183673,33.2133891213389,0.048979592,25.3948497854077,0.065306122,17.6855895196507,0.0450819672131147,20.6223175965665,0.095435685,0.0165975103734439,0.381742738589212,0.110655737704918,17.5483870967742,0.221311475409836,15.2842105263158,0.070539419,20.0803571428571,0.211864407,14.1505376344086,0.130801687763713,14.3592233009709,0.092827004,17.1720930232558,0.122881355932203,14.9130434782609,0.232067510548523,15.521978021978,0.094017094,16.372641509434,0.173728813559322,15.5641025641026,0.147679324894515,14.5445544554455,0.133333333333333,17.5144230769231,0.197478991596639,14.7905759162304,0.173228346456693
AWARAN DISTRICT,BALOCHISTAN,KALAT DIVISION,5,549,241,0.00921659,0.880184332,0.105990783410138,0.004608295,0.046082949,0.00921659,0.0276497695852534,0.91705069124424,67.8040201005025,0.073732719,0.0,0.073732719,0.0,0.852534562211982,0.0,0.0,0.0,1.0,0.0,0.958715596330275,41.0,97.71365639,0.0552995391705069,0.317972350230415,0.0,0.0,0.032258065,0.84331797235023,0.0,0.216589861751152,0.032258065,0.0138248847926267,0.990783410138249,0.00921659,0.0,249.861751152074,0.032258065,41.5,0.0,0.0,0.0,1.0,Unmetalled,52.4926829268293,0.990783410138249,0.00921659,0.004608295,0.004608295,0.0,0.0,0.00921659,0.990783410138249,0.0,0.0,0.0138248847926267,0.986175115207373,0.709677419354839,0.0184331797235023,0.0,0.0276497695852534,0.290322580645161,0.023041475,62.1179245283019,0.815668203,52.775,0.00921659,87.2,0.0276497695852534,86.8104265402844,0.184331797235023,87.4180791,0.0599078341013824,37.0343137254902,0.0184331797235023,42.2394366197183,0.00921659,182.344186046512,0.004608295,333.62962962963,0.0,295.193548387097,0.0,233.322580645161,0.0184331797235023,48.5539906103286,0.0,111.460829493088,0.0,0.0,0.0,0.0414746543778801,55.8653846153846,0.101382488479263,32.9384615384615,0.0138248847926267,80.7757009345794,0.069124424,39.7128712871287,0.0599078341013824,42.2549019607843,0.032258065,90.0761904761905,0.105990783410138,29.7886597938144,0.050691244,54.4708737864078,0.00921659,80.4418604651163,0.0599078341013824,52.0882352941176,0.0138248847926267,54.8271028037383,0.023041475,49.6981132075472,0.004608295,50.6203703703704,0.0184331797235023
KALAT DISTRICT,BALOCHISTAN,KALAT DIVISION,4,1607,361,0.0,0.94,0.0457142857142857,0.0142857142857142,0.188571428571429,0.1,0.108571428571429,0.602857142857143,40.4976303317536,0.428571428571429,0.0,0.005714286,0.102857142857143,0.508571428571429,0.0434782608695652,0.002898551,0.005797101,0.994202898550725,0.0115942028985507,0.934285714285714,17.0869565217391,595.795454545455,0.062857143,0.102857142857143,0.0,0.0,0.102857142857143,0.457142857142857,0.0,0.265714285714286,0.594285714285714,0.062857143,0.828571428571429,0.171428571428571,0.02,120.638483965015,0.0257142857142857,64.3372434017595,0.0,0.005714286,0.0,0.994285714285714,Unmetalled,46.2528735632184,0.991428571428571,0.008571429,0.002857143,0.005714286,0.002857143,0.0,0.005714286,0.991428571428571,0.002857143,0.0,0.0,0.997142857142857,0.5,0.157142857142857,0.008571429,0.051428571,0.468571428571429,0.031428571,61.37168142,0.565714285714286,62.3552631578947,0.02,67.1049562682216,0.0171428571428571,75.0581395348837,0.065714286,88.5871559633028,0.305714285714286,49.2633744855967,0.02,63.4344023323615,0.0114285714285714,71.0578034682081,0.002857143,83.2893982808023,0.0,130.631428571429,0.0,116.628571428571,0.008571429,66.8616714697406,0.008571429,67.5360230547551,0.002857143,0.0,0.0,0.0114285714285714,53.514450867052,0.06,41.5440729483283,0.16,58.0204081632653,0.051428571,32.0271084337349,0.04,37.9642857142857,0.0228571428571428,70.6988304093567,0.057142857,50.0757575757576,0.051428571,43.0120481927711,0.0228571428571428,59.5438596491228,0.0257142857142857,55.2639296187683,0.008571429,54.9625360230548,0.0171428571428571,50.7267441860465,0.0171428571428571,58.6424418604651,0.0257142857142857
SHAHEED SIKANDAR ABAD DISTRICT,BALOCHISTAN,KALAT DIVISION,2,1322,261,0.0113207547169811,0.879245283,0.079245283,0.030188679,0.381132075471698,0.143396226415094,0.226415094339623,0.249056603773585,13.2121212121212,0.652830188679245,0.0,0.003773585,0.0113207547169811,0.332075471698113,0.003802281,0.007604563,0.003802281,0.984790874524715,0.0228136882129277,0.992452830188679,4.0,214.184905660377,0.0452830188679245,0.528301886792453,0.0113207547169811,0.0,0.01509434,0.807547169811321,0.0,0.147169811320755,0.01509434,0.037735849,0.641509433962264,0.358490566037736,0.0528301886792452,46.3266932270916,0.192452830188679,31.3364485981308,0.116981132075472,0.0,0.003773585,0.879245283,Unmetalled,10.7328767123288,0.867924528301887,0.132075471698113,0.030188679,0.10188679245283,0.0,0.01509434,0.0188679245283018,0.966037735849057,0.0,0.003773585,0.00754717,0.988679245283019,0.750943396226415,0.079245283,0.0339622641509433,0.090566038,0.188679245283019,0.049056604,27.5595238095238,0.750943396226415,31.8484848484848,0.0339622641509433,27.98828125,0.041509434,29.4763779527559,0.369811320754717,38.6167664670659,0.626415094339623,26.2121212121212,0.030188679,27.9805447470817,0.030188679,28.9221789883269,0.041509434,33.0275590551181,0.0264150943396226,55.6434108527132,0.0226415094339622,39.0772200772201,0.0339622641509433,29.20703125,0.0226415094339622,33.6756756756757,0.0,0.0,0.0,0.041509434,29.8346456692913,0.245283018867925,20.405,0.305660377358491,24.7717391304348,0.086792453,19.904958677686,0.075471698,21.6326530612245,0.060377358,30.1244979919679,0.109433962264151,19.8177966101695,0.132075471698113,21.0739130434783,0.060377358,25.429718875502,0.226415094339623,19.7707317073171,0.071698113,21.9146341463415,0.113207547169811,20.3191489361702,0.060377358,25.6345381526104,0.056603774
KHARAN DISTRICT,BALOCHISTAN,RAKHSHAN DIVISION,4,333,180,0.028248588,0.909604519774011,0.050847458,0.0112994350282485,0.502824858757062,0.056497175,0.033898305,0.406779661016949,29.1388888888889,0.966101694915254,0.0,0.005649718,0.0,0.033898305,0.0113636363636363,0.005681818,0.096590909,1.0,0.0227272727272727,0.988700564971751,1.5,151.033898305085,0.214689265536723,0.480225989,0.0,0.0,0.0112994350282485,0.689265536723164,0.005649718,0.15819209039548,0.0,0.005649718,0.937853107344633,0.0621468926553672,0.0225988700564971,35.6705202312139,0.632768362,32.5538461538462,0.0112994350282485,0.005649718,0.0225988700564971,0.960451977,Unmetalled,15.2244897959184,1.0,0.0,0.0,0.0,0.0,0.0,0.0,1.0,0.0,0.0,0.0,1.0,0.615819209,0.259887005649718,0.0,0.0112994350282485,0.322033898305085,0.0,34.4858757062147,0.915254237288136,44.6,0.0,34.4858757062147,0.0,34.180790960452,0.915254237288136,44.0666666666667,0.807909605,34.1470588235294,0.0225988700564971,33.8612716763006,0.327683616,39.1596638655462,0.0,34.5141242937853,0.005649718,36.6590909090909,0.0,35.8587570621469,0.0,34.5536723163842,0.0,34.2542372881356,0.0,0.0,0.0,0.005649718,30.7784090909091,0.005649718,23.7613636363636,0.005649718,34.3465909090909,0.169491525423729,22.4829931972789,0.09039548,27.9689440993789,0.06779661,27.7090909090909,0.073446328,26.0975609756098,0.079096045,34.3742331288344,0.0225988700564971,28.4277456647399,0.0621468926553672,26.1265060240964,0.084745763,29.5679012345679,0.0621468926553672,29.88554217,0.056497175,29.9580838323353,0.005649718
KHUZDAR DISTRICT,BALOCHISTAN,KALAT DIVISION,9,5653,1250,0.000779423,0.879968823070928,0.0436477007014809,0.075604053,0.071038251,0.100702576112412,0.117876658860265,0.710382513661202,82.4285714285714,0.413416536661466,0.007020281,0.0304212168486739,0.02574103,0.545241809672387,0.006259781,0.020344288,0.0320813771517996,0.991392801251956,0.0195618153364632,0.961808261886204,9.97959183673469,319.0202335,0.038971161,0.240841777084957,0.001558846,0.0,0.0124707716289945,0.654715510522214,0.032735776,0.14809041309431,0.122369446609509,0.089633671,0.769290725,0.230709275136399,0.0218238503507404,200.579282868526,0.034294622,71.6448748991122,0.01950078,0.010140406,0.004680187,0.965678627145086,Unmetalled,43.2138188608777,0.989867498051442,0.010132501948558,0.006235386,0.003897116,0.000779423,0.001558846,0.022603274,0.975058456742011,0.0,0.00233827,0.004676539,0.99298519095869,0.590023382696804,0.106001558846454,0.0179267342166796,0.077162899,0.367108339828527,0.0257209664848012,82.2256,0.709275136399065,62.1635388739946,0.040530008,84.2331437855402,0.035074045,90.6195476575121,0.660171473109899,59.2614678899083,0.384255650818394,53.5594936708861,0.0179267342166796,61.3325396825397,0.0132501948558067,95.998420221169,0.0109119251753702,93.461780929866,0.003897116,273.4334898,0.001558846,105.503512880562,0.003897116,96.2519561815336,0.007794232,79.917517674784,0.0,0.0,0.0,0.0124707716289945,71.3512233622731,0.0428682774746687,52.799674267101,0.088854248,84.7074422583405,0.0600155884645362,45.0936981757877,0.038971161,75.4890510948905,0.0241621200311769,94.676517571885,0.0607950116913484,64.6199170124481,0.029618082618862,83.2530120481928,0.0187061574434918,88.6084193804607,0.0272798129384255,77.3092948717949,0.0280592361652377,82.2421812349639,0.0272798129384255,68.3661859,0.024941543,84.4108713029576,0.0351014040561622
LASBELA DISTRICT,BALOCHISTAN,KALAT DIVISION,9,1423,299,0.04040404,0.575757575757576,0.367003367,0.0168350168350168,0.094276094,0.124579124579125,0.198653198653199,0.582491582491583,35.2658959537572,0.646464646464647,0.0,0.006734007,0.0134680134680134,0.343434343434343,0.023569024,0.0101010101010101,0.043771044,0.96969696969697,0.023569024,0.750841750841751,8.06756756756757,254.82119205298,0.239057239057239,0.343434343434343,0.0101010101010101,0.003367003,0.063973064,0.343434343434343,0.043771044,0.0269360269360269,0.090909091,0.114478114478114,0.740740740740741,0.259259259259259,0.043771044,91.8732394366197,0.077441077,51.5328467153285,0.047138047,0.0134680134680134,0.006734007,0.932659932659933,Unmetalled,11.7142857142857,0.956228956228956,0.043771044,0.0303030303030303,0.0134680134680134,0.0269360269360269,0.0101010101010101,0.0303030303030303,0.932659932659933,0.006734007,0.0101010101010101,0.0269360269360269,0.956228956228956,0.727272727272727,0.252525252525253,0.047138047,0.117845117845118,0.232323232323232,0.063973064,36.4820143884892,0.804713804713805,29.0689655172414,0.074074074,33.5418181818182,0.074074074,33.5890909090909,0.69023569023569,24.3369565217391,0.373737373737374,28.8225806451613,0.04040404,33.7649122807018,0.033670034,49.3170731707317,0.033670034,75.8641114982578,0.0168350168350168,121.208904109589,0.0269360269360269,85.4567474,0.04040404,59.5333333333333,0.053872054,59.1138790035587,0.006734007,0.003367003,0.0,0.033670034,33.3240418118467,0.151515151515152,21.0238095238095,0.04040404,30.8771929824561,0.127946127946128,23.3050193050193,0.107744107744108,20.7132075471698,0.047138047,44.3003533568905,0.131313131313131,21.5193798449612,0.154882154882155,32.9880478087649,0.067340067,26.9747292418773,0.087542088,25.859778597786,0.057239057,38.5714285714286,0.0505050505050505,26.1028368794326,0.04040404,37.589473684210496,0.131313131313131
MASTUNG DISTRICT,BALOCHISTAN,KALAT DIVISION,4,523,285,0.0,0.686274509803922,0.305882352941177,0.007843137,0.533333333333333,0.325925925925926,0.048148148,0.092592593,18.6,0.3125,0.0,0.125,0.007352941,0.558823529411765,0.203921568627451,0.0235294117647058,0.0274509803921568,0.866666666666667,0.12156862745098,0.955719557,3.8333333333333295,489.772727272727,0.138461538461538,0.261538461538462,0.0115384615384615,0.003846154,0.003846154,0.469230769230769,0.0,0.0153846153846153,0.3,0.126923076923077,0.15625,0.84375,0.04494382,47.1960784313726,0.232209737827715,21.1463414634146,0.235521235521236,0.0193050193050193,0.003861004,0.741312741312741,Metaled,5.94666666666667,0.95,0.05,0.003846154,0.0461538461538461,0.0114942528735632,0.007662835,0.0651341,0.915708812260536,0.003831418,0.003831418,0.0229885057471264,0.969348659003831,0.677902621722846,0.453183520599251,0.029962547,0.06741573,0.265917602996255,0.067669173,20.9516129032258,0.657894736842105,22.5164835164835,0.067924528,32.5951417004049,0.101503759398496,33.4476987447699,0.578947368421053,18.6875,0.665413533834587,8.056179775,0.059925094,18.4342629482072,0.0112781954887218,42.5285171102662,0.007518797,40.9621212121212,0.0337078651685393,56.69379845,0.0262172284644194,53.5884615384615,0.153558052434457,24.6283185840708,0.007518797,37.3371212121212,0.0,0.003984064,0.003984064,0.030075188,15.8527131782946,0.184210526315789,12.4608294930876,0.323308270676692,35.3,0.089494163,21.957264957265,0.073929961,19.7605042016807,0.0428015564202334,39.43495935,0.050583658,21.3524590163934,0.0583657587548638,23.9917355371901,0.0194552529182879,34.1547619047619,0.1284046692607,26.9508928571429,0.0272373540856031,34.196,0.06640625,25.8786610878661,0.0390625,34.5934959349594,0.0344827586206896
WASHUK DISTRICT,BALOCHISTAN,RAKHSHAN DIVISION,5,331,232,0.0,0.968085106382979,0.0319148936170212,0.0,0.127659574468085,0.021276596,0.042553191,0.808510638297872,61.1644736842105,0.813829787234043,0.0,0.005319149,0.042553191,0.143617021276596,0.005319149,0.0106382978723404,0.026595744680851,0.98936170212766,0.0,0.968085106382979,13.8333333333333,207.168103448276,0.856382978723404,0.111702127659574,0.005319149,0.0,0.063829787,0.973404255,0.0,0.037234043,0.074468085,0.0,0.98936170212766,0.0106382978723404,0.021276596,107.836956521739,0.164893617021277,49.796178343949,0.005319149,0.0,0.0,0.99468085106383,Unmetalled,62.1290322580645,0.99468085106383,0.005319149,0.0,0.005319149,0.0,0.0,0.0,1.0,0.0,0.0,0.0,1.0,0.24468085106383,0.101063829787234,0.0,0.0106382978723404,0.659574468085106,0.026595744680851,63.1366120218579,0.930851063829787,85.0,0.026595744680851,64.8306010928962,0.0159574468085106,63.0756756756757,0.920212765957447,81.3333333333333,0.074468085,55.2126436781609,0.026595744680851,56.6885245901639,0.074468085,63.3390804597701,0.0319148936170212,59.5824175824176,0.0106382978723404,84.994623655914,0.005319149,86.2780748663102,0.074468085,55.5574712643678,0.0159574468085106,107.259459459459,0.0,0.0,0.0,0.037234043,51.7182320441989,0.079787234,41.0809248554913,0.340425531914894,47.2903225806452,0.223404255319149,37.8698630136986,0.074468085,41.6264367816092,0.026595744680851,51.3661202185792,0.063829787,52.3068181818182,0.058510638,46.7062146892655,0.026595744680851,56.879781420765,0.0319148936170212,57.0879120879121,0.037234043,54.7624309392265,0.053191489,43.4606741573034,0.037234043,46.8508287292818,0.026595744680851
GWADAR DISTRICT,BALOCHISTAN,MEKRAN DIVISION,5,470,145,0.082758621,0.393103448275862,0.468965517241379,0.055172414,0.083333333,0.111111111111111,0.166666666666667,0.638888888888889,51.6630434782609,0.534722222222222,0.069444444,0.0208333333333333,0.048611111,0.347222222222222,0.0208333333333333,0.083333333,0.006944444,0.951388888888889,0.0138888888888888,0.089655172,50.219696969697,737.270833333333,0.368055555555556,0.138888888888889,0.0,0.0,0.006944444,0.347222222222222,0.069444444,0.055555556,0.409722222222222,0.118055555555556,0.722222222222222,0.277777777777778,0.0625,76.3777777777778,0.076388889,63.1278195488722,0.055172414,0.0137931034482758,0.0275862068965517,0.903448276,Unmetalled,39.8804347826087,0.972413793103448,0.0275862068965517,0.0275862068965517,0.0,0.006896552,0.0,0.0275862068965517,0.96551724137931,0.0137931034482758,0.0,0.0206896551724137,0.96551724137931,0.375,0.090277778,0.0347222222222222,0.076388889,0.513888888888889,0.069444444,63.9626865671642,0.465277777777778,73.1038961,0.076388889,68.5639097744361,0.104166666666667,74.8217054263566,0.423611111111111,71.6024096385542,0.0625,60.4814814814815,0.0416666666666666,61.89130434782609,0.006944444,77.1608391608392,0.0347222222222222,64.9064748201439,0.0138888888888888,122.345070422535,0.0,109.479166666667,0.0138888888888888,71.42253521,0.0277777777777777,67.4642857142857,0.0138888888888888,0.0,0.006944444,0.0416666666666666,65.9565217391304,0.069444444,57.8059701492537,0.069444444,64.5671641791045,0.110344827586207,46.9302325581395,0.082758621,49.6766917293233,0.048275862,62.0217391304348,0.131034482758621,52.9920634920635,0.097222222,58.4,0.048275862,50.3623188405797,0.082758621,50.9548872180451,0.0275862068965517,58.2836879432624,0.055172414,62.036496350365,0.062068966,63.9632352941176,0.055172414
KECH DISTRICT,BALOCHISTAN,MEKRAN DIVISION,6,937,284,0.046931408,0.671480144404332,0.267148014440433,0.014440433,0.184115523465704,0.090252708,0.24187725631769,0.483754512635379,42.3283582089552,0.252707581227437,0.007220217,0.0613718411552346,0.0108303249097472,0.72202166064982,0.0180505415162454,0.03971119133574,0.046931408,0.985559566787004,0.0108303249097472,0.877256317689531,10.0588235294118,162.179856115108,0.245487364620939,0.151624548736462,0.0,0.003610108,0.003610108,0.545126353790614,0.097472924,0.259927798,0.0180505415162454,0.0108303249097472,0.740072202,0.259927798,0.097472924,69.808,0.097472924,63.624,0.0361010830324909,0.003610108,0.0,0.96028880866426,Unmetalled,52.890756302521,0.92057761732852,0.079422383,0.054151625,0.025270758,0.0108303249097472,0.0180505415162454,0.068592058,0.902527075812274,0.007220217,0.0108303249097472,0.072202166,0.909747292418773,0.646209386281588,0.108303249097473,0.151624548736462,0.007220217,0.234657039711191,0.108303249097473,70.5991902834008,0.584837545126354,64.7652173913044,0.075812274,71.48828125,0.072202166,69.6770428015564,0.285198555956679,78.469696969697,0.202166064981949,53.74208145,0.104693140794224,50.1129032258065,0.050541516,72.828897338403,0.03971119133574,70.5300751879699,0.050541516,73.5513307984791,0.0613718411552346,75.4807692307692,0.0433213,67.9471698113208,0.0180505415162454,79.8088235294118,0.014440433,0.0,0.0,0.057761733,63.6130268199234,0.064981949,45.027027027027,0.0433213,81.3396226415094,0.249097472924188,41.3413461538462,0.15884476534296,50.2446351931331,0.064981949,68.003861,0.111913357400722,59.31300813,0.234657039711191,43.8820754716981,0.0216606498194945,66.5055350553506,0.111913357400722,73.3008130081301,0.068592058,73.7248062,0.025270758,76.2259259259259,0.0216606498194945,76.549815498155,0.046931408
PANJGUR DISTRICT,BALOCHISTAN,MEKRAN DIVISION,4,1407,202,0.034313725,0.808823529411765,0.151960784313725,0.004901961,0.166666666666667,0.181372549019608,0.269607843137255,0.382352941176471,87.3974359,0.666666666666667,0.009803922,0.465686274509804,0.009803922,0.181372549019608,0.0,0.093137255,0.151960784313725,1.0,0.004901961,0.970588235294118,31.6666666666667,138.088235294118,0.0294117647058823,0.42156862745098,0.0,0.0,0.06372549,0.892156862745098,0.0490196078431372,0.200980392156863,0.0,0.004901961,0.745098039215686,0.254901960784314,0.0245098039215686,71.5175879396985,0.004901961,42.37438424,0.0588235294117647,0.039215686,0.0,0.901960784313726,Unmetalled,30.2777777777778,0.980392156862745,0.019607843,0.004901961,0.0147058823529411,0.0,0.0,0.039215686,0.96078431372549,0.0,0.0,0.0,1.0,0.632352941176471,0.470588235294118,0.151960784313725,0.137254901960784,0.230392156862745,0.0245098039215686,50.9346733668342,0.588235294117647,47.1666666666667,0.181372549019608,49.4790419161677,0.147058823529412,66.31034483,0.254901960784314,80.5328947368421,0.053921569,45.0880829,0.107843137254902,46.6593406593407,0.053921569,43.7512953367876,0.068627451,42.8789473684211,0.004901961,42.84236453,0.044117647,44.33333333333329,0.004901961,42.7389162561576,0.053921569,43.1554404145078,0.0245098039215686,0.0,0.0,0.068627451,42.2368421052632,0.220588235294118,32.685534591195,0.0490196078431372,42.6030927835052,0.200980392156863,30.2638036809816,0.0294117647058823,39.621212121212096,0.019607843,76.82,0.28921568627451,43.6413793103448,0.044117647,39.1230769230769,0.122549019607843,43.8715083798883,0.166666666666667,46.2411764705882,0.166666666666667,79.1,0.0,39.3529411764706,0.004901961,39.5320197044335,0.0
JAFFARABAD DISTRICT,BALOCHISTAN,NASIRABAD DIVISION,3,769,170,0.032608696,0.28804347826087,0.668478260869565,0.0108695652173913,0.076086957,0.532608696,0.358695652,0.032608696,7.33333333333333,0.798913043478261,0.038043478,0.0,0.0,0.16304347826087,0.05952381,0.0238095238095238,0.035714286,0.976190476190476,0.029761905,0.157608695652174,4.81935483870968,176.472826086957,0.0434782608695652,0.114130434782609,0.0217391304347826,0.0,0.0108695652173913,0.0,0.625,0.0108695652173913,0.875,0.038043478,0.646739130434783,0.353260869565217,0.027173913,26.122905027933,0.260869565217391,9.83088235294118,0.027173913,0.0108695652173913,0.0,0.96195652173913,Unmetalled,6.71028037383178,0.972826086956522,0.027173913,0.0217391304347826,0.005434783,0.0,0.0108695652173913,0.0597826086956521,0.929347826086956,0.0,0.0108695652173913,0.038043478,0.951086956521739,0.402173913043478,0.739130434782609,0.032608696,0.0597826086956521,0.206521739130435,0.076086957,22.8588235294118,0.875,18.5217391304348,0.0434782608695652,23.7272727272727,0.0163043478260869,23.3591160220995,0.706521739130435,21.3333333333333,0.364130434782609,9.13675213675214,0.070652174,17.1929824561404,0.048913043,25.3657142857143,0.0217391304347826,25.8,0.0163043478260869,72.9834254143647,0.032608696,22.7696629213483,0.048913043,19.8628571428571,0.0217391304347826,26.7833333333333,0.086956522,0.0,0.16304347826087,0.038043478,15.2881355932203,0.315217391304348,8.03174603174603,0.0163043478260869,26.1988950276243,0.103260869565217,13.7393939393939,0.081521739,15.4378698224852,0.0434782608695652,22.7159090909091,0.092391304,16.4131736526946,0.086956522,16.4345238095238,0.027173913,23.5307262569832,0.16304347826087,20.2662337662338,0.0217391304347826,22.2722222222222,0.0217391304347826,22.7277777777778,0.0217391304347826,22.3611111111111,0.0163043478260869
JHAL MAGSI DISTRICT,BALOCHISTAN,NASIRABAD DIVISION,3,748,198,0.005025126,0.879396984924623,0.115577889447236,0.0,0.0201005025125628,0.195979899497487,0.477386934673367,0.306532663316583,11.5409836065574,0.718592964824121,0.0,0.005025126,0.0,0.281407035175879,0.005025126,0.065326633,0.0,0.994974874371859,0.0,0.648241206030151,15.1,420.04,0.0351758793969849,0.030150754,0.0201005025125628,0.0,0.0100502512562814,0.195979899497487,0.170854271356784,0.195979899497487,0.447236180904523,0.0201005025125628,0.366834170854271,0.633165829145729,0.0201005025125628,29.4512820512821,0.08040201,16.4371584699454,0.005025126,0.0,0.0,0.994974874371859,Metaled,11.6373626373626,0.989949748743718,0.0100502512562814,0.0100502512562814,0.0,0.005025126,0.005025126,0.005025126,0.984924623115578,0.005025126,0.0,0.005025126,0.989949748743718,0.231155778894472,0.507537688,0.005025126,0.060301508,0.361809045226131,0.0100502512562814,23.5279187817259,0.869346733668342,13.6923076923077,0.015075377,23.9642857142857,0.050251256,23.7354497354497,0.321608040201005,23.6148148148148,0.447236180904523,16.1545454545455,0.0201005025125628,23.6923076923077,0.030150754,41.160621761658,0.005025126,45.1010101010101,0.0100502512562814,43.497461928934,0.0100502512562814,43.9543147208122,0.015075377,28.3622448979592,0.0,117.336683417085,0.0,0.0,0.0,0.0100502512562814,23.7360406091371,0.14572864321608,8.85294117647059,0.0,110.266331658291,0.0351758793969849,20.65625,0.025125628,22.9484536082474,0.0100502512562814,34.1167512690355,0.125628140703518,16.0057471264368,0.025125628,21.5463917525773,0.0201005025125628,21.3897435897436,0.005025126,80.6161616161616,0.015075377,21.6479591836735,0.0100502512562814,25.3807106598985,0.015075377,25.0204081632653,0.0
KACHHI DISTRICT,BALOCHISTAN,NASIRABAD DIVISION,6,421,305,0.01369863,0.85958904109589,0.116438356164384,0.0102739726027397,0.404109589041096,0.27054794520548,0.068493151,0.256849315068493,7.69333333333333,0.636986301,0.0,0.003424658,0.023972602739726,0.335616438356164,0.0277777777777777,0.0,0.003472222,0.993055555555556,0.0104166666666666,0.311418685121107,7.10050251256281,600.166123778502,0.0238907849829351,0.102389078498294,0.003412969,0.0,0.003412969,0.191126279863481,0.058020478,0.09556314,0.781569965870307,0.068259386,0.424657534246575,0.575342465753425,0.0136518771331058,40.2733564013841,0.030716723549488,18.9119718309859,0.0481099656357388,0.0103092783505154,0.0,0.941580756013746,Unmetalled,8.56818181818182,0.972696245733788,0.0273037542662116,0.0136518771331058,0.0136518771331058,0.0,0.0136054421768707,0.003401361,0.982993197278912,0.0,0.010204082,0.006802721,0.982993197278912,0.460750853242321,0.204778156996587,0.0238907849829351,0.146757679180887,0.409556313993174,0.0102389078498293,33.9,0.658703072,26.22,0.0341296928327645,33.1413427561838,0.0238907849829351,33.6888111888112,0.447098976,29.2160493827161,0.249146757679181,15.8272727272727,0.030716723549488,18.6760563380282,0.0238907849829351,20.3776223776224,0.0204778156996587,23.1637630662021,0.0136518771331058,51.2768166089965,0.0,39.5631399317406,0.006825939,38.17869416,0.030716723549488,37.0316901408451,0.0137457044673539,0.0,0.0,0.0273037542662116,19.8631578947368,0.064846416,16.7518248175182,0.133105802047782,16.4448818897638,0.055172414,11.8978102189781,0.055172414,13.9890510948905,0.051724138,17.9854545454545,0.082758621,14.2706766917293,0.051903114,15.1277372262774,0.0275862068965517,19.5567375886525,0.214532871972318,20.5198237885463,0.0103448275862068,28.3031358885017,0.0275862068965517,16.7127659574468,0.0206896551724137,22.0633802816901,0.0171232876712328
NASIRABAD DISTRICT,BALOCHISTAN,NASIRABAD DIVISION,5,746,165,0.005988024,0.652694610778443,0.335329341317365,0.005988024,0.077844311,0.377245508982036,0.149700598802395,0.395209580838323,10.8333333333333,0.526946107784431,0.005988024,0.0179640718562874,0.029940119760479,0.437125749,0.006060606,0.0121212121212121,0.0121212121212121,0.981818181818182,0.006060606,0.652694610778443,6.98275862068966,533.850299401198,0.0179640718562874,0.065868263,0.005988024,0.0,0.005988024,0.071856287,0.083832335,0.544910179640719,0.826347305389222,0.047904192,0.51497005988024,0.48502994011976,0.0179640718562874,34.9146341463415,0.149700598802395,22.6197183098592,0.005988024,0.005988024,0.0,0.988023952095808,Unmetalled,10.2857142857143,0.988023952095808,0.0119760479041916,0.005988024,0.005988024,0.005988024,0.005988024,0.053892216,0.934131736526946,0.0,0.0,0.0419161676646706,0.958083832335329,0.149700598802395,0.491017964071856,0.0119760479041916,0.0419161676646706,0.44311377245509,0.047904192,31.1949685534591,0.479041916167665,29.0229885057471,0.053892216,30.8101265822785,0.035928144,32.4782608695652,0.323353293413174,28.9380530973451,0.167664670658683,21.7625899280576,0.065868263,21.6602564102564,0.035928144,30.8136645962733,0.029940119760479,33.1543209876543,0.0239520958083832,165.773006134969,0.0179640718562874,40.3170731707317,0.0179640718562874,29.0243902439024,0.0119760479041916,37.121212121212096,0.353293413173653,0.0179640718562874,0.323353293413174,0.029940119760479,30.0432098765432,0.161676646706587,17.6642857142857,0.053892216,35.51265823,0.029940119760479,18.7222222222222,0.029940119760479,21.6666666666667,0.053892216,23.0506329113924,0.035928144,21.6459627329193,0.065868263,18.6858974358974,0.029940119760479,22.179012345679,0.083832335,20.0588235294118,0.0419161676646706,20.9375,0.029940119760479,27.962962962963,0.053892216,26.9113924050633,0.065868263
CHAGAI DISTRICT,BALOCHISTAN,RAKHSHAN DIVISION,4,501,48,0.0,0.791666666666667,0.208333333333333,0.0,0.0,0.0625,0.125,0.8125,64.8205128205128,0.895833333333333,0.0,0.0416666666666666,0.0,0.104166666666667,0.0208333333333333,0.645833333333333,0.0,1.0,0.0,0.958333333333333,3.0,146.75,0.0416666666666666,0.0625,0.0,0.0,0.0416666666666666,0.916666666666667,0.0,0.270833333333333,0.1875,0.0,0.854166666666667,0.145833333333333,0.083333333,119.659090909091,0.145833333333333,68.0975609756098,0.0,0.0,0.0,1.0,Unmetalled,58.9,0.958333333333333,0.0416666666666666,0.0208333333333333,0.0208333333333333,0.0,0.0,0.0208333333333333,0.979166666666667,0.0,0.0,0.0208333333333333,0.979166666666667,0.916666666666667,0.083333333,0.083333333,0.125,0.0625,0.125,58.9047619047619,0.895833333333333,61.6,0.104166666666667,76.0232558139535,0.083333333,63.3181818181818,0.916666666666667,62.0,0.770833333333333,27.6363636363636,0.1875,69.7692307692308,0.0416666666666666,127.304347826087,0.0416666666666666,127.239130434783,0.0,221.041666666667,0.0208333333333333,140.978723404255,0.0416666666666666,86.4130434782609,0.0625,71.4666666666667,0.0416666666666666,0.0,0.0,0.125,57.285714285714306,0.0416666666666666,74.8478260869565,0.375,66.4,0.3125,56.2424242424242,0.208333333333333,63.5263157894737,0.0416666666666666,96.6956521739131,0.25,59.0277777777778,0.0416666666666666,66.7826086956522,0.083333333,63.8181818181818,0.0208333333333333,93.3191489361702,0.083333333,63.8181818181818,0.0416666666666666,91.0869565217391,0.0416666666666666,91.0869565217391,0.0208333333333333
KILLA ABDULLAH DISTRICT,BALOCHISTAN,QUETTA DIVISION,4,509,101,0.0,0.742574257425743,0.217821782178218,0.0396039603960396,0.287128712871287,0.138613861386139,0.079207921,0.495049504950495,19.3,0.603960396039604,0.0,0.504950495,0.0,0.00990099,0.0,0.099009901,0.0,0.99009900990099,0.237623762376238,0.99009900990099,5.0,561.366336633663,0.445544554455446,0.108910891089109,0.0,0.0,0.00990099,0.485148514851485,0.0,0.158415841584158,0.435643564356436,0.0,0.465346534653465,0.534653465346535,0.059405941,25.7368421052632,0.118811881188119,17.561797752809,0.0396039603960396,0.0396039603960396,0.0198019801980198,0.900990099,Unmetalled,14.5,0.99009900990099,0.00990099,0.00990099,0.0,0.0,0.02970297,0.04950495,0.920792079207921,0.0,0.0,0.0,1.0,0.514851485148515,0.306930693069307,0.02970297,0.168316831683168,0.465346534653465,0.158415841584158,16.3529411764706,0.415841584158416,18.3050847457627,0.158415841584158,17.0823529411765,0.00990099,29.75,0.405940594059406,18.2166666666667,0.326732673267327,17.9264705882353,0.168316831683168,17.2261904761905,0.00990099,29.8,0.00990099,29.87,0.04950495,18.1145833333333,0.0198019801980198,25.1010101,0.128712871287129,17.25,0.04950495,17.4375,0.00990099,0.0,0.0,0.059405941,16.5578947368421,0.247524752475248,16.3815789473684,0.059405941,29.8315789473684,0.168316831683168,15.2738095238095,0.148514851485149,15.3255813953488,0.0198019801980198,41.3535353535354,0.188118811881188,31.1341463414634,0.158415841584158,18.4352941176471,0.148514851485149,20.4186046511628,0.158415841584158,16.8470588235294,0.178217821782178,31.5180722891566,0.148514851485149,28.406976744186,0.108910891089109,27.7666666666667,0.168316831683168
NUSHKI DISTRICT,BALOCHISTAN,RAKHSHAN DIVISION,2,131,45,0.0,0.325,0.575,0.1,0.0,0.625,0.125,0.25,44.1,0.075,0.0,0.1,0.05,0.85,0.025,0.05,0.025,1.0,0.0,0.65,19.8571428571429,263.555555555556,0.15,0.4,0.1,0.0,0.0,0.85,0.0,0.025,0.0,0.0,0.525,0.475,0.025,37.1025641,0.1,38.3055555555556,0.3,0.1,0.025,0.575,Metaled,46.17647059,0.95,0.05,0.025,0.025,0.025,0.1,0.075,0.8,0.0,0.0,0.0,1.0,0.25,0.25,0.175,0.2,0.725,0.05,38.34210526,0.4,61.20833333333329,0.075,38.5675675675676,0.125,41.1714285714286,0.4,44.125,0.95,80.0,0.075,39.1081081081081,0.025,36.948717948718,0.025,37.1794871794872,0.05,38.6052631578947,0.025,37.8717948717949,0.025,38.6410256410256,0.025,38.1282051282051,0.025,0.0,0.0,0.025,46.5897435897436,0.075,38.7027027,0.05,39.0526315789474,0.3,33.2857142857143,0.3,32.6071428571429,0.075,36.7837837837838,0.225,36.3225806451613,0.125,33.0285714285714,0.05,37.921052631579,0.075,38.0,0.1,38.25,0.1,14.5555555555556,0.05,13.9736842105263,0.05
PISHIN DISTRICT,BALOCHISTAN,QUETTA DIVISION,5,593,374,0.0117647058823529,0.182352941176471,0.802941176470588,0.002941176,0.241176470588235,0.114705882352941,0.367647058823529,0.276470588235294,14.6702127659574,0.232352941176471,0.0147058823529411,0.076470588,0.0235294117647058,0.732352941176471,0.111111111111111,0.0134680134680134,0.0202020202020202,0.925925925925926,0.080808081,0.973529411764706,27.8888888888889,407.011764705882,0.097058824,0.073529412,0.032352941,0.0,0.0205882352941176,0.1,0.0117647058823529,0.735294117647059,0.747058823529412,0.055882353,0.797058823529412,0.202941176470588,0.0617647058823529,16.8934169278997,0.132352941176471,14.3491525423729,0.785294117647059,0.008823529,0.005882353,0.2,Metaled,11.8947368421053,0.952941176470588,0.0470588235294117,0.0294117647058823,0.017647059,0.0117647058823529,0.017647059,0.123529411764706,0.847058823529412,0.005882353,0.005882353,0.0529411764705882,0.935294117647059,0.805882352941177,0.205882352941176,0.0235294117647058,0.155882352941176,0.138235294117647,0.314705882352941,54.5064377682403,0.452941176470588,14.5698924731183,0.279411764705882,53.285714285714306,0.279411764705882,53.4163265306122,0.405882352941176,14.2821782178218,0.25,13.7176470588235,0.038235294,12.7584097859327,0.185294117647059,50.78700361,0.0529411764705882,19.0900621118012,0.008823529,19.0029673590504,0.0117647058823529,18.6458333333333,0.0264705882352941,16.4501510574018,0.0117647058823529,14.8303571428571,0.005882353,0.0,0.0,0.0264705882352941,13.416918429003,0.123529411764706,13.9328859060403,0.205882352941176,12.6,0.194117647058824,14.5985401459854,0.161764705882353,14.5789473684211,0.073529412,50.6380952380952,0.138235294117647,34.1501706484642,0.188235294117647,14.5615942028986,0.108823529411765,20.1947194719472,0.258823529411765,15.547619047619,0.158823529411765,51.2237762237762,0.15,23.5363321799308,0.220588235294118,23.9471698113208,0.15
QUETTA DISTRICT,BALOCHISTAN,QUETTA DIVISION,3,328,68,0.119402985074627,0.313432835820896,0.567164179104478,0.0,0.597014925373134,0.17910447761194,0.223880597014925,0.0,0.0,0.597014925373134,0.104477611940299,0.119402985074627,0.0298507462686567,0.223880597014925,0.666666666666667,0.242424242424242,0.090909091,0.545454545454545,0.212121212121212,0.925373134328358,28.8,663.514705882353,0.567164179104478,0.238805970149254,0.0298507462686567,0.074626866,0.0149253731343283,0.358208955223881,0.0,0.119402985074627,0.074626866,0.059701493,0.089552239,0.91044776119403,0.417910448,19.4615384615385,0.597014925373134,19.5925925925926,0.477611940298507,0.059701493,0.0,0.462686567164179,Metaled,4.2,0.791044776119403,0.208955224,0.149253731343284,0.059701493,0.089552239,0.208955224,0.328358208955224,0.373134328,0.059701493,0.223880597014925,0.134328358208955,0.582089552,0.835820896,0.776119402985075,0.447761194029851,0.626865671641791,0.044776119,0.641791044776119,19.9583333333333,0.955223880597015,11.6666666666667,0.522388059701493,19.375,0.626865671641791,19.28,0.835820896,13.8181818181818,0.925373134328358,8.8,0.552238805970149,9.3,0.208955224,18.2830188679245,0.134328358208955,16.8793103448276,0.134328358208955,17.1551724137931,0.044776119,16.984375,0.253731343283582,17.9,0.253731343283582,14.58,0.164179104477612,0.074626866,0.0149253731343283,0.328358208955224,10.9777777777778,0.656716417910448,7.65217391304348,0.134328358208955,15.1896551724138,0.656716417910448,8.739130435,0.552238805970149,9.13333333333333,0.432835820895522,12.2894736842105,0.522388059701493,10.78125,0.597014925373134,10.4444444444444,0.447761194029851,10.0540540540541,0.388059701492537,11.8048780487805,0.507462686567164,18.5454545454545,0.358208955223881,10.0,0.343283582089552,16.1590909090909,0.134328358208955
DERA BUGTI DISTRICT,BALOCHISTAN,SIBI DIVISION,8,765,222,0.0223214285714285,0.584821428571429,0.160714285714286,0.232142857142857,0.035714286,0.0267857142857142,0.15625,0.78125,26.1142857142857,0.379464285714286,0.0,0.09375,0.008928571,0.611607142857143,0.0178571428571428,0.004464286,0.0,1.0,0.004464286,0.84375,6.97142857142857,442.223214285714,0.080357143,0.071428571,0.008928571,0.0,0.0446428571428571,0.330357142857143,0.035714286,0.227678571428571,0.772321428571429,0.0178571428571428,0.955357142857143,0.0446428571428571,0.008928571,84.3693693693694,0.0178571428571428,35.6772727272727,0.0446428571428571,0.0178571428571428,0.0,0.9375,Unmetalled,14.6802721088435,0.96875,0.03125,0.008928571,0.0223214285714285,0.0,0.004464286,0.0267857142857142,0.96875,0.0,0.0,0.0223214285714285,0.977678571428571,0.834821428571429,0.116071428571429,0.0178571428571428,0.004464286,0.111607142857143,0.035714286,32.3703703703704,0.580357142857143,36.2872340425532,0.035714286,30.0972222222222,0.0223214285714285,33.8995433789954,0.517857142857143,35.9537037,0.232142857142857,25.8895348837209,0.0267857142857142,33.7477064220184,0.0178571428571428,45.3681818181818,0.0178571428571428,44.7863636363636,0.0,275.767857142857,0.004464286,66.1659192825112,0.008928571,71.0,0.004464286,73.6053811659193,0.0,0.0,0.004464286,0.008928571,45.4324324324324,0.0625,35.6428571428571,0.0223214285714285,46.3287671232877,0.169642857142857,17.7150537634409,0.107142857142857,32.785,0.03125,44.2534562211982,0.098214286,29.2673267326733,0.040178571,42.6744186046512,0.008928571,50.3153153153153,0.28125,40.3975155279503,0.0133928571428571,34.1176470588235,0.120535714285714,18.3705583756345,0.0133928571428571,33.3484162895928,0.008928571
HARNAI DISTRICT,BALOCHISTAN,SIBI DIVISION,3,230,96,0.055555556,0.6,0.266666666666667,0.077777778,0.7,0.0444444444444444,0.055555556,0.2,23.6666666666667,0.555555555555556,0.0,0.0111111111111111,0.0,0.444444444444444,0.0,0.0,0.0,1.0,0.466666666666667,1.0,0.0,78.3555555555556,0.066666667,0.288888888888889,0.0,0.055555556,0.0,0.544444444444444,0.066666667,0.711111111111111,0.055555556,0.0,0.722222222222222,0.277777777777778,0.0222222222222222,16.3863636363636,0.088888889,14.1951219512195,0.077777778,0.0,0.0111111111111111,0.911111111111111,Metaled,17.8076923076923,0.988888888888889,0.0111111111111111,0.0111111111111111,0.0,0.0,0.0111111111111111,0.0222222222222222,0.966666666666667,0.0,0.0,0.0,1.0,0.555555555555556,0.455555555555556,0.0222222222222222,0.288888888888889,0.366666666666667,0.0444444444444444,17.3720930232558,0.822222222222222,22.5,0.033333333,17.3563218390805,0.033333333,17.3563218390805,0.811111111111111,24.5882352941177,0.755555555555556,20.6363636363636,0.0444444444444444,14.0232558139535,0.0,26.3,0.0444444444444444,16.6395348837209,0.0,26.2666666666667,0.0222222222222222,17.8068181818182,0.033333333,16.6666666666667,0.0222222222222222,17.7159090909091,0.0222222222222222,0.0,0.0,0.0444444444444444,16.1744186046512,0.111111111111111,15.975,0.033333333,26.4137931034483,0.088888889,13.6341463414634,0.088888889,15.1341463414634,0.055555556,16.3647058823529,0.188888888888889,11.2328767123288,0.088888889,16.2073170731707,0.0444444444444444,16.2790697674419,0.055555556,15.3882352941176,0.055555556,16.7411764705882,0.0111111111111111,17.6966292134831,0.033333333,14.6781609195402,0.0222222222222222
KOHLU DISTRICT,BALOCHISTAN,SIBI DIVISION,5,929,197,0.005181347,0.49740932642487,0.051813472,0.44559585492228,0.041450777,0.0103626943005181,0.041450777,0.906735751295337,84.84,0.051813472,0.005181347,0.0,0.0259067357512953,0.922279792746114,0.005181347,0.005181347,0.005181347,0.963730569948186,0.0259067357512953,0.865284974093264,10.7307692307692,303.748717948718,0.03626943,0.051813472,0.005181347,0.005181347,0.0155440414507772,0.077720207,0.0155440414507772,0.259067357512953,0.901554404145078,0.202072538860104,0.979274611398964,0.020725389,0.0155440414507772,112.452631578947,0.067357513,94.0611111111111,0.0310880829015544,0.0155440414507772,0.0,0.953367875647669,Unmetalled,63.1538461538462,0.989637305699482,0.0103626943005181,0.0103626943005181,0.0,0.0103626943005181,0.0,0.0,0.989637305699482,0.0,0.0,0.0,1.0,0.290155440414508,0.03626943,0.0103626943005181,0.0155440414507772,0.704663212435233,0.0259067357512953,93.6329787234042,0.124352331606218,94.887573964497,0.0259067357512953,90.4893617021276,0.0155440414507772,92.2105263157895,0.07253886,95.2402234636871,0.129533678756477,92.9583333333333,0.005181347,112.494791666667,0.020725389,155.603174603175,0.0155440414507772,158.242105263158,0.0,210.611398963731,0.0,175.388601036269,0.005181347,161.640625,0.005181347,91.0104166666667,0.0,0.0,0.0,0.005181347,88.6041666666667,0.0155440414507772,90.8368421052632,0.0,157.414507772021,0.10880829015544,64.4825581395349,0.082901554,69.8305084745763,0.077720207,91.2303370786517,0.191709844559585,86.4615384615385,0.067357513,64.5388888888889,0.0310880829015544,88.8930481283422,0.191709844559585,110.076923076923,0.03626943,90.6720430107527,0.145077720207254,76.6909090909091,0.041450777,87.1297297297297,0.0466321243523316
SIBI DISTRICT,BALOCHISTAN,SIBI DIVISION,4,344,159,0.0,0.818181818181818,0.166666666666667,0.0151515151515151,0.424242424242424,0.0151515151515151,0.068181818,0.492424242424242,19.0153846153846,0.772727272727273,0.0,0.007575758,0.007575758,0.227272727272727,0.069230769,0.007692308,0.107692307692308,0.946153846153846,0.007692308,0.439393939393939,12.8243243243243,396.296774193548,0.181818181818182,0.106060606060606,0.0,0.0,0.0,0.007575758,0.136363636363636,0.037878788,0.340909090909091,0.340909090909091,0.78030303030303,0.21969696969697,0.0454545454545454,65.4047619,0.0227272727272727,30.968992248062,0.053030303,0.0454545454545454,0.007575758,0.893939393939394,Unmetalled,12.1428571428571,0.977272727272727,0.0227272727272727,0.0151515151515151,0.007575758,0.0151515151515151,0.007575758,0.0151515151515151,0.962121212121212,0.007575758,0.0,0.0,0.992424242424242,0.378787878787879,0.265151515151515,0.0303030303030303,0.053030303,0.492424242424242,0.037878788,30.3622047244094,0.0303030303030303,53.6953125,0.265151515151515,31.2886597938144,0.060606061,29.2177419354839,0.0454545454545454,43.3095238095238,0.21969696969697,21.495145631068,0.0454545454545454,20.4126984126984,0.037878788,56.8267716535433,0.007575758,58.9389312977099,0.007575758,69.4198473282443,0.007575758,60.0839694656489,0.0151515151515151,61.9384615384615,0.0227272727272727,26.6744186046512,0.007633588,0.007633588,0.0,0.113636363636364,19.034188034188,0.0454545454545454,18.031746031746,0.204545454545455,65.0666666666667,0.122137404580153,16.0434782608696,0.137404580152672,16.6017699115044,0.076335878,45.1322314049587,0.16030534351145,35.6636363636364,0.145038167938931,17.4732142857143,0.038167939,48.8492063492064,0.121212121212121,41.198275862069,0.091603053,70.327731092437,0.129770992366412,37.6929824561404,0.076335878,62.5537190082645,0.06870229
ZIARAT DISTRICT,BALOCHISTAN,SIBI DIVISION,2,232,91,0.0229885057471264,0.896551724,0.08045977,0.0,0.413793103448276,0.275862068965517,0.172413793103448,0.137931034482759,14.1666666666667,0.666666666666667,0.0,0.068965517,0.0114942528735632,0.333333333333333,0.149425287356322,0.0,0.0,0.839080459770115,0.264367816091954,0.988505747126437,4.0,613.483146067416,0.057471264,0.068965517,0.0114942528735632,0.0114942528735632,0.0114942528735632,0.528735632183908,0.0,0.563218390804598,0.264367816091954,0.0,0.839080459770115,0.160919540229885,0.045977011,40.8795180722892,0.114942528735632,17.3766233766234,0.126436781609195,0.0,0.0,0.873563218390805,Metaled,11.9230769230769,0.988505747126437,0.0114942528735632,0.0114942528735632,0.0,0.0114942528735632,0.0,0.0,0.988505747126437,0.0114942528735632,0.0,0.0,0.988505747126437,0.632183908,0.091954023,0.0229885057471264,0.160919540229885,0.333333333333333,0.160919540229885,17.7808219178082,0.528735632183908,15.7560975609756,0.172413793103448,20.125,0.252873563218391,27.7230769230769,0.632183908,17.9375,0.402298850574713,15.1153846153846,0.149425287356322,17.2702702702703,0.0344827586206896,84.4761904761905,0.0229885057471264,51.6823529411765,0.0114942528735632,252.104651162791,0.0114942528735632,54.4302325581395,0.068965517,26.4938271604938,0.068965517,21.6913580246914,0.0344827586206896,0.0,0.0,0.057471264,16.8536585365854,0.149425287356322,16.8648648648649,0.091954023,18.873417721519,0.183908045977012,11.7746478873239,0.172413793103448,12.2638888888889,0.137931034482759,14.7466666666667,0.149425287356322,14.3513513513514,0.160919540229885,13.5616438356164,0.114942528735632,15.7012987,0.126436781609195,14.9473684210526,0.114942528735632,15.4675324675325,0.08045977,18.1125,0.0229885057471264,18.6823529411765,0.0114942528735632
BARKHAN DISTRICT,BALOCHISTAN,ZHOB DIVISION,1,612,132,0.0229007633587786,0.694656488549618,0.274809160305344,0.007633588,0.015267175572519,0.183206107,0.519083969465649,0.282442748091603,24.4594594594595,0.954545454545455,0.0151515151515151,0.0151515151515151,0.007575758,0.0227272727272727,0.0229007633587786,0.015267175572519,0.0229007633587786,0.977099236641221,0.015267175572519,0.992424242424242,15.0,339.687022900763,0.0151515151515151,0.431818181818182,0.0,0.007575758,0.257575757575758,0.810606060606061,0.0,0.053030303,0.295454545454545,0.007575758,0.458015267175573,0.541984732824428,0.0227272727272727,47.7286821705426,0.295454545454545,15.010752688172,0.015267175572519,0.038167939,0.0229007633587786,0.923664122137405,Metaled,9.95833333333333,0.984732824427481,0.015267175572519,0.0,0.015267175572519,0.0,0.007575758,0.0303030303030303,0.962121212121212,0.0,0.0,0.007575758,0.992424242424242,0.938931297709924,0.236641221374046,0.007633588,0.038167939,0.015267175572519,0.037878788,28.9370078740157,0.916666666666667,23.6363636363636,0.068181818,29.8455284552846,0.068181818,30.43902439,0.871212121212121,24.5294117647059,0.757575757575758,16.78125,0.068181818,32.9674796747968,0.0305343511450381,121.866141732283,0.0305343511450381,129.937007874016,0.0,145.159090909091,0.0,134.886363636364,0.0151515151515151,29.1307692307692,0.0151515151515151,42.0384615384615,0.0151515151515151,0.007575758,0.0,0.0303030303030303,29.5234375,0.136363636363636,15.5614035087719,0.0303030303030303,35.1796875,0.128787878787879,27.8173913043478,0.068181818,26.4715447154472,0.037878788,26.8188976377953,0.060606061,26.2258064516129,0.068181818,29.1544715447155,0.060606061,29.5806451612903,0.060606061,30.6854838709677,0.128787878787879,26.3739130434783,0.053030303,28.36,0.060606061,27.4274193548387,0.378787878787879
KILLA SAIFULLAH DISTRICT,BALOCHISTAN,ZHOB DIVISION,6,678,164,0.0123456790123456,0.944444444444444,0.0432098765432098,0.0,0.518518518518519,0.049382716,0.092592593,0.339506172839506,33.2,0.919753086419753,0.037037037037037,0.0185185185185185,0.0123456790123456,0.0308641975308641,0.00617284,0.0308641975308641,0.246913580246914,0.753086419753086,0.265432098765432,0.981481481481482,7.66666666666667,455.802469135803,0.080246914,0.067901235,0.0123456790123456,0.0,0.037037037037037,0.41358024691358,0.00617284,0.611111111111111,0.5,0.203703703703704,0.87037037037037,0.12962962962963,0.0246913580246913,28.7974683544304,0.067901235,24.682119205298,0.074074074,0.00617284,0.0,0.919753086419753,Metaled,32.4117647058824,0.981481481481482,0.0185185185185185,0.0123456790123456,0.00617284,0.0123456790123456,0.00617284,0.00617284,0.975308641975309,0.0,0.00617284,0.037037037037037,0.95679012345679,0.87037037037037,0.216049382716049,0.0246913580246913,0.166666666666667,0.111111111111111,0.0123456790123456,26.4625,0.858024691358025,51.6521739130435,0.037037037037037,26.7435897435897,0.0185185185185185,27.7232704402516,0.611111111111111,30.5714285714286,0.864197530864198,47.0,0.0432098765432098,24.2129032258065,0.0185185185185185,25.4716981132075,0.0185185185185185,26.8805031446541,0.0246913580246913,30.3101265822785,0.0246913580246913,29.0379746835443,0.0308641975308641,27.2165605095541,0.0246913580246913,28.7594936708861,0.0123456790123456,0.0,0.0,0.0308641975308641,22.0636942675159,0.154320987654321,16.5839416058394,0.055555556,28.797385620915,0.049382716,24.9025974,0.067901235,24.4503311258278,0.0246913580246913,26.7025316455696,0.080246914,27.2013422818792,0.0246913580246913,26.6518987341772,0.0432098765432098,26.3483870967742,0.0246913580246913,27.0316455696203,0.0308641975308641,27.1273885350318,0.0185185185185185,26.496855345912,0.0185185185185185,25.1949685534591,0.0123456790123456
LORALAI DISTRICT,BALOCHISTAN,ZHOB DIVISION,3,600,177,0.0115606936416184,0.919075144508671,0.063583815,0.005780347,0.210526315789474,0.192982456140351,0.216374269005848,0.380116959064327,24.3230769230769,0.878612716763006,0.0,0.040462428,0.0115606936416184,0.109826589595376,0.005882353,0.1,0.082352941,0.98235294117647,0.194117647058824,0.953757225,55.0,242.3641618,0.063583815,0.329479768786127,0.0462427745664739,0.0,0.132947976878613,0.722543352601156,0.0289017341040462,0.0462427745664739,0.190751445086705,0.034682081,0.907514450867052,0.092485549,0.040462428,83.6325301204819,0.184971098265896,25.1843971631206,0.080924855,0.005780347,0.0115606936416184,0.901734104046243,Unmetalled,18.7758620689655,0.982658959537572,0.0173410404624277,0.0115606936416184,0.005780347,0.0115606936416184,0.0289017341040462,0.034682081,0.92485549132948,0.005780347,0.005780347,0.034682081,0.953757225,0.84393063583815,0.260115606936416,0.0173410404624277,0.034682081,0.144508670520231,0.052023121,38.1524390243903,0.826589595375723,24.9666666666667,0.069364162,40.4223602484472,0.063583815,47.3271604938272,0.583815028901734,39.2361111111111,0.624277456647399,30.1538461538462,0.080924855,33.622641509434,0.034682081,86.5988023952096,0.0115606936416184,42.3391812865497,0.0,141.849710982659,0.0173410404624277,49.3470588235294,0.0115606936416184,40.2923976608187,0.005780347,40.8604651162791,0.005780347,0.005780347,0.0,0.0173410404624277,34.3470588235294,0.086705202,20.9240506329114,0.421965317919075,34.79,0.11046511627907,30.4509803921569,0.13953488372093,31.277027027027,0.034883721,38.6506024096386,0.075581395,29.9433962264151,0.098837209,32.97419355,0.034883721,42.8072289156627,0.104651162790698,37.5649350649351,0.0465116279069767,39.1036585365854,0.104046242774566,24.1032258064516,0.034883721,32.4939759036145,0.0232558139534883
DUKI DISTRICT,BALOCHISTAN,ZHOB DIVISION,1,371,87,0.0,0.929411764705882,0.070588235,0.0,0.070588235,0.247058823529412,0.2,0.482352941176471,26.0,0.941860465116279,0.0,0.0232558139534883,0.0,0.058139535,0.0,0.0,0.0,1.0,0.22093023255814,0.941176470588235,10.0,225.35294117647,0.576470588235294,0.729411764705882,0.035294118,0.0,0.117647058823529,0.482352941176471,0.294117647058824,0.329411764705882,0.294117647058824,0.070588235,0.870588235294118,0.129411764705882,0.0116279069767441,195.35294117647,0.093023256,24.1538461538462,0.0117647058823529,0.0,0.0117647058823529,0.976470588235294,Unmetalled,15.6785714285714,0.988235294117647,0.0117647058823529,0.0117647058823529,0.0,0.0,0.0,0.094117647,0.905882352941176,0.0,0.0,0.0470588235294117,0.952941176470588,0.988372093023256,0.418604651162791,0.0,0.0232558139534883,0.0116279069767441,0.0465116279069767,44.5853658536585,0.837209302325581,22.8571428571429,0.034883721,46.1204819277108,0.0,75.2790697674419,0.872093023,22.0909090909091,0.058139535,43.8271604938272,0.034883721,42.5903614457831,0.0116279069767441,47.0470588235294,0.0232558139534883,44.4642857142857,0.0,222.023255813953,0.0116279069767441,60.6823529411765,0.0116279069767441,42.6823529411765,0.0116279069767441,43.8941176470588,0.0,0.0,0.0,0.034883721,32.3975903614458,0.0465116279069767,24.7682926829268,0.0116279069767441,43.8941176470588,0.0470588235294117,37.4074074074074,0.0588235294117647,40.075,0.035294118,43.7682926829268,0.270588235294118,27.1451612903226,0.0470588235294117,39.851851851851904,0.0235294117647058,43.38554217,0.164705882352941,33.78873239,0.0588235294117647,39.5875,0.105882352941176,24.3947368421053,0.270588235294118,19.6290322580645,0.035294118
MUSAKHEL DISTRICT,BALOCHISTAN,ZHOB DIVISION,5,510,71,0.0,0.408450704225352,0.563380281690141,0.028169014084507,0.084507042,0.112676056338028,0.253521126760563,0.549295774647887,27.3076923076923,0.859154929577465,0.028169014084507,0.0,0.056338028169014,0.098591549,0.0,0.09375,0.140625,1.0,0.0,0.845070422535211,28.3636363636364,178.338028169014,0.183098591549296,0.28169014084507,0.0,0.0,0.028169014084507,0.408450704225352,0.0140845070422535,0.422535211267606,0.450704225352113,0.126760563380282,0.901408450704225,0.098591549,0.042253521,91.0,0.098591549,29.875,0.070422535,0.028169014084507,0.0140845070422535,0.887323943661972,Unmetalled,22.6363636363636,0.985915492957746,0.0140845070422535,0.0140845070422535,0.0,0.0140845070422535,0.0,0.042253521,0.943661971830986,0.0,0.0140845070422535,0.0,0.985915492957746,0.816901408450704,0.028169014084507,0.0140845070422535,0.0140845070422535,0.183098591549296,0.183098591549296,47.4310344827586,0.957746478873239,94.0,0.225352112676056,49.6727272727273,0.154929577464789,59.8833333333333,0.985915492957746,5.0,0.788732394366197,48.6666666666667,0.084507042,28.1846153846154,0.126760563380282,124.903225806452,0.042253521,121.397058823529,0.028169014084507,140.188405797101,0.0140845070422535,130.057142857143,0.042253521,70.4852941176471,0.056338028169014,80.8358208955224,0.0,0.0,0.0,0.112676056338028,40.2539682539683,0.126760563380282,31.5322580645161,0.183098591549296,80.0689655172414,0.338028169014085,26.5744680851064,0.211267605633803,26.4642857142857,0.042253521,37.3088235294118,0.211267605633803,26.1785714285714,0.098591549,31.0625,0.056338028169014,44.5223880597015,0.169014084507042,37.6440677966102,0.042253521,38.82352941,0.140845070422535,31.5245901639344,0.126760563380282,34.258064516129,0.028169014084507
SHERANI DISTRICT,BALOCHISTAN,ZHOB DIVISION,1,607,179,0.011049723756906,0.756906077348066,0.220994475138122,0.011049723756906,0.30939226519337,0.171270718232044,0.370165745856354,0.149171270718232,15.6296296296296,0.740331491712707,0.0220994475138121,0.0276243093922651,0.038674033,0.237569060773481,0.0,0.0,0.171270718232044,0.988950276,0.0220994475138121,0.994475138,5.0,177.265193370166,0.0276243093922651,0.552486187845304,0.0276243093922651,0.005524862,0.121546961325967,0.723756906077348,0.0497237569060773,0.38121546961326,0.149171270718232,0.066298343,0.574585635,0.425414365,0.0165745856353591,65.685393258427,0.011049723756906,38.6648044692737,0.0,0.0,0.011049723756906,0.988950276,Unmetalled,40.3313609467456,0.988950276,0.011049723756906,0.005524862,0.005524862,0.005524862,0.0,0.116022099447514,0.878453038674033,0.0,0.0,0.0276243093922651,0.972375690607735,0.69060773480663,0.0,0.0,0.011049723756906,0.30939226519337,0.0220994475138121,58.225988700565,0.685082872928177,41.9122807017544,0.0165745856353591,58.556179775280896,0.005524862,62.3111111111111,0.712707182,55.1923076923077,0.591160220994475,37.90540541,0.033149171,44.2342857142857,0.011049723756906,58.0391061452514,0.0,63.6574585635359,0.0,320.812154696133,0.0,70.3867403314917,0.0,64.9226519337017,0.005524862,67.7555555555556,0.0,0.0,0.0,0.060773481,39.0529411764706,0.110497237569061,25.7826086956522,0.707182320441989,66.0188679245283,0.082872928,24.3674698795181,0.066298343,31.8757396449704,0.0165745856353591,46.3988764044944,0.060773481,32.9,0.0552486187845303,45.812865497076,0.011049723756906,52.51955307,0.038674033,48.5574712643678,0.005524862,55.6777777777778,0.12707182320442,35.753164556962,0.0,57.1988950276243,0.071823204
ZHOB DISTRICT,BALOCHISTAN,ZHOB DIVISION,4,562,103,0.0303030303030303,0.717171717171717,0.222222222222222,0.0303030303030303,0.555555555555556,0.121212121212121,0.252525252525253,0.070707071,44.1428571428571,0.888888888888889,0.0,0.0303030303030303,0.0303030303030303,0.0505050505050505,0.0,0.0101010101010101,0.272727272727273,0.98989899,0.0202020202020202,0.98989899,3.0,88.4040404,0.131313131313131,0.747474747474748,0.151515151515152,0.0,0.212121212121212,0.676767676767677,0.070707071,0.222222222222222,0.181818181818182,0.0,0.848484848484849,0.151515151515152,0.060606061,50.9462365591398,0.060606061,48.6129032258065,0.0303030303030303,0.0202020202020202,0.0,0.94949494949495,Unmetalled,19.7777777777778,0.97979797979798,0.0202020202020202,0.0202020202020202,0.0,0.0101010101010101,0.0,0.04040404,0.94949494949495,0.0101010101010101,0.0,0.0101010101010101,0.97979797979798,0.909090909090909,0.373737373737374,0.0202020202020202,0.232323232323232,0.060606061,0.101010101010101,48.561797752809,0.505050505050505,58.65306122,0.141414141414141,50.0588235294118,0.090909091,54.0555555555556,0.545454545454545,63.5333333333333,0.494949495,59.96,0.060606061,46.1827956989247,0.0202020202020202,52.9175257731959,0.04040404,53.1684210526316,0.0,56.3131313131313,0.0101010101010101,52.9081632653061,0.0202020202020202,53.0927835051546,0.0202020202020202,55.5257731958763,0.0,0.0,0.0,0.0202020202020202,46.0412371134021,0.070707071,41.4021739130435,0.0303030303030303,57.3854166666667,0.454545454545455,37.1296296296296,0.303030303030303,38.1449275362319,0.262626262626263,41.9452054794521,0.353535353535354,44.21875,0.313131313131313,41.0294117647059,0.212121212121212,47.474358974359,0.141414141414141,48.12941176470591,0.212121212121212,48.1538461538462,0.333333333333333,33.7272727272727,0.242424242424242,50.4933333333333,0.0303030303030303
BAJAUR DISTRICT,KHYBER PAKHTUNKHWA,MALAKAND DIVISION,7,3178,570,0.008375209,0.638190954773869,0.351758793969849,0.001675042,0.492462311557789,0.139028475711893,0.197654941373534,0.170854271356784,12.0392156862745,0.718592964824121,0.001675042,0.015075377,0.008375209,0.271356784,0.003448276,0.089655172,0.006896552,0.986206896551724,0.001724138,0.991624790619766,6.0,163.092127303183,0.093802345,0.314907872696817,0.0,0.003350084,0.0117252931323283,0.738693467336683,0.005025126,0.276381909547739,0.005025126,0.005025126,0.355108877721943,0.644891122,0.058626466,54.7526690391459,0.068676717,8.94064748201439,0.0485762144053601,0.073701843,0.001675042,0.876046901172529,Unmetalled,4.47916666666667,0.991624790619766,0.008375209,0.001675042,0.006700168,0.008375209,0.033500838,0.0485762144053601,0.909547738693467,0.003350084,0.015075377,0.0117252931323283,0.969849246231156,0.961474036850921,0.281407035175879,0.001675042,0.130653266331658,0.030150754,0.0385259631490787,17.3379790940767,0.569514237855946,13.1750972762646,0.365159128978224,20.1002638522427,0.033500838,25.6360485268631,0.530988274706868,13.4357142857143,0.656616415410385,10.0634146341463,0.123953098827471,8.05162523900574,0.0184254606365159,27.8003412969283,0.0201005025125628,23.6547008547009,0.008375209,80.508445945946,0.0117252931323283,46.1949152542373,0.016750419,17.9011925042589,0.0184254606365159,26.1023890784983,0.001675042,0.0,0.0,0.025125628,14.45532646,0.110552763819095,7.13935969868173,0.172529313232831,25.4453441295547,0.043551089,11.1821366024518,0.046901173,12.4569420035149,0.02680067,23.3321858864028,0.0318257956448911,10.8079584775087,0.050251256,18.6596119929453,0.015075377,16.3316326530612,0.068676717,16.45683453,0.075376884,12.4855072463768,0.050251256,9.50088183421517,0.202680067001675,9.29411764705882,0.127303182579565
KHYBER DISTRICT,KHYBER PAKHTUNKHWA,PESHAWAR DIVISION,4,704,112,0.00877193,0.649122807017544,0.289473684210526,0.052631579,0.394736842105263,0.166666666666667,0.052631579,0.385964912280702,70.5454545454546,0.912280701754386,0.00877193,0.026315789,0.052631579,0.052631579,0.036036036036036,0.153153153153153,0.045045045,0.954954955,0.009009009,0.982456140350877,53.0,194.964912280702,0.096491228,0.149122807017544,0.026315789,0.00877193,0.061403509,0.570175438596491,0.070175439,0.491228070175439,0.052631579,0.00877193,0.37719298245614,0.62280701754386,0.078947368,63.4476190476191,0.254385964912281,19.9294117647059,0.0,0.0175438596491228,0.00877193,0.973684210526316,Unmetalled,8.98275862068966,0.991228070175439,0.00877193,0.00877193,0.0,0.00877193,0.00877193,0.131578947368421,0.850877192982456,0.0,0.0,0.105263157894737,0.894736842105263,0.973684210526316,0.394736842105263,0.00877193,0.359649122807018,0.00877193,0.236842105263158,26.7931034482759,0.219298245614035,43.6629213483146,0.236842105263158,49.8390804597701,0.070175439,53.3584905660377,0.078947368,49.3428571428571,0.815789473684211,21.952380952381,0.192982456140351,18.8260869565217,0.061403509,47.2056074766355,0.105263157894737,26.2352941176471,0.026315789,56.33333333333329,0.035087719,56.0818181818182,0.12280701754386,43.35,0.043859649122807,51.0733944954128,0.0175438596491228,0.0,0.0,0.061403509,42.196261682243,0.333333333333333,25.1578947368421,0.385964912280702,42.2142857142857,0.210526315789474,39.4111111111111,0.149122807017544,37.5051546391753,0.114035087719298,43.7029703,0.201754385964912,42.021978021978,0.140350877192982,53.1938775510204,0.070175439,39.7075471698113,0.210526315789474,38.7444444444445,0.254385964912281,38.2,0.201754385964912,40.1868131868132,0.342105263157895,30.8,0.289473684210526
KURRAM DISTRICT,KHYBER PAKHTUNKHWA,KOHAT DIVISION,3,1211,304,0.0299003322259136,0.707641196,0.255813953488372,0.006644518,0.59468438538206,0.089700997,0.056478405,0.259136212624585,19.5897435897436,0.73421926910299,0.0199335548172757,0.069767442,0.003322259,0.232558139534884,0.0167785234899328,0.342281879194631,0.134228187919463,0.98993288590604,0.087248322,0.953488372093023,2.71428571428571,178.763157894737,0.219269102990033,0.116279069767442,0.003322259,0.003322259,0.03986711,0.551495016611296,0.112956810631229,0.644518272425249,0.0299003322259136,0.0,0.322259136212625,0.677740863787375,0.13953488372093,63.1544401544402,0.093023256,11.9010989010989,0.056478405,0.0265780730897009,0.0,0.916943521594684,Metaled,10.9416058394161,0.983388704318937,0.0166112956810631,0.009966777,0.006644518,0.009966777,0.009966777,0.07641196,0.903654485049834,0.003322259,0.006644518,0.033222591,0.956810631229236,0.86046511627907,0.372093023255814,0.0132890365448504,0.265780731,0.122923588039867,0.049833887,18.2447552447552,0.518272425249169,29.5586206896552,0.106312292358804,29.0520446096654,0.069767442,45.2035714285714,0.089700997,59.6605839416058,0.777408637873754,21.7313432835821,0.049833887,18.1748251748252,0.0199335548172757,27.6915254237288,0.0132890365448504,22.8181818181818,0.003322259,129.463333333333,0.006644518,122.923076923077,0.0232558139534883,32.030612244898,0.0265780730897009,25.1808873720137,0.03986711,0.0,0.003322259,0.0265780730897009,22.3071672354949,0.18936877076412,8.50819672131148,0.149501661129568,24.29296875,0.079734219,18.4007220216607,0.066445183,28.5658362989324,0.056478405,35.669014084507,0.12624584717608,18.8060836501901,0.043189369,24.5208333333333,0.049833887,18.951048951049,0.112956810631229,19.5355805243446,0.043189369,21.0625,0.116279069767442,20.0902255639098,0.056478405,17.1514084507042,0.109634551495017
MOHMAND DISTRICT,KHYBER PAKHTUNKHWA,PESHAWAR DIVISION,8,535,72,0.02739726,0.657534246575342,0.315068493150685,0.0,0.479452054794521,0.232876712328767,0.150684931506849,0.136986301,23.1,0.712328767123288,0.0,0.01369863,0.0,0.287671232876712,0.0,0.246575342465753,0.123287671232877,0.972602739726027,0.01369863,0.945205479452055,5.75,195.232876712329,0.01369863,0.410958904,0.0,0.0,0.02739726,0.863013699,0.0,0.082191781,0.0,0.0,0.534246575342466,0.465753424657534,0.191780821917808,41.5762711864407,0.410958904,13.953488372093,0.01369863,0.01369863,0.01369863,0.95890411,Metaled,14.047619047619,1.0,0.0,0.0,0.0,0.01369863,0.01369863,0.10958904109589,0.863013699,0.01369863,0.0,0.01369863,0.972602739726027,1.0,0.397260273972603,0.01369863,0.315068493150685,0.0,0.136986301,24.1111111111111,0.821917808,24.8461538461538,0.123287671232877,31.640625,0.068493151,43.1176470588235,0.26027397260274,34.0925925925926,0.712328767123288,18.2857142857143,0.246575342465753,14.0363636363636,0.02739726,45.6901408450704,0.01369863,48.2222222222222,0.0,61.9315068493151,0.0,64.6849315068493,0.123287671232877,29.359375,0.01369863,32.5277777777778,0.02739726,0.0,0.0,0.095890411,24.6666666666667,0.438356164383562,21.6341463414634,0.10958904109589,30.2769230769231,0.410958904,14.5813953488372,0.232876712328767,21.3392857142857,0.054794521,26.6521739130435,0.205479452054795,26.5344827586207,0.219178082191781,27.2631578947368,0.178082191780822,21.2333333333333,0.219178082191781,28.4736842105263,0.10958904109589,27.9692307692308,0.301369863013699,22.078431372549,0.465753424657534,17.2820512820513,0.465753424657534
NORTH WAZIRISTAN DISTRICT,KHYBER PAKHTUNKHWA,BANNU DIVISION,9,491,168,0.0,0.680473372781065,0.319526627218935,0.0,0.372781065088757,0.130177514792899,0.106508875739645,0.390532544378698,36.3030303030303,0.822485207100592,0.00591716,0.053254438,0.0236686390532544,0.159763313609467,0.018181818,0.315151515151515,0.066666667,0.993939393939394,0.0121212121212121,0.952662721893491,6.75,167.366863905325,0.076923077,0.366863905325444,0.0,0.0,0.053254438,0.781065088757396,0.071005917,0.414201183431953,0.0236686390532544,0.00591716,0.715976331360947,0.284023668639053,0.071005917,110.312101910828,0.159763313609467,65.2746478873239,0.082840237,0.00591716,0.00591716,0.905325443786982,Unmetalled,22.9083333333333,1.0,0.0,0.0,0.0,0.029585798816568,0.0236686390532544,0.088757396,0.857988165680473,0.029585798816568,0.00591716,0.0473372781065088,0.91715976331361,0.976331360946746,0.698224852071006,0.017751479,0.106508875739645,0.0118343195266272,0.14792899408284,60.0555555555556,0.390532544378698,96.08737864,0.0473372781065088,74.2608695652174,0.041420118,93.4382716049383,0.065088757,104.23417721519,0.633136094674556,109.451612903226,0.248520710059172,56.1968503937008,0.065088757,116.449367088608,0.153846153846154,77.9020979,0.017751479,120.933734939759,0.0236686390532544,133.406060606061,0.053254438,139.53125,0.029585798816568,89.7804878048781,0.00591716,0.0,0.0,0.041420118,58.8827160493827,0.100591715976331,57.9736842105263,0.408284023668639,127.66,0.189349112426036,65.3138686131387,0.153846153846154,71.2587412587413,0.124260355029586,103.810810810811,0.295857988165681,73.8823529411765,0.094674556,70.0915032679739,0.14792899408284,71.1736111111111,0.118343195266272,57.4362416107383,0.159763313609467,55.3591549295775,0.272189349112426,79.0406504065041,0.21301775147929,76.60150376,0.112426035502959
ORAKZAI DISTRICT,KHYBER PAKHTUNKHWA,KOHAT DIVISION,4,386,72,0.01369863,0.931506849315068,0.054794521,0.0,0.315068493150685,0.26027397260274,0.178082191780822,0.246575342465753,39.83333333333329,0.342465753424658,0.0,0.0,0.178082191780822,0.479452054794521,0.0,0.095890411,0.0,1.0,0.01369863,0.986301369863014,10.0,179.931506849315,0.712328767123288,0.342465753424658,0.0,0.0,0.02739726,0.452054794520548,0.04109589,0.698630136986301,0.136986301,0.01369863,0.397260273972603,0.602739726027397,0.02739726,59.6056338028169,0.095890411,19.2121212121212,0.04109589,0.01369863,0.0,0.945205479452055,Unmetalled,7.97916666666667,1.0,0.0,0.0,0.0,0.0,0.0,0.02739726,0.972602739726027,0.0,0.0,0.0,1.0,0.863013699,0.232876712328767,0.02739726,0.095890411,0.095890411,0.082191781,28.3283582089552,0.643835616438356,33.6923076923077,0.082191781,42.5671641791045,0.068493151,52.4411764705882,0.191780821917808,53.3050847457627,0.684931507,5.73913043478261,0.136986301,11.4285714285714,0.0,55.7534246575343,0.01369863,60.4027777777778,0.01369863,71.2916666666667,0.01369863,61.7777777777778,0.01369863,57.7777777777778,0.01369863,44.9166666666667,0.01369863,0.0,0.0,0.178082191780822,24.15,0.438356164383562,6.0,0.10958904109589,34.9692307692308,0.273972603,17.188679245283,0.287671232876712,14.0576923076923,0.068493151,25.1470588235294,0.356164383561644,15.8510638297872,0.287671232876712,27.5192307692308,0.068493151,33.2352941176471,0.26027397260274,34.5,0.068493151,38.7205882352941,0.410958904,6.81395348837209,0.082191781,11.9253731343284,0.95890411
SOUTH WAZIRISTAN DISTRICT,KHYBER PAKHTUNKHWA,DERA ISMAIL KHAN DIVISION,8,926,372,0.005291005,0.96031746031746,0.029100529,0.005291005,0.216931216931217,0.121693121693122,0.153439153439153,0.507936507936508,17.9375,0.775132275132275,0.0,0.058201058,0.0158730158730158,0.198412698412698,0.0,0.0,0.008,0.994666666666667,0.0133333333333333,0.973544973544974,5.0,243.452380952381,0.097883598,0.253968253968254,0.002645503,0.0,0.03968254,0.243386243386243,0.03968254,0.690476190476191,0.034391534,0.0211640211640211,0.685185185185185,0.314814814814815,0.03968254,105.192837465565,0.076719577,21.1461318051576,0.0,0.007936508,0.0,0.992063492063492,Unmetalled,9.00657894736842,0.986772486772487,0.0132275132275132,0.0,0.0132275132275132,0.0,0.002645503,0.0317460317460317,0.965608465608466,0.0,0.002645503,0.029100529,0.968253968253968,0.96031746031746,0.185185185185185,0.0,0.0105820105820105,0.034391534,0.087301587,23.8811594202899,0.452380952380952,32.74396135,0.002645503,104.183023872679,0.002645503,114.946949602122,0.037037037037037,103.997252747253,0.560846560846561,14.8975903614458,0.066137566,19.3937677053824,0.03968254,46.2644628099174,0.052910053,48.0391061452514,0.0,143.60582010582,0.007936508,67.664,0.0132275132275132,48.4396782841823,0.005291005,79.531914893617,0.0,0.0,0.0,0.0105820105820105,27.0080213903743,0.044973545,25.7700831024931,0.243386243386243,47.0314685314685,0.0476190476190476,52.1638888888889,0.0185185185185185,55.0943396226415,0.0185185185185185,81.2614555256065,0.092592593,20.9037900874636,0.007936508,95.1013333333333,0.0105820105820105,52.80481283,0.005291005,64.1755319148936,0.0317460317460317,24.8196721311475,0.063492063,27.4689265536723,0.068783069,28.9232954545455,0.0132275132275132
ISLAMABAD DISTRICT,ISLAMABAD CAPITAL TERRITORY,FEDERAL CAPITAL AREA,1,529,195,0.805555555555556,0.009259259,0.185185185185185,0.0,0.824074074074074,0.175925925925926,0.0,0.0,0.0,0.222222222222222,0.0,0.25,0.0277777777777777,0.592592592592593,0.518518518518519,0.722222222222222,0.12037037037037,0.722222222222222,0.092592593,0.972222222222222,1.66666666666667,99.2780748663102,0.0267379679144385,0.556149732620321,0.010695187,0.0,0.005347594,0.342245989304813,0.0,0.032085561,0.0,0.0,0.0,1.0,0.333333333333333,6.81944444444445,0.277777777777778,6.0,0.37037037037037,0.444444444444444,0.0462962962962962,0.138888888888889,Metaled,2.0,0.777777777777778,0.222222222222222,0.0,0.222222222222222,0.0462962962962962,0.25,0.453703703703704,0.25,0.0185185185185185,0.101851851851852,0.296296296296296,0.583333333333333,0.491978609625669,0.566844919786096,0.39572192513369,0.347593582887701,0.422459893048128,0.283422459893048,7.90909090909091,0.561497326203209,18.6666666666667,0.320855614973262,6.58333333333333,0.358288770053476,6.63414634146341,0.556149732620321,4.5,0.768518518518519,4.72,0.388888888888889,7.98484848484848,0.0277777777777777,20.2190476190476,0.0462962962962962,19.0,0.0185185185185185,17.48113208,0.0185185185185185,17.1509433962264,0.166666666666667,8.52222222222222,0.212962962962963,6.68235294117647,0.363636363636364,0.010695187,0.010695187,0.314814814814815,5.05405405405405,0.166666666666667,7.85555555555556,0.37962962962963,8.34328358208955,0.222222222222222,5.75,0.185185185185185,6.44318181818182,0.12962962962963,9.07446808510638,0.203703703703704,7.26744186046512,0.240740740740741,5.5,0.101851851851852,9.0,0.240740740740741,6.82926829268293,0.425925925925926,8.01612903225806,0.157407407407407,7.2967032967033,0.194444444444444,7.79310344827586,0.203703703703704
BALTISTAN DISTRICT,GILGIT BALTISTAN,BALTISTAN DIVISION,1,373,73,0.0,0.520547945205479,0.479452054794521,0.0,0.917808219178082,0.02739726,0.0,0.054794521,23.75,0.26027397260274,0.136986301,0.273972603,0.01369863,0.643835616438356,0.0,0.328767123287671,0.438356164383562,1.0,0.01369863,1.0,0.0,385.616438356164,0.410958904,0.10958904109589,0.0,0.0,0.0,0.054794521,0.123287671232877,0.904109589041096,0.04109589,0.0,0.10958904109589,0.89041095890411,0.054794521,424.884057971015,0.178082191780822,35.9333333333333,0.02739726,0.01369863,0.0,0.95890411,Unmetalled,16.0217391304348,0.95890411,0.04109589,0.02739726,0.01369863,0.0,0.01369863,0.0,0.986301369863014,0.054794521,0.10958904109589,0.424657534246575,0.410958904,0.986301369863014,0.821917808,0.397260273972603,0.136986301,0.0,0.287671232876712,16.1730769230769,0.287671232876712,45.8269230769231,0.767123287671233,38.82352941,0.287671232876712,42.4038461538462,0.26027397260274,31.9259259259259,0.835616438356164,5.91666666666667,0.26027397260274,41.6666666666667,0.04109589,313.742857142857,0.054794521,268.130434782609,0.02739726,306.380281690141,0.068493151,357.470588235294,0.04109589,47.5857142857143,0.04109589,39.5142857142857,0.424657534246575,0.931506849315068,0.780821917808219,0.232876712328767,11.5714285714286,0.191780821917808,11.864406779661,0.876712328767123,29.3333333333333,0.534246575342466,15.7941176470588,0.397260273972603,48.4318181818182,0.136986301,52.1428571428571,0.479452054794521,10.4210526315789,0.273972603,29.0377358490566,0.287671232876712,22.2307692307692,0.589041096,15.9666666666667,0.10958904109589,55.0615384615385,0.397260273972603,12.3863636363636,0.164383561643836,38.016393442623,0.643835616438356
GHANCHE DISTRICT,GILGIT BALTISTAN,BALTISTAN DIVISION,2,307,58,0.0172413793103448,0.258620689655172,0.724137931034483,0.0,0.931034482758621,0.0344827586206896,0.0,0.0344827586206896,4.0,0.206896551724138,0.0172413793103448,0.0,0.0,0.793103448275862,0.0175438596491228,0.175438596491228,0.035087719,0.982456140350877,0.0,1.0,0.0,288.982456140351,0.789473684210526,0.0,0.0,0.0,0.0,0.0,0.052631579,0.56140350877193,0.0,0.0,0.0344827586206896,0.96551724137931,0.228070175438596,96.2954545454546,0.12280701754386,36.76,0.0,0.0,0.0,1.0,Unmetalled,4.58620689655172,0.96551724137931,0.0344827586206896,0.0344827586206896,0.0,0.0,0.0,0.0,1.0,0.0,0.0,0.0,1.0,0.701754385964912,0.964912280701754,0.192982456140351,0.052631579,0.035087719,0.175438596491228,32.3404255319149,0.824561403508772,11.3,0.315789473684211,26.3589743589744,0.210526315789474,39.7555555555556,0.789473684210526,16.75,0.912280701754386,29.2,0.473684210526316,26.3666666666667,0.175438596491228,538.404255319149,0.070175439,171.490566037736,0.0175438596491228,468.178571428571,0.315789473684211,241.384615384615,0.157894736842105,38.02083333333329,0.052631579,46.2592592592593,0.0175438596491228,0.350877192982456,0.421052631578947,0.350877192982456,8.459459459,0.228070175438596,9.43181818181818,0.701754385964912,65.0588235294118,0.603448276,24.2173913043478,0.344827586206897,29.3421052631579,0.293103448275862,50.4878048780488,0.741379310344828,10.2,0.362068965517241,20.2432432432432,0.241379310344828,30.1590909090909,0.53448275862069,16.8148148148148,0.103448275862069,52.0,0.310344827586207,7.15,0.172413793103448,37.9166666666667,0.120689655172414
ASTORE DISTRICT,GILGIT BALTISTAN,ASTORE DIVISION,2,200,45,0.066666667,0.4,0.533333333333333,0.0,0.688888888888889,0.088888889,0.0222222222222222,0.2,24.4444444444444,0.6,0.0,0.088888889,0.0444444444444444,0.266666666666667,0.0,0.377777777777778,0.0222222222222222,0.955555555555556,0.0,1.0,0.0,240.488888888889,0.466666666666667,0.0,0.0222222222222222,0.0,0.0,0.0,0.488888888888889,0.488888888888889,0.0,0.0444444444444444,0.177777777777778,0.822222222222222,0.244444444444444,203.970588235294,0.222222222222222,37.4,0.0,0.0,0.0,1.0,Unmetalled,60.9428571428571,0.955555555555556,0.0444444444444444,0.0444444444444444,0.0,0.0,0.0222222222222222,0.0,0.977777777777778,0.0,0.0,0.0,1.0,0.8,0.711111111111111,0.0222222222222222,0.066666667,0.0,0.133333333333333,29.025641025641,0.666666666666667,69.7333333333333,0.2,36.58333333333329,0.088888889,33.1707317073171,0.555555555555556,47.8,0.888888888888889,27.0,0.333333333333333,88.5,0.0444444444444444,441.418604651163,0.0444444444444444,499.255813953488,0.0222222222222222,533.613636363636,0.111111111111111,411.225,0.066666667,77.952380952381,0.0222222222222222,41.4772727272727,0.0,0.088888889,0.0222222222222222,0.333333333333333,21.7666666666667,0.266666666666667,15.9090909090909,0.622222222222222,32.9411764705882,0.488888888888889,25.9565217391304,0.311111111111111,28.3548387096774,0.155555555555556,42.3157894736842,0.666666666666667,16.4666666666667,0.355555555555556,25.7586206896552,0.2,21.0277777777778,0.333333333333333,24.3,0.177777777777778,24.3513513513514,0.377777777777778,15.1428571428571,0.0222222222222222,25.5,0.0444444444444444
DIAMIR DISTRICT,GILGIT BALTISTAN,ASTORE DIVISION,2,235,113,0.018018018018018,0.756756756756757,0.216216216216216,0.009009009,0.657657657657658,0.09009009,0.063063063,0.189189189189189,62.8095238095238,0.630630630630631,0.009009009,0.099099099,0.036036036036036,0.333333333333333,0.0,0.081081081,0.009009009,0.981981981981982,0.027027027,0.990990991,7.0,212.126126126126,0.18018018018018,0.0,0.009009009,0.0,0.0,0.0,0.576576576576577,0.783783783783784,0.0,0.0,0.369369369369369,0.630630630630631,0.153153153153153,172.659574468085,0.144144144144144,30.1263157894737,0.027027027,0.0,0.0,0.972972973,Unmetalled,9.36904761904762,0.918918919,0.081081081,0.081081081,0.0,0.009009009,0.009009009,0.036036036036036,0.945945945945946,0.0,0.0,0.009009009,0.990990991,0.90990990990991,0.189189189189189,0.009009009,0.036036036036036,0.063063063,0.27027027027027,23.0617283950617,0.225225225225225,28.2906976744186,0.612612612612613,32.5348837209302,0.234234234234234,132.0,0.207207207207207,73.9204545454546,0.855855855855856,8.5625,0.477477477477478,9.91379310344828,0.225225225225225,290.139534883721,0.216216216216216,279.034482758621,0.108108108108108,221.10101010101,0.171171171171171,257.239130434783,0.099099099,93.35,0.036036036036036,64.5140186915888,0.0,0.198198198198198,0.0,0.072072072,24.6116504854369,0.144144144144144,9.81052631578947,0.693693693693694,180.411764705882,0.261261261261261,15.0975609756098,0.306306306306306,45.1168831168831,0.207207207207207,107.363636363636,0.468468468468468,7.22033898305085,0.171171171171171,64.1630434782609,0.153153153153153,37.3297872340426,0.252252252252252,41.3493975903615,0.207207207207207,60.9318181818182,0.234234234234234,6.58823529411765,0.189189189189189,45.5333333333333,0.063063063
GHIZER DISTRICT,GILGIT BALTISTAN,GILGIT DIVISION,3,377,105,0.2,0.095238095,0.676190476190476,0.028571429,0.971428571428571,0.0,0.00952381,0.019047619,35.0,0.352380952380952,0.00952381,0.142857142857143,0.019047619,0.552380952380952,0.038095238,0.761904761904762,0.333333333333333,0.952380952380952,0.0,1.0,0.0,232.257142857143,0.514285714285714,0.0,0.0,0.0,0.0,0.0476190476190476,0.180952380952381,0.580952381,0.00952381,0.171428571428571,0.066666667,0.933333333333333,0.733333333333333,22.7857142857143,0.561904761904762,18.9565217391304,0.0,0.028571429,0.028571429,0.942857142857143,Metaled,9.06976744186046,0.923809523809524,0.076190476,0.076190476,0.0,0.0,0.0,0.0,1.0,0.0,0.0,0.019047619,0.980952380952381,0.857142857142857,0.628571428571429,0.60952380952381,0.133333333333333,0.00952381,0.142857142857143,16.2888888888889,0.8,17.8095238095238,0.314285714285714,23.625,0.238095238095238,44.6375,0.714285714285714,24.8333333333333,0.885714285714286,10.5,0.390476190476191,11.953125,0.142857142857143,340.477777777778,0.019047619,90.5922330097087,0.038095238,277.009901,0.028571429,346.549019607843,0.057142857,23.5252525252525,0.0476190476190476,50.59,0.019047619,0.104761904761905,0.066666667,0.228571428571429,9.12345679012346,0.095238095,9.86315789473684,0.685714285714286,12.0909090909091,0.314285714285714,29.3888888888889,0.447619047619048,8.25862068965517,0.142857142857143,13.7222222222222,0.542857142857143,10.25,0.152380952380952,37.2808988764045,0.238095238095238,8.375,0.295238095238095,11.3648648648649,0.076190476,25.86597938,0.142857142857143,8.788888889,0.161904761904762,16.6590909090909,0.085714286
GILGIT DISTRICT,GILGIT BALTISTAN,GILGIT DIVISION,1,139,53,0.132075471698113,0.283018867924528,0.584905660377359,0.0,0.792452830188679,0.132075471698113,0.037735849,0.037735849,47.5,0.226415094339623,0.0188679245283018,0.150943396226415,0.037735849,0.660377358,0.0188679245283018,0.641509433962264,0.509433962264151,0.981132075471698,0.0,1.0,0.0,257.075471698113,0.660377358,0.132075471698113,0.226415094339623,0.0,0.056603774,0.169811320754717,0.320754716981132,0.584905660377359,0.0,0.0188679245283018,0.207547169811321,0.792452830188679,0.509433962264151,32.8076923076923,0.377358490566038,20.0,0.037735849,0.0188679245283018,0.0,0.943396226415094,Metaled,19.625,0.716981132075472,0.283018867924528,0.283018867924528,0.0,0.0188679245283018,0.0188679245283018,0.075471698,0.886792452830189,0.0,0.0,0.0,1.0,0.867924528301887,0.622641509433962,0.528301886792453,0.358490566037736,0.037735849,0.245283018867925,24.675,0.830188679245283,17.0,0.339622641509434,33.4571428571429,0.433962264150943,33.1333333333333,0.773584905660377,17.3333333333333,0.792452830188679,22.8181818181818,0.471698113207547,19.2857142857143,0.207547169811321,102.833333333333,0.188679245283019,45.5348837209302,0.113207547169811,32.6170212765957,0.188679245283019,114.93023255814,0.113207547169811,35.4255319148936,0.075471698,26.67346939,0.094339623,0.471698113207547,0.075471698,0.30188679245283,15.2972972972973,0.339622641509434,13.1714285714286,0.905660377358491,18.8,0.566037735849057,23.3913043478261,0.471698113207547,20.0714285714286,0.339622641509434,32.6857142857143,0.716981132075472,19.5333333333333,0.509433962264151,31.1538461538462,0.264150943396226,25.4358974358974,0.433962264150943,27.1333333333333,0.207547169811321,26.6428571428571,0.509433962264151,18.5769230769231,0.207547169811321,24.6428571428571,0.264150943396226
HUNZA DISTRICT,GILGIT BALTISTAN,GILGIT DIVISION,2,132,46,0.355555555555556,0.422222222222222,0.222222222222222,0.0,0.911111111111111,0.0222222222222222,0.066666667,0.0,0.0,0.488888888888889,0.111111111111111,0.111111111111111,0.0,0.422222222222222,0.0444444444444444,0.711111111111111,0.0444444444444444,0.977777777777778,0.0222222222222222,1.0,0.0,2955.13333333333,0.355555555555556,0.0,0.066666667,0.0,0.0,0.0,0.0,0.733333333333333,0.0,0.0444444444444444,0.0,1.0,0.311111111111111,17.7741935483871,0.088888889,15.7804878048781,0.0444444444444444,0.0,0.0,0.955555555555556,Unmetalled,16.8518518518519,0.822222222222222,0.177777777777778,0.177777777777778,0.0,0.0,0.0222222222222222,0.0222222222222222,0.955555555555556,0.066666667,0.066666667,0.0222222222222222,0.844444444444444,0.577777777777778,0.844444444444444,0.444444444444444,0.244444444444444,0.133333333333333,0.2,46.4722222222222,0.8,24.6666666666667,0.355555555555556,26.3103448275862,0.377777777777778,29.4642857142857,0.666666666666667,21.7333333333333,0.8,10.0,0.266666666666667,18.7272727272727,0.222222222222222,131.457142857143,0.266666666666667,113.121212121212,0.088888889,372.268292682927,0.111111111111111,227.1,0.111111111111111,33.775,0.0444444444444444,17.5813953488372,0.088888889,0.444444444444444,0.444444444444444,0.222222222222222,9.65714285714286,0.111111111111111,16.675,0.511111111111111,16.1363636363636,0.422222222222222,11.3461538461538,0.311111111111111,8.93548387096774,0.333333333333333,17.6333333333333,0.511111111111111,9.27272727272727,0.466666666666667,12.0833333333333,0.244444444444444,9.64705882352941,0.355555555555556,39.65517241,0.2,34.0833333333333,0.2,7.55555555555556,0.133333333333333,16.3846153846154,0.0
KHARMANG DISTRICT,GILGIT BALTISTAN,BALTISTAN DIVISION,1,236,42,0.0,1.0,0.0,0.0,1.0,0.0,0.0,0.0,0.0,0.0,0.0,0.0,0.0,1.0,0.0,0.0,0.0,1.0,0.0,1.0,0.0,695.071428571429,0.878048780487805,0.0,0.0,0.0,0.0,0.0,0.0,0.414634146341463,0.0,0.024390243902439,1.0,0.0,0.048780488,91.2564102564103,0.024390243902439,44.1,0.024390243902439,0.0,0.0,0.975609756,Unmetalled,9.68181818181818,1.0,0.0,0.0,0.0,0.0,0.0,0.0,1.0,0.0,0.0,0.0,1.0,0.51219512195122,0.24390243902439,0.487804878048781,0.073170732,0.024390243902439,0.292682926829268,17.2758620689655,0.51219512195122,11.55,0.268292682926829,25.1666666666667,0.292682926829268,31.8965517241379,0.487804878048781,11.2380952380952,0.975609756,2.0,0.536585365853659,10.8947368421053,0.048780488,133.0,0.024390243902439,90.5,0.024390243902439,92.475,0.487804878048781,21.7619047619048,0.0,91.8536585365854,0.024390243902439,51.85,0.0,0.048780488,0.024390243902439,0.268292682926829,7.26666666666667,0.073170732,13.2631578947368,0.487804878048781,72.4285714285714,0.390243902439024,21.72,0.463414634146342,13.5909090909091,0.146341463414634,47.5142857142857,0.829268292682927,5.71428571428571,0.219512195121951,19.15625,0.170731707317073,27.2352941176471,0.463414634146342,43.1363636363636,0.097560976,49.4594594594595,0.292682926829268,9.58620689655172,0.0,77.4146341463415,0.0
SHIGAR DISTRICT,GILGIT BALTISTAN,BALTISTAN DIVISION,1,208,57,0.0,1.0,0.0,0.0,0.771929824561404,0.12280701754386,0.070175439,0.035087719,78.0,0.035087719,0.0,0.0,0.0,0.964912280701754,0.0,0.0,0.0,1.0,0.0,1.0,0.0,131.228070175439,0.701754385964912,0.035087719,0.0175438596491228,0.0,0.0,0.12280701754386,0.140350877192982,0.596491228070175,0.0,0.0175438596491228,0.0175438596491228,0.982456140350877,0.035087719,53.4909090909091,0.087719298,64.0,0.0,0.0,0.0,1.0,Unmetalled,37.1162790697674,1.0,0.0,0.0,0.0,0.0,0.0,0.0,1.0,0.0,0.0,0.0,1.0,0.964912280701754,0.789473684210526,0.035087719,0.12280701754386,0.0175438596491228,0.210526315789474,39.6444444444444,0.719298245614035,10.5,0.087719298,45.5961538461539,0.105263157894737,48.8627450980392,0.578947368421053,35.8333333333333,0.859649122807018,7.25,0.210526315789474,48.8666666666667,0.0,78.4736842105263,0.0,66.6491228070176,0.035087719,68.2363636363636,0.0,75.8421052631579,0.052631579,58.5555555555556,0.0175438596491228,46.8928571428571,0.0,0.140350877192982,0.140350877192982,0.175438596491228,10.3404255319149,0.087719298,13.7115384615385,0.210526315789474,31.4888888888889,0.228070175438596,50.6818181818182,0.052631579,39.6666666666667,0.175438596491228,38.23404255319151,0.315789473684211,19.3589743589744,0.087719298,45.5576923076923,0.0175438596491228,51.1964285714286,0.245614035087719,37.3953488372093,0.0175438596491228,63.3035714285714,0.140350877192982,25.9387755102041,0.035087719,50.4909090909091,0.087719298
BHIMBER DISTRICT,AZAD JAMMU AND KASHMIR,MIRPUR DIVISION,3,1219,210,0.466666666666667,0.005128205,0.528205128205128,0.0,0.98974358974359,0.005128205,0.0,0.005128205,7.0,0.656410256410256,0.0205128205128205,0.415384615384615,0.051282051,0.261538461538462,0.0205128205128205,0.743589743589744,0.0461538461538461,0.984615384615385,0.005128205,0.979487179487179,64.25,177.830769230769,0.112820512820513,0.984615384615385,0.0153846153846153,0.0,0.0205128205128205,0.230769230769231,0.0102564102564102,0.061538462,0.025641026,0.0,0.005128205,0.994871794871795,0.235897435897436,25.6778523489933,0.251282051282051,6.86301369863014,0.369230769230769,0.220512820512821,0.076923077,0.333333333333333,Metaled,2.58823529411765,0.943589743589744,0.056410256,0.030769231,0.025641026,0.025641026,0.153846153846154,0.225641025641026,0.594871794871795,0.0153846153846153,0.0358974358974358,0.0358974358974358,0.912820512820513,0.538461538461538,0.938461538461538,0.358974359,0.379487179487179,0.0102564102564102,0.097435897,8.65909090909091,0.897435897435898,11.4,0.241025641025641,11.5878378378378,0.317948717948718,11.4511278195489,0.912820512820513,14.0588235294118,0.784615384615385,4.66666666666667,0.158974358974359,7.04878048780488,0.0153846153846153,38.34895833333329,0.0358974358974358,20.0,0.0,47.4615384615385,0.005128205,41.2371134020619,0.056410256,13.0815217391304,0.133333333333333,8.56213017751479,0.215384615384615,0.005128205,0.0,0.21025641025641,5.850649351,0.0461538461538461,10.1129032258065,0.102564102564103,24.4571428571429,0.297435897435897,5.48175182481752,0.2,6.41025641025641,0.087179487,14.9494382022472,0.251282051282051,6.43150684931507,0.21025641025641,12.9220779220779,0.087179487,12.3539325842697,0.476923076923077,7.50980392156863,0.133333333333333,10.0236686390533,0.225641025641026,5.11920529801325,0.18974358974359,8.13291139240506,0.523076923076923
KOTLI DISTRICT,AZAD JAMMU AND KASHMIR,MIRPUR DIVISION,6,1292,227,0.461538461538462,0.0,0.538461538461538,0.0,0.995726495726496,0.004273504,0.0,0.0,0.0,0.012820513,0.0,0.495726495726496,0.329059829059829,0.35042735042735,0.008547009,0.730769230769231,0.051282051,0.982905982905983,0.004273504,0.995726495726496,1.0,140.491453,0.081196581,0.829059829059829,0.0,0.0,0.012820513,0.670940170940171,0.0,0.636752136752137,0.0213675213675213,0.008547009,0.0427350427350427,0.957264957264957,0.286324786324786,69.3293413173653,0.183760683760684,6.75916230366492,0.085470085,0.068376068,0.008547009,0.837606837606838,Metaled,3.8,0.927350427350427,0.072649573,0.0427350427350427,0.0299145299145299,0.0299145299145299,0.025641026,0.068376068,0.876068376068376,0.0,0.017094017094017,0.034188034,0.948717948717949,0.705128205128205,0.987179487179487,0.581196581196581,0.431623931623932,0.0,0.175213675213675,10.2227979274611,0.978632478632479,56.6,0.329059829059829,10.1974522292994,0.397435897435897,22.531914893617,0.978632478632479,8.6,0.948717948717949,9.0,0.401709401709402,5.56428571428571,0.008547009,132.202586206897,0.004273504,131.974248927039,0.0,142.602564102564,0.004273504,139.557939914163,0.102564102564103,19.8904761904762,0.196581196581197,9.31914893617021,0.247863247863248,0.004273504,0.047008547,0.235042735042735,6.18994413407821,0.076923077,8.8287037037037,0.35042735042735,33.2434210526316,0.260683760683761,5.49132947976879,0.192307692307692,7.1957671957672,0.098290598,15.1042654028436,0.316239316239316,5.98125,0.136752136752137,8.36633663366337,0.123931623931624,9.219512195,0.264957264957265,8.552325581,0.094017094,9.39150943396226,0.217948717948718,6.50273224043716,0.183760683760684,7.565445026,0.487179487179487
MIRPUR DISTRICT,AZAD JAMMU AND KASHMIR,MIRPUR DIVISION,2,897,244,0.781512605042017,0.021008403,0.19327731092437,0.004201681,0.970588235294118,0.016806723,0.004201681,0.008403361,10.0,0.0294117647058823,0.033613445,0.588235294117647,0.050420168,0.357142857142857,0.042016807,0.907563025,0.075630252,0.88655462184874,0.004201681,0.995798319327731,1.0,168.235294117647,0.218487394957983,0.903361344537815,0.033613445,0.0,0.0,0.315126050420168,0.0,0.0,0.0,0.0,0.004201681,0.995798319327731,0.121848739495798,22.1244019138756,0.147058823529412,5.21182266009852,0.441176470588235,0.390756302521008,0.088235294,0.079831933,Metaled,3.2,0.878151260504202,0.121848739495798,0.088235294,0.033613445,0.088235294,0.348739495798319,0.218487394957983,0.34453781512605,0.084033613,0.15546218487395,0.226890756,0.533613445378151,0.42436974789916,0.983193277310924,0.668067226890756,0.529411764705882,0.008403361,0.134453781512605,7.06796116504854,0.987394957983193,10.3333333333333,0.445378151260504,7.8030303030303,0.516806722689076,7.43478260869565,0.953781512605042,5.36363636363636,0.521008403361345,3.76315789473684,0.357142857142857,5.50326797385621,0.0126050420168067,46.0170212765957,0.021008403,36.9914163090129,0.0126050420168067,42.6553191489362,0.0126050420168067,47.8723404255319,0.0588235294117647,17.8482142857143,0.226890756,5.04347826086957,0.15546218487395,0.0,0.004201681,0.138655462184874,4.58048780487805,0.06302521,7.01793721973094,0.672268907563025,7.75641025641026,0.226890756,4.61413043478261,0.15546218487395,5.52238805970149,0.113445378151261,7.55924170616114,0.19327731092437,5.45833333333333,0.117647058823529,5.97142857142857,0.075630252,6.73636363636364,0.222689075630252,5.95675675675676,0.121848739495798,6.98086124401914,0.142857142857143,4.45588235294118,0.163865546218487,5.33165829145729,0.457983193277311
HATTIAN BALA DISTRICT,AZAD JAMMU AND KASHMIR,MUZAFARABAD DIVISION,3,535,165,0.097560976,0.140243902439024,0.75,0.0121951219512195,0.98780487804878,0.006097561,0.0,0.006097561,1.0,0.006097561,0.0,0.024390243902439,0.103658536585366,0.871951219512195,0.0121951219512195,0.06097561,0.030487805,0.981707317073171,0.0121951219512195,0.99390243902439,50.0,207.164634146341,0.048780488,0.006097561,0.006097561,0.0,0.0,0.0,0.0121951219512195,0.963414634146341,0.006097561,0.0,0.006097561,0.99390243902439,0.006097561,63.3496932515337,0.0548780487804878,19.058064516129,0.006097561,0.030487805,0.0121951219512195,0.951219512195122,Metaled,5.78571428571429,0.975609756,0.024390243902439,0.0121951219512195,0.0121951219512195,0.006097561,0.0182926829268292,0.006097561,0.969512195121951,0.0,0.0365853658536585,0.006097561,0.957317073170732,0.865853658536585,0.926829268,0.073170732,0.048780488,0.0,0.109756097560976,9.44520547945206,0.786585365853659,8.8,0.140243902439024,14.5886524822695,0.115853658536585,23.048275862069,0.591463414634146,12.3731343283582,0.798780487804878,6.272727272727271,0.182926829268293,7.11940298507463,0.073170732,111.868421052632,0.048780488,94.2179487179487,0.0,176.262195121951,0.0121951219512195,75.8888888888889,0.006097561,72.7423312883436,0.0182926829268292,19.3788819875776,0.298780487804878,0.109756097560976,0.286585365853659,0.048780488,7.74358974358974,0.030487805,8.62893081761006,0.0182926829268292,156.565217391304,0.134146341463415,7.01408450704225,0.073170732,10.8552631578947,0.06097561,23.3376623376623,0.170731707317073,7.64705882352941,0.115853658536585,9.79310344827586,0.0365853658536585,17.0822784810127,0.128048780487805,15.7622377622378,0.030487805,22.2641509433962,0.085365854,7.35333333333333,0.073170732,14.7763157894737,0.079268293
MUZAFFARABAD DISTRICT,AZAD JAMMU AND KASHMIR,MUZAFARABAD DIVISION,2,1760,400,0.454326923076923,0.0216346153846153,0.512019230769231,0.012019231,0.95421686746988,0.026506024,0.0144578313253012,0.004819277,11.0,0.084134615,0.004807692,0.072115385,0.0,0.870192307692308,0.009638554,0.448192771084337,0.028915663,0.951807228915663,0.009638554,0.997596153846154,1.0,175.831730769231,0.490384615384615,0.016826923076923,0.0360576923076923,0.002403846,0.004807692,0.0552884615384615,0.0144230769230769,0.894230769230769,0.002403846,0.004807692,0.036144578,0.963855422,0.137019230769231,24.4679665738162,0.072115385,13.7150259067358,0.086746988,0.009638554,0.009638554,0.893975903614458,Metaled,4.26136363636364,0.896634615384615,0.103365384615385,0.045673077,0.0576923076923076,0.0144230769230769,0.043269231,0.043269231,0.899038461538462,0.016826923076923,0.0408653846153846,0.0216346153846153,0.920673076923077,0.625,0.949519230769231,0.216346153846154,0.259615384615385,0.009615385,0.100961538461538,15.668449197861,0.96875,14.0,0.122596153846154,18.3808219178082,0.223557692307692,16.922600619195,0.867788461538462,11.9454545454545,0.814903846153846,10.3116883116883,0.266826923076923,9.57704918032787,0.0360576923076923,66.927680798005,0.045673077,27.4080604534005,0.0288461538461538,73.0792079207921,0.0288461538461538,62.3663366336634,0.03125,24.9404466501241,0.043269231,17.8768844221106,0.0552884615384615,0.0552884615384615,0.103365384615385,0.079326923,9.603133159,0.060096154,10.613810741688,0.189903846153846,40.5311572700297,0.151442307692308,9.218130312,0.129807692307692,9.69613259668508,0.0528846153846153,14.7918781725888,0.141826923076923,10.8991596638655,0.125,11.1428571428571,0.079326923,12.6710182767624,0.1875,12.0798816568047,0.081730769,14.0471204188482,0.117788461538462,9.44959128065395,0.122596153846154,11.9178082191781,0.228365384615385
NEELUM DISTRICT,AZAD JAMMU AND KASHMIR,MUZAFARABAD DIVISION,2,369,88,0.0,0.693181818181818,0.306818181818182,0.0,0.761363636363636,0.079545455,0.0454545454545454,0.113636363636364,7.4,0.0113636363636363,0.0,0.0,0.079545455,0.909090909090909,0.0,0.0,0.0,1.0,0.0,1.0,0.0,63.2386363636364,0.147727272727273,0.0,0.0113636363636363,0.0,0.0,0.034090909,0.0,0.965909090909091,0.0,0.0,0.034090909,0.965909090909091,0.0227272727272727,156.174418604651,0.090909091,27.6,0.0113636363636363,0.0,0.0,0.988636363636364,Unmetalled,16.468085106383,0.977272727272727,0.0227272727272727,0.0227272727272727,0.0,0.0,0.0,0.0,1.0,0.0,0.0,0.0,1.0,0.965909090909091,0.715909090909091,0.090909091,0.147727272727273,0.0,0.227272727272727,16.2352941176471,0.647727272727273,5.16129032258065,0.170454545454545,21.7123287671233,0.136363636363636,16.3552631578947,0.636363636363636,5.3125,0.829545454545455,58.0666666666667,0.340909090909091,3.98275862068966,0.0113636363636363,104.172413793103,0.0227272727272727,112.744186046512,0.0568181818181818,128.277108433735,0.0,155.977272727273,0.0,100.125,0.0454545454545454,65.6547619,0.0113636363636363,0.0,0.0,0.227272727272727,4.57352941176471,0.068181818,7.07317073170732,0.125,188.545454545455,0.272727272727273,5.296875,0.193181818181818,15.9295774647887,0.0227272727272727,73.41860465,0.340909090909091,9.29310344827586,0.193181818181818,13.3661971830986,0.079545455,16.7283950617284,0.443181818181818,23.2244897959184,0.0454545454545454,51.1190476190476,0.159090909090909,8.86486486486487,0.079545455,33.4567901234568,0.306818181818182
BAGH DISTRICT,AZAD JAMMU AND KASHMIR,RAWALAKOT DIVISION,3,739,140,0.378571428571429,0.028571429,0.592857142857143,0.0,0.942857142857143,0.035714286,0.007142857,0.0142857142857142,22.0,0.15,0.021428571,0.178571428571429,0.0,0.757142857142857,0.007142857,0.678571428571429,0.385714285714286,1.0,0.221428571428571,1.0,0.0,156.0,0.264285714285714,0.007142857,0.0,0.0,0.007142857,0.307142857142857,0.0,0.792857142857143,0.0142857142857142,0.007142857,0.007142857,0.992857142857143,0.4,35.8452380952381,0.128571428571429,12.7950819672131,0.121428571428571,0.0,0.028571429,0.85,Metaled,6.72727272727273,0.914285714285714,0.085714286,0.028571429,0.057142857,0.007142857,0.042857143,0.214285714285714,0.735714285714286,0.0,0.05,0.121428571428571,0.828571428571429,0.814285714285714,0.928571428571429,0.064285714,0.45,0.007142857,0.092857143,15.6220472440945,0.985714285714286,6.0,0.171428571428571,24.25,0.078571429,19.4961240310078,0.9,14.2142857142857,0.928571428571429,9.5,0.421428571428571,5.7037037037037,0.128571428571429,84.655737704918,0.092857143,79.6771653543307,0.007142857,119.208633093525,0.05,62.0751879699248,0.035714286,59.3703703703704,0.078571429,11.6666666666667,0.192857142857143,0.0,0.007142857,0.192857142857143,6.80530973451327,0.107142857142857,8.336,0.228571428571429,75.6296296296296,0.242857142857143,6.57547169811321,0.25,7.657142857142861,0.114285714285714,11.7741935483871,0.164285714285714,8.05128205128205,0.192857142857143,9.42477876106195,0.121428571428571,8.88617886178862,0.235714285714286,13.3551401869159,0.114285714285714,9.81451612903226,0.171428571428571,8.23275862068966,0.164285714285714,10.6324786324786,0.421428571428571
HAVELI DISTRICT,AZAD JAMMU AND KASHMIR,RAWALAKOT DIVISION,3,689,90,0.021978022,0.021978022,0.945054945,0.010989011,0.516483516483517,0.318681318681319,0.153846153846154,0.010989011,6.0,0.351648351648352,0.0,0.0,0.186813186813187,0.461538461538462,0.010989011,0.021978022,0.0,1.0,0.0,1.0,0.0,139.450549450549,0.450549450549451,0.0,0.0,0.0,0.0,0.010989011,0.0,0.934065934065934,0.0,0.010989011,0.318681318681319,0.681318681318681,0.043956044,18.632183908046,0.065934066,13.3058823529412,0.010989011,0.010989011,0.010989011,0.967032967,Metaled,5.952380952380951,0.912087912087912,0.087912088,0.021978022,0.065934066,0.0,0.010989011,0.021978022,0.967032967,0.0,0.0,0.010989011,0.989010989,0.868131868131868,0.934065934065934,0.021978022,0.208791208791209,0.0,0.087912088,13.433734939759,0.967032967,13.0,0.021978022,15.752808988764,0.021978022,15.7752808988764,0.945054945,12.2,0.934065934065934,4.66666666666667,0.241758241758242,9.20289855072464,0.098901099,10.7926829268293,0.098901099,88.8536585365854,0.0549450549450549,116.232558139535,0.076923077,106.488095238095,0.043956044,72.0114942528736,0.021978022,21.4494382022472,0.010989011,0.0,0.0,0.076923077,6.78571428571429,0.0549450549450549,6.69767441860465,0.516483516483517,15.5909090909091,0.164835164835165,5.76315789473684,0.120879120879121,10.0625,0.032967033,47.8068181818182,0.274725274725275,6.66666666666667,0.076923077,13.8214285714286,0.021978022,18.2359550561798,0.571428571428571,9.2051282051282,0.010989011,17.4,0.0549450549450549,6.73255813953488,0.032967033,11.7613636363636,0.076923077
POONCH DISTRICT,AZAD JAMMU AND KASHMIR,RAWALAKOT DIVISION,4,912,134,0.389705882352941,0.0,0.610294117647059,0.0,1.0,0.0,0.0,0.0,0.0,0.0294117647058823,0.007352941,0.426470588235294,0.0,0.573529411764706,0.0,0.882352941176471,0.183823529411765,0.977941176470588,0.080882353,1.0,0.0,216.10294117647,0.257352941176471,0.213235294117647,0.007352941,0.0,0.0147058823529411,0.485294117647059,0.0,0.919117647058824,0.0,0.0,0.0,1.0,0.272058823529412,14.2424242424242,0.198529411764706,8.48623853211009,0.095588235,0.007352941,0.0294117647058823,0.867647058823529,Metaled,2.54545454545455,0.933823529411765,0.066176471,0.036764706,0.0294117647058823,0.007352941,0.0147058823529411,0.007352941,0.970588235294118,0.0,0.007352941,0.0220588235294117,0.970588235294118,0.977941176470588,1.0,0.558823529411765,0.705882352941177,0.0,0.139705882352941,8.71794871794872,0.897058823529412,9.0,0.205882352941176,9.12962963,0.433823529411765,10.2597402597403,0.845588235294118,7.57142857142857,0.948529411764706,6.57142857142857,0.529411764705882,8.75,0.0294117647058823,58.1666666666667,0.0588235294117647,54.8515625,0.0147058823529411,128.238805970149,0.0294117647058823,70.8939393939394,0.044117647,29.7153846153846,0.095588235,8.39837398373984,0.301470588235294,0.0220588235294117,0.0294117647058823,0.227941176470588,7.32380952380952,0.102941176470588,8.483606557,0.433823529411765,9.45454545454546,0.198529411764706,7.5045871559633,0.139705882352941,9.41025641,0.095588235,11.3170731707317,0.330882352941176,7.76923076923077,0.110294117647059,9.41322314049587,0.088235294,9.782258065,0.183823529411765,9.720720721,0.073529412,9.91269841269841,0.176470588235294,8.52678571428571,0.088235294,10.1209677419355,0.198529411764706
SUDHNOTI DISTRICT,AZAD JAMMU AND KASHMIR,RAWALAKOT DIVISION,4,380,61,0.0,0.0,1.0,0.0,1.0,0.0,0.0,0.0,0.0,0.0,0.0,0.016393443,0.0,0.983606557377049,0.0,0.360655737704918,0.0,1.0,0.0,1.0,0.0,184.426229508197,0.0,0.360655737704918,0.0,0.0,0.0,0.426229508196721,0.0,0.786885245901639,0.0,0.0,0.098360656,0.901639344262295,0.114754098360656,67.4814814814815,0.245901639344262,11.2826086956522,0.016393443,0.0,0.0,0.983606557377049,Metaled,2.5,1.0,0.0,0.0,0.0,0.0,0.0,0.016393443,0.983606557377049,0.0,0.0,0.0,1.0,0.754098360655738,1.0,0.114754098360656,0.39344262295082,0.0,0.049180328,62.9310344827586,1.0,0.0,0.19672131147541,17.1428571428571,0.229508196721311,22.0425531914894,0.983606557377049,3.0,0.950819672131148,1.66666666666667,0.688524590163934,7.36842105263158,0.06557377,113.929824561404,0.049180328,112.793103448276,0.016393443,122.7,0.0,121.868852459016,0.0,84.5245901639344,0.131147540983607,11.9622641509434,0.081967213,0.016393443,0.0,0.327868852459016,9.85365853658537,0.180327868852459,10.06,0.360655737704918,73.1025641,0.409836065573771,20.3055555555556,0.327868852459016,17.7073170731707,0.163934426229508,52.9411764705882,0.508196721311475,8.0,0.163934426229508,17.0588235294118,0.180327868852459,13.2,0.180327868852459,42.7,0.213114754098361,14.25,0.278688524590164,9.5,0.229508196721311,11.2553191489362,0.622950819672131
MALIR DISTRICT,SINDH,KARACHI DIVISION,5,568,53,0.0188679245283018,0.0188679245283018,0.943396226415094,0.0188679245283018,0.188679245283019,0.339622641509434,0.207547169811321,0.264150943396226,35.2857142857143,0.377358490566038,0.0,0.641509433962264,0.0,0.264150943396226,0.369565217391304,0.326086956521739,0.608695652173913,0.956521739130435,0.304347826086957,0.811320754716981,4.1,390.943396226415,0.39622641509434,0.415094339622642,0.150943396226415,0.377358490566038,0.0188679245283018,0.716981132075472,0.0,0.0,0.0,0.0,0.377358490566038,0.622641509433962,0.188679245283019,30.60465116,0.471698113207547,34.5357142857143,0.490566037735849,0.0188679245283018,0.0,0.490566037735849,Metaled,13.1666666666667,0.433962264150943,0.566037735849057,0.547169811320755,0.0188679245283018,0.0,0.245283018867925,0.30188679245283,0.452830188679245,0.0,0.283018867924528,0.30188679245283,0.415094339622642,0.60377358490566,0.60377358490566,0.226415094339623,0.60377358490566,0.283018867924528,0.377358490566038,32.7878787878788,0.69811320754717,22.0,0.264150943396226,34.1794871794872,0.264150943396226,32.4871794871795,0.69811320754717,24.5,0.584905660377359,44.0,0.30188679245283,30.8378378378378,0.169811320754717,31.0454545454545,0.452830188679245,48.0689655172414,0.113207547169811,28.3829787234043,0.150943396226415,30.9555555555556,0.377358490566038,31.8484848484848,0.226415094339623,30.9024390243902,0.245283018867925,0.0,0.0188679245283018,0.226415094339623,30.390243902439,0.30188679245283,29.7567567567568,0.283018867924528,30.6578947368421,0.415094339622642,33.5483870967742,0.433962264150943,23.4333333333333,0.283018867924528,29.9473684210526,0.358490566037736,34.0588235294118,0.433962264150943,31.1333333333333,0.207547169811321,30.5952380952381,0.264150943396226,31.8717948717949,0.471698113207547,31.2142857142857,0.132075471698113,30.5869565217391,0.30188679245283,29.7027027,0.169811320754717
KARACHI WEST DISTRICT,SINDH,KARACHI DIVISION,2,97,13,0.384615384615385,0.0,0.615384615384615,0.0,0.230769230769231,0.153846153846154,0.461538461538462,0.153846153846154,11.0,0.307692307692308,0.076923077,0.307692307692308,0.0,0.615384615384615,0.307692307692308,0.307692307692308,0.076923077,0.692307692307692,0.0,0.384615384615385,23.125,100.769230769231,0.0,0.076923077,0.384615384615385,0.0,0.0,0.307692307692308,0.0,0.0,0.0,0.615384615384615,0.538461538461538,0.461538461538462,0.153846153846154,14.5454545454545,0.384615384615385,16.375,0.230769230769231,0.0,0.0,0.769230769230769,Metaled,6.0,0.538461538461538,0.461538461538462,0.307692307692308,0.153846153846154,0.0,0.076923077,0.153846153846154,0.769230769230769,0.0,0.076923077,0.153846153846154,0.769230769230769,0.538461538461538,0.769230769230769,0.307692307692308,0.923076923076923,0.0,0.153846153846154,15.5454545454545,0.538461538461538,15.1666666666667,0.153846153846154,17.8181818181818,0.230769230769231,18.1,0.538461538461538,16.3333333333333,0.538461538461538,12.6666666666667,0.230769230769231,30.0,0.230769230769231,15.2,0.230769230769231,14.8,0.153846153846154,15.1818181818182,0.076923077,16.9166666666667,0.230769230769231,17.1,0.153846153846154,17.0909090909091,0.153846153846154,0.0,0.0,0.153846153846154,15.7272727272727,0.230769230769231,13.8,0.153846153846154,15.4545454545455,0.153846153846154,15.0909090909091,0.307692307692308,17.3333333333333,0.230769230769231,16.6,0.230769230769231,16.1,0.153846153846154,15.0909090909091,0.230769230769231,16.1,0.153846153846154,15.5454545454545,0.384615384615385,17.625,0.076923077,14.5833333333333,0.153846153846154,15.3636363636364,0.461538461538462
LAHORE DISTRICT,PUNJAB,LAHORE DIVISION,5,873,363,0.914529914529914,0.0,0.076923077,0.008547009,0.934472934472934,0.048433048,0.0113960113960113,0.005698006,5.5,0.282051282051282,0.017094017094017,0.213675213675214,0.0398860398860398,0.598290598290598,0.742774566473988,0.401734104046243,0.19364161849711,0.601156069364162,0.144508670520231,0.877492877492878,3.30232558139535,186.644628099174,0.267806267806268,0.831908831908832,0.532763532763533,0.0199430199430199,0.102564102564103,0.0,0.0142450142450142,0.0,0.005698006,0.008547009,0.008547009,0.991452991452992,0.356125356125356,6.15044247787611,0.452991453,4.60416666666667,0.552706552706553,0.316239316239316,0.094017094,0.037037037037037,Metaled,2.26666666666667,0.361823361823362,0.638176638176638,0.52991452991453,0.108262108262108,0.361823361823362,0.282051282051282,0.185185185185185,0.170940170940171,0.287749287749288,0.17948717948718,0.156695156695157,0.376068376068376,0.564102564102564,0.937321937321937,0.823361823361823,0.62962962962963,0.002849003,0.481481481481481,6.04945054945055,0.891737891737892,4.65789473684211,0.555555555555556,6.52564102564103,0.675213675213675,6.36842105263158,0.88034188034188,5.04761904761905,0.618233618233618,4.79850746268657,0.341880341880342,6.16017316,0.0427350427350427,10.2916666666667,0.056980057,11.6102719033233,0.074074074,10.5815384615385,0.0398860398860398,9.703264095,0.156695156695157,7.05405405405405,0.321937321937322,5.85714285714286,0.492877492877493,0.082621083,0.0997151,0.239316239316239,5.74531835205993,0.270655270655271,5.05078125,0.341880341880342,6.14718614718615,0.319088319088319,5.13807531380753,0.287749287749288,4.74,0.273504273504274,5.89019607843137,0.336182336182336,5.52789699570815,0.358974359,5.37333333333333,0.290598290598291,5.65863453815261,0.376068376068376,6.14611872146119,0.413105413105413,5.40291262135922,0.131054131054131,5.97377049180328,0.267806267806268,5.34241245136187,0.353276353276353
SOHBATPUR DISTRICT,BALOCHISTAN,NASIRABAD DIVISION,6,312,46,0.0,0.086956522,0.847826086956522,0.065217391,0.0,0.782608696,0.217391304347826,0.0,0.0,0.978260869565217,0.0,0.0,0.0217391304347826,0.0217391304347826,0.130434782608696,0.0217391304347826,0.0,1.0,0.0434782608695652,0.41304347826087,11.0740740740741,55.4782608695652,0.108695652173913,0.5,0.0217391304347826,0.130434782608696,0.217391304347826,0.086956522,0.0217391304347826,0.195652173913044,0.326086956521739,0.0434782608695652,0.065217391,0.934782608695652,0.0217391304347826,31.0888888888889,0.260869565217391,9.94117647058824,0.0,0.065217391,0.0217391304347826,0.91304347826087,Metaled,10.875,0.934782608695652,0.065217391,0.0217391304347826,0.0434782608695652,0.0,0.0217391304347826,0.0,0.978260869565217,0.0,0.0217391304347826,0.0,0.978260869565217,0.673913043478261,1.0,0.0,0.0217391304347826,0.0,0.0217391304347826,17.0888888888889,0.956521739130435,11.0,0.0217391304347826,18.1333333333333,0.0217391304347826,17.7555555555556,0.934782608695652,5.0,0.717391304,21.0769230769231,0.152173913043478,14.2820512820513,0.0,29.5217391304348,0.0,36.0869565217391,0.0,38.9565217391304,0.0,30.0,0.0217391304347826,20.6888888888889,0.0217391304347826,16.7333333333333,0.0,0.0,0.0,0.304347826086957,10.1875,0.847826086956522,3.85714285714286,0.521739130434783,19.6818181818182,0.347826086956522,12.6333333333333,0.347826086956522,12.3333333333333,0.0,27.1304347826087,0.434782608695652,9.730769231,0.282608695652174,14.6363636363636,0.108695652173913,18.0731707317073,0.369565217391304,16.6551724137931,0.0434782608695652,18.7954545454545,0.391304348,12.7142857142857,0.0217391304347826,20.6666666666667,0.0
NAUSHAHRO FEROZE DISTRICT,SINDH,SHAHEED BENAZIRABAD DIVISION,5,1191,230,0.060606061,0.121212121212121,0.813852813852814,0.004329004,0.502164502164502,0.285714285714286,0.168831168831169,0.043290043,13.4,0.978354978354978,0.004329004,0.294372294372294,0.008658009,0.0173160173160173,0.277056277056277,0.0303030303030303,0.073593074,0.978354978354978,0.060606061,0.930735930735931,3.25,69.7099567099567,0.0129870129870129,0.995670995670996,0.069264069,0.077922078,0.0476190476190476,0.0216450216450216,0.038961039,0.0,0.008658009,0.0,0.038961039,0.961038961,0.0476190476190476,12.9272727272727,0.411255411255411,7.48529411764706,0.095238095,0.0129870129870129,0.194805194805195,0.696969697,Metaled,7.29787234042553,0.87012987012987,0.12987012987013,0.082251082,0.0476190476190476,0.0173160173160173,0.116883116883117,0.393939393939394,0.471861471861472,0.0129870129870129,0.043290043,0.194805194805195,0.748917748917749,0.796536796536797,0.917748917748918,0.316017316017316,0.562770562770563,0.0303030303030303,0.082251082,9.38207547169811,0.956709956709957,9.8,0.082251082,9.90094339622642,0.095238095,9.61722488038278,0.952380952380952,8.72727272727273,0.848484848484849,9.37142857142857,0.12987012987013,8.29850746268657,0.064935065,11.837962962963,0.082251082,10.7216981132075,0.043290043,12.5384615384615,0.121212121212121,9.21674876847291,0.116883116883117,9.02941176470588,0.069264069,9.04651162790698,0.978354978354978,0.051948052,0.692640692640693,0.199134199134199,7.81621621621622,0.277056277056277,6.25748503,0.069264069,9.7906976744186,0.220779220779221,8.55,0.142857142857143,8.02525252525253,0.060606061,10.5161290322581,0.268398268398268,7.75739644970414,0.151515151515152,9.00510204081633,0.125541125541126,8.65346534653465,0.298701298701299,8.38271604938272,0.19047619047619,8.22459893048128,0.112554112554113,9.51707317073171,0.220779220779221,9.27777777777778,0.584415584415584
NAGAR DISTRICT,GILGIT BALTISTAN,GILGIT DIVISION,1,160,39,0.564102564102564,0.025641026,0.358974359,0.051282051,0.794871794871795,0.051282051,0.102564102564103,0.051282051,4.0,0.153846153846154,0.0,0.256410256410256,0.025641026,0.717948718,0.0,0.717948718,0.230769230769231,1.0,0.0,0.923076923076923,16.0,1045.58974358974,0.846153846153846,0.0,0.025641026,0.0,0.0,0.384615384615385,0.051282051,0.282051282051282,0.025641026,0.0,0.025641026,0.974358974358975,0.512820512820513,17.6315789473684,0.076923077,17.0555555555556,0.025641026,0.0,0.0,0.974358974358975,Unmetalled,6.90909090909091,0.820512820512821,0.17948717948718,0.17948717948718,0.0,0.0,0.0,0.025641026,0.974358974358975,0.0,0.0,0.025641026,0.974358974358975,0.820512820512821,0.871794871794872,0.58974358974359,0.025641026,0.0,0.256410256410256,28.4137931034483,0.435897435897436,20.7272727272727,0.846153846153846,19.0,0.461538461538462,19.047619047619,0.461538461538462,21.9047619047619,1.0,0.0,0.58974358974359,41.9375,0.17948717948718,261.125,0.102564102564103,81.5428571428571,0.076923077,418.416666666667,0.076923077,457.777777777778,0.17948717948718,34.75,0.102564102564103,15.9428571428571,0.025641026,0.384615384615385,0.17948717948718,0.256410256410256,6.82758620689655,0.17948717948718,9.25,0.923076923076923,40.33333333333329,0.333333333333333,10.5,0.307692307692308,14.5555555555556,0.205128205128205,17.9032258064516,0.41025641025641,8.60869565217391,0.307692307692308,13.9259259259259,0.307692307692308,7.14814814814815,0.307692307692308,7.03703703703704,0.153846153846154,39.33333333333329,0.256410256410256,7.75862068965517,0.076923077,20.6388888888889,0.102564102564103
KOHISTAN DISTRICT,KHYBER PAKHTUNKHWA,HAZARA DIVISION,4,1258,476,0.0158415841584158,0.887128712871287,0.091089109,0.005940594,0.0198019801980198,0.0237623762376237,0.0475247524752475,0.908910891089109,46.9564270152506,0.336633663366337,0.001980198,0.564356435643564,0.081188119,0.128712871287129,0.003968254,0.0218253968253968,0.009920635,0.988095238095238,0.007936508,0.998019802,13.0,283.156435643564,0.067326733,0.0138613861386138,0.0,0.0,0.005940594,0.001980198,0.514851485148515,0.881188118811881,0.037623762,0.005940594,0.867326732673267,0.132673267326733,0.0158415841584158,96.682092555332,0.0158415841584158,42.0603621730382,0.0138613861386138,0.007920792,0.001980198,0.976237623762376,Unmetalled,27.04,0.996039604,0.003960396,0.003960396,0.0,0.0,0.003960396,0.00990099,0.986138613861386,0.0,0.001980198,0.007920792,0.99009900990099,0.792079207920792,0.263366336633663,0.003960396,0.0138613861386138,0.17029702970297,0.00990099,47.928,0.663366336633663,28.4823529411765,0.00990099,47.566,0.0118811881188118,63.3446893787575,0.582178217821782,35.3127962085308,0.295049504950495,29.5730337078652,0.0534653465346534,33.29079498,0.00990099,200.406,0.035643564,178.480492813142,0.001980198,255.847222222222,0.001980198,186.367063492064,0.007920792,94.87624750499,0.00990099,64.85,0.001980198,0.0,0.0,0.007920792,33.497005988024,0.0316831683168316,22.5807770961145,0.081188119,42.0883620689655,0.0475247524752475,22.9230769230769,0.0158415841584158,40.7062374245473,0.003960396,87.1789264413519,0.021782178,43.4736842105263,0.0118811881188118,34.4028056112225,0.0,71.8673267326733,0.0158415841584158,50.0201207243461,0.005940594,45.8426294820717,0.02970297,56.62040816,0.0118811881188118,53.3446893787575,0.005940594
LOWER KOHISTAN,KHYBER PAKHTUNKHWA,HAZARA DIVISION,2,2473,414,0.028235294,0.576470588235294,0.385882352941176,0.009411765,0.244705882352941,0.202352941176471,0.162352941176471,0.390588235294118,23.5722891566265,0.842352941176471,0.002352941,0.16,0.009411765,0.04,0.002358491,0.035377358,0.016509434,0.985849056603774,0.007075472,0.969411764705882,4.07692307692308,200.030588235294,0.192941176470588,0.0117647058823529,0.0,0.0,0.007058824,0.0211764705882352,0.141176470588235,0.771764705882353,0.0188235294117647,0.037647059,0.482352941176471,0.51764705882353,0.0211764705882352,69.0,0.007058824,36.1658767772512,0.002352941,0.014117647,0.014117647,0.969411764705882,Unmetalled,21.12,0.971764706,0.028235294,0.002352941,0.025882353,0.002352941,0.002352941,0.063529412,0.931764705882353,0.0,0.004705882,0.049411765,0.945882352941176,0.696470588235294,0.294117647058824,0.002352941,0.030588235,0.167058823529412,0.007058824,39.8886255924171,0.936470588235294,26.1481481481482,0.004705882,51.936170212766,0.007058824,43.8720379146919,0.922352941176471,25.5454545454545,0.174117647058824,20.0826210826211,0.016470588,30.53110048,0.049411765,111.522277227723,0.04,91.7303921568628,0.004705882,93.9881796690307,0.002352941,96.6933962264151,0.0,56.4423529411765,0.0,49.50352941,0.0,0.0,0.0,0.002352941,35.8419811320755,0.0188235294117647,32.6258992805755,0.477647058823529,28.1441441441441,0.028235294,18.6924939467312,0.016470588,34.9784688995215,0.014117647,38.3866348448687,0.014117647,30.3412887828162,0.0117647058823529,37.9428571428571,0.002352941,34.4952830188679,0.101176470588235,24.0052356020942,0.004705882,38.661938534279,0.007058824,33.0971563981043,0.016470588,33.1507177033493,0.0117647058823529
KOLAI PALAS KOHISTAN,KHYBER PAKHTUNKHWA,HAZARA DIVISION,2,1508,513,0.0,0.946886446886447,0.049450549,0.003663004,0.0275229357798165,0.0110091743119266,0.016513761,0.944954128,45.0893203883495,0.759633027522936,0.0,0.124770642201835,0.020183486,0.106422018348624,0.001834862,0.0,0.0,1.0,0.0,0.998168498168498,3.0,193.843065693431,0.0458715596330275,0.0,0.0,0.0,0.005504587,0.00733945,0.234862385321101,0.83302752293578,0.003669725,0.0,0.80952380952381,0.19047619047619,0.001834862,116.071691176471,0.001834862,50.9742647058824,0.001831502,0.0,0.0,0.998168498168498,Unmetalled,37.1069418386492,0.998168498168498,0.001831502,0.0,0.001831502,0.0,0.0,0.007326007,0.992673992673993,0.0,0.0,0.005494505,0.994505494505494,0.81651376146789,0.0128440366972477,0.0,0.001834862,0.176146788990826,0.003669725,56.475138121547,0.921100917431193,39.093023255814,0.0110091743119266,60.847866419295,0.009174312,80.5518518518519,0.855045871559633,36.7721518987342,0.100917431192661,33.1816326530612,0.0110091743119266,46.3302411873841,0.03853211,149.971374045802,0.003669725,150.445672191529,0.001834862,154.391544117647,0.001834862,145.512867647059,0.0,113.844036697248,0.001834862,65.8180147058824,0.0,0.0,0.0,0.00733945,42.3234750462107,0.0146788990825688,37.679702048417106,0.48256880733945,41.0957446808511,0.0275229357798165,22.1849056603774,0.005504587,48.6918819188192,0.0,74.897247706422,0.0110091743119266,37.0760667903525,0.003669725,41.4659300184162,0.003669725,52.45488029,0.0256880733944954,42.2448210922787,0.00733945,44.5878003696858,0.009174312,49.8759259259259,0.001834862,47.09375,0.009174312
